-- MySQL dump 10.13  Distrib 8.0.35, for Win64 (x86_64)
--
-- Host: localhost    Database: 3sixtyshowsappdb
-- ------------------------------------------------------
-- Server version	8.0.35

/*!40101 SET @OLD_CHARACTER_SET_CLIENT=@@CHARACTER_SET_CLIENT */;
/*!40101 SET @OLD_CHARACTER_SET_RESULTS=@@CHARACTER_SET_RESULTS */;
/*!40101 SET @OLD_COLLATION_CONNECTION=@@COLLATION_CONNECTION */;
/*!50503 SET NAMES utf8mb4 */;
/*!40103 SET @OLD_TIME_ZONE=@@TIME_ZONE */;
/*!40103 SET TIME_ZONE='+00:00' */;
/*!40014 SET @OLD_UNIQUE_CHECKS=@@UNIQUE_CHECKS, UNIQUE_CHECKS=0 */;
/*!40014 SET @OLD_FOREIGN_KEY_CHECKS=@@FOREIGN_KEY_CHECKS, FOREIGN_KEY_CHECKS=0 */;
/*!40101 SET @OLD_SQL_MODE=@@SQL_MODE, SQL_MODE='NO_AUTO_VALUE_ON_ZERO' */;
/*!40111 SET @OLD_SQL_NOTES=@@SQL_NOTES, SQL_NOTES=0 */;

--
-- Table structure for table `booking_items`
--

DROP TABLE IF EXISTS `booking_items`;
/*!40101 SET @saved_cs_client     = @@character_set_client */;
/*!50503 SET character_set_client = utf8mb4 */;
CREATE TABLE `booking_items` (
  `id` bigint unsigned NOT NULL AUTO_INCREMENT,
  `booking_id` bigint unsigned NOT NULL,
  `ticket_type_id` bigint unsigned NOT NULL,
  `seat_id` bigint unsigned DEFAULT NULL,
  `general_admission_area_id` bigint unsigned DEFAULT NULL,
  `quantity` int NOT NULL,
  `unit_price` decimal(10,2) NOT NULL,
  `total_price` decimal(10,2) NOT NULL,
  `seat_identifier` varchar(255) CHARACTER SET utf8mb4 COLLATE utf8mb4_unicode_ci DEFAULT NULL,
  `item_metadata` longtext CHARACTER SET utf8mb4 COLLATE utf8mb4_bin,
  `created_at` timestamp NULL DEFAULT NULL,
  `updated_at` timestamp NULL DEFAULT NULL,
  PRIMARY KEY (`id`),
  KEY `booking_items_general_admission_area_id_foreign` (`general_admission_area_id`),
  KEY `booking_items_booking_id_index` (`booking_id`),
  KEY `booking_items_ticket_type_id_index` (`ticket_type_id`),
  KEY `booking_items_seat_id_index` (`seat_id`),
  CONSTRAINT `booking_items_booking_id_foreign` FOREIGN KEY (`booking_id`) REFERENCES `bookings` (`id`) ON DELETE CASCADE,
  CONSTRAINT `booking_items_general_admission_area_id_foreign` FOREIGN KEY (`general_admission_area_id`) REFERENCES `general_admission_areas` (`id`) ON DELETE CASCADE,
  CONSTRAINT `booking_items_seat_id_foreign` FOREIGN KEY (`seat_id`) REFERENCES `seats` (`id`) ON DELETE CASCADE,
  CONSTRAINT `booking_items_ticket_type_id_foreign` FOREIGN KEY (`ticket_type_id`) REFERENCES `ticket_types` (`id`) ON DELETE CASCADE,
  CONSTRAINT `booking_items_chk_1` CHECK (json_valid(`item_metadata`))
) ENGINE=InnoDB AUTO_INCREMENT=71 DEFAULT CHARSET=utf8mb4 COLLATE=utf8mb4_unicode_ci;
/*!40101 SET character_set_client = @saved_cs_client */;

--
-- Dumping data for table `booking_items`
--

LOCK TABLES `booking_items` WRITE;
/*!40000 ALTER TABLE `booking_items` DISABLE KEYS */;
INSERT INTO `booking_items` VALUES (13,4,6,NULL,NULL,1,35.00,35.00,NULL,NULL,'2025-08-14 19:58:29','2025-08-14 19:58:29'),(14,4,3,NULL,NULL,1,45.00,45.00,NULL,NULL,'2025-08-14 19:58:29','2025-08-14 19:58:29'),(15,4,4,NULL,NULL,2,85.00,170.00,NULL,NULL,'2025-08-14 19:58:29','2025-08-14 19:58:29'),(16,4,5,NULL,NULL,2,125.00,250.00,NULL,NULL,'2025-08-14 19:58:29','2025-08-14 19:58:29'),(17,5,6,NULL,NULL,2,35.00,70.00,NULL,NULL,'2025-08-15 00:09:15','2025-08-15 00:09:15'),(18,5,3,NULL,NULL,1,45.00,45.00,NULL,NULL,'2025-08-15 00:09:15','2025-08-15 00:09:15'),(19,5,4,NULL,NULL,2,85.00,170.00,NULL,NULL,'2025-08-15 00:09:15','2025-08-15 00:09:15'),(20,5,5,NULL,NULL,2,125.00,250.00,NULL,NULL,'2025-08-15 00:09:15','2025-08-15 00:09:15'),(21,6,6,NULL,NULL,1,35.00,35.00,NULL,NULL,'2025-08-15 12:49:31','2025-08-15 12:49:31'),(22,6,3,NULL,NULL,1,45.00,45.00,NULL,NULL,'2025-08-15 12:49:31','2025-08-15 12:49:31'),(23,6,4,NULL,NULL,2,85.00,170.00,NULL,NULL,'2025-08-15 12:49:31','2025-08-15 12:49:31'),(24,6,5,NULL,NULL,1,125.00,125.00,NULL,NULL,'2025-08-15 12:49:31','2025-08-15 12:49:31'),(25,7,6,NULL,NULL,1,35.00,35.00,NULL,NULL,'2025-08-23 02:24:25','2025-08-23 02:24:25'),(26,7,3,NULL,NULL,1,45.00,45.00,NULL,NULL,'2025-08-23 02:24:25','2025-08-23 02:24:25'),(27,8,6,NULL,NULL,1,35.00,35.00,NULL,NULL,'2025-08-23 03:25:18','2025-08-23 03:25:18'),(28,8,3,NULL,NULL,1,45.00,45.00,NULL,NULL,'2025-08-23 03:25:18','2025-08-23 03:25:18'),(29,9,6,NULL,NULL,1,35.00,35.00,NULL,NULL,'2025-08-25 13:19:07','2025-08-25 13:19:07'),(30,9,3,NULL,NULL,1,45.00,45.00,NULL,NULL,'2025-08-25 13:19:07','2025-08-25 13:19:07'),(31,10,6,NULL,NULL,1,35.00,35.00,NULL,NULL,'2025-08-25 13:20:16','2025-08-25 13:20:16'),(32,10,3,NULL,NULL,1,45.00,45.00,NULL,NULL,'2025-08-25 13:20:16','2025-08-25 13:20:16'),(33,11,6,NULL,NULL,1,35.00,35.00,NULL,NULL,'2025-08-25 20:51:18','2025-08-25 20:51:18'),(34,11,3,NULL,NULL,1,45.00,45.00,NULL,NULL,'2025-08-25 20:51:18','2025-08-25 20:51:18'),(35,12,6,NULL,NULL,1,35.00,35.00,NULL,NULL,'2025-08-26 02:08:18','2025-08-26 02:08:18'),(36,12,3,NULL,NULL,1,45.00,45.00,NULL,NULL,'2025-08-26 02:08:18','2025-08-26 02:08:18'),(37,13,6,NULL,NULL,1,35.00,35.00,NULL,NULL,'2025-08-26 02:19:19','2025-08-26 02:19:19'),(38,13,3,NULL,NULL,1,45.00,45.00,NULL,NULL,'2025-08-26 02:19:19','2025-08-26 02:19:19'),(39,14,6,NULL,NULL,1,35.00,35.00,NULL,NULL,'2025-08-26 02:27:41','2025-08-26 02:27:41'),(40,14,3,NULL,NULL,1,45.00,45.00,NULL,NULL,'2025-08-26 02:27:41','2025-08-26 02:27:41'),(41,15,6,NULL,NULL,1,35.00,35.00,NULL,NULL,'2025-08-26 10:32:26','2025-08-26 10:32:26'),(42,15,3,NULL,NULL,1,45.00,45.00,NULL,NULL,'2025-08-26 10:32:26','2025-08-26 10:32:26'),(43,16,6,NULL,NULL,1,35.00,35.00,NULL,NULL,'2025-08-26 10:51:15','2025-08-26 10:51:15'),(44,16,3,NULL,NULL,1,45.00,45.00,NULL,NULL,'2025-08-26 10:51:16','2025-08-26 10:51:16'),(45,17,6,NULL,NULL,1,35.00,35.00,NULL,NULL,'2025-08-26 11:25:20','2025-08-26 11:25:20'),(46,18,6,NULL,NULL,1,35.00,35.00,NULL,NULL,'2025-08-26 11:28:13','2025-08-26 11:28:13'),(47,19,6,NULL,NULL,1,35.00,35.00,NULL,NULL,'2025-08-26 11:32:54','2025-08-26 11:32:54'),(48,20,6,NULL,NULL,1,35.00,35.00,NULL,NULL,'2025-08-26 11:41:55','2025-08-26 11:41:55'),(49,21,6,NULL,NULL,1,35.00,35.00,NULL,NULL,'2025-08-26 22:43:20','2025-08-26 22:43:20'),(50,22,3,NULL,NULL,1,45.00,45.00,NULL,NULL,'2025-08-26 22:55:57','2025-08-26 22:55:57'),(51,23,6,NULL,NULL,1,35.00,35.00,NULL,NULL,'2025-08-28 00:12:51','2025-08-28 00:12:51'),(52,24,6,NULL,NULL,1,35.00,35.00,NULL,NULL,'2025-08-28 00:18:06','2025-08-28 00:18:06'),(53,25,6,NULL,NULL,1,35.00,35.00,NULL,NULL,'2025-08-28 00:32:30','2025-08-28 00:32:30'),(54,26,3,NULL,NULL,1,45.00,45.00,NULL,NULL,'2025-08-28 01:45:33','2025-08-28 01:45:33'),(55,27,6,NULL,NULL,1,35.00,35.00,NULL,NULL,'2025-08-28 02:54:06','2025-08-28 02:54:06'),(56,28,6,NULL,NULL,1,35.00,35.00,NULL,NULL,'2025-08-28 02:56:20','2025-08-28 02:56:20'),(57,28,3,NULL,NULL,1,45.00,45.00,NULL,NULL,'2025-08-28 02:56:20','2025-08-28 02:56:20'),(58,29,6,NULL,NULL,1,35.00,35.00,NULL,NULL,'2025-08-28 02:59:50','2025-08-28 02:59:50'),(59,30,6,NULL,NULL,1,35.00,35.00,NULL,NULL,'2025-08-28 03:08:17','2025-08-28 03:08:17'),(60,30,3,NULL,NULL,1,45.00,45.00,NULL,NULL,'2025-08-28 03:08:17','2025-08-28 03:08:17'),(61,30,4,NULL,NULL,1,85.00,85.00,NULL,NULL,'2025-08-28 03:08:17','2025-08-28 03:08:17'),(62,31,7,NULL,NULL,1,10.00,10.00,NULL,NULL,'2025-08-28 04:04:20','2025-08-28 04:04:20'),(63,32,6,NULL,NULL,1,35.00,35.00,NULL,NULL,'2025-08-30 14:45:11','2025-08-30 14:45:11'),(64,32,3,NULL,NULL,1,45.00,45.00,NULL,NULL,'2025-08-30 14:45:11','2025-08-30 14:45:11'),(65,33,6,NULL,NULL,1,35.00,35.00,NULL,NULL,'2025-09-10 04:08:18','2025-09-10 04:08:18'),(66,33,3,NULL,NULL,1,45.00,45.00,NULL,NULL,'2025-09-10 04:08:18','2025-09-10 04:08:18'),(67,34,6,NULL,NULL,1,35.00,35.00,NULL,NULL,'2025-09-15 16:12:51','2025-09-15 16:12:51'),(68,34,3,NULL,NULL,1,45.00,45.00,NULL,NULL,'2025-09-15 16:12:51','2025-09-15 16:12:51'),(69,35,6,NULL,NULL,1,35.00,35.00,NULL,NULL,'2025-10-05 15:37:22','2025-10-05 15:37:22'),(70,35,3,NULL,NULL,1,45.00,45.00,NULL,NULL,'2025-10-05 15:37:22','2025-10-05 15:37:22');
/*!40000 ALTER TABLE `booking_items` ENABLE KEYS */;
UNLOCK TABLES;

--
-- Table structure for table `bookings`
--

DROP TABLE IF EXISTS `bookings`;
/*!40101 SET @saved_cs_client     = @@character_set_client */;
/*!50503 SET character_set_client = utf8mb4 */;
CREATE TABLE `bookings` (
  `id` bigint unsigned NOT NULL AUTO_INCREMENT,
  `user_id` bigint unsigned DEFAULT NULL,
  `show_id` bigint unsigned NOT NULL,
  `total_amount` decimal(10,2) NOT NULL,
  `booking_number` varchar(255) CHARACTER SET utf8mb4 COLLATE utf8mb4_unicode_ci NOT NULL,
  `number_of_tickets` int NOT NULL,
  `booking_type` enum('assigned_seats','general_admission','mixed') CHARACTER SET utf8mb4 COLLATE utf8mb4_unicode_ci NOT NULL DEFAULT 'general_admission',
  `seat_details` longtext CHARACTER SET utf8mb4 COLLATE utf8mb4_bin,
  `booking_metadata` longtext CHARACTER SET utf8mb4 COLLATE utf8mb4_bin,
  `service_fee` decimal(8,2) NOT NULL DEFAULT '0.00',
  `processing_fee` decimal(8,2) NOT NULL DEFAULT '0.00',
  `grand_total` decimal(8,2) NOT NULL DEFAULT '0.00',
  `status` varchar(255) CHARACTER SET utf8mb4 COLLATE utf8mb4_unicode_ci NOT NULL DEFAULT 'pending',
  `payment_method` varchar(255) CHARACTER SET utf8mb4 COLLATE utf8mb4_unicode_ci DEFAULT NULL,
  `card_last_four` varchar(4) CHARACTER SET utf8mb4 COLLATE utf8mb4_unicode_ci DEFAULT NULL,
  `card_type` varchar(20) CHARACTER SET utf8mb4 COLLATE utf8mb4_unicode_ci DEFAULT NULL,
  `payment_reference` varchar(255) CHARACTER SET utf8mb4 COLLATE utf8mb4_unicode_ci DEFAULT NULL,
  `paypal_payer_id` varchar(255) CHARACTER SET utf8mb4 COLLATE utf8mb4_unicode_ci DEFAULT NULL,
  `paypal_capture_id` varchar(255) CHARACTER SET utf8mb4 COLLATE utf8mb4_unicode_ci DEFAULT NULL,
  `paypal_fee` decimal(8,2) DEFAULT NULL,
  `paypal_transaction_data` longtext CHARACTER SET utf8mb4 COLLATE utf8mb4_bin,
  `paypal_processed_at` timestamp NULL DEFAULT NULL,
  `payment_status` varchar(255) CHARACTER SET utf8mb4 COLLATE utf8mb4_unicode_ci NOT NULL DEFAULT 'pending',
  `booking_date` datetime NOT NULL,
  `ticket_breakdown` longtext CHARACTER SET utf8mb4 COLLATE utf8mb4_bin,
  `expires_at` timestamp NULL DEFAULT NULL,
  `confirmed_at` timestamp NULL DEFAULT NULL,
  `transaction_id` varchar(255) CHARACTER SET utf8mb4 COLLATE utf8mb4_unicode_ci DEFAULT NULL,
  `created_at` timestamp NULL DEFAULT NULL,
  `updated_at` timestamp NULL DEFAULT NULL,
  `customer_name` varchar(255) CHARACTER SET utf8mb4 COLLATE utf8mb4_unicode_ci DEFAULT NULL,
  `customer_email` varchar(255) CHARACTER SET utf8mb4 COLLATE utf8mb4_unicode_ci DEFAULT NULL,
  `customer_phone` varchar(255) CHARACTER SET utf8mb4 COLLATE utf8mb4_unicode_ci DEFAULT NULL,
  `paid_at` datetime DEFAULT NULL,
  PRIMARY KEY (`id`),
  UNIQUE KEY `bookings_booking_number_unique` (`booking_number`),
  KEY `bookings_customer_id_status_index` (`status`),
  KEY `bookings_show_id_status_index` (`show_id`,`status`),
  KEY `bookings_status_created_at_index` (`status`,`created_at`),
  KEY `bookings_payment_status_created_at_index` (`payment_status`,`created_at`),
  KEY `bookings_expires_at_index` (`expires_at`),
  KEY `bookings_user_id_foreign` (`user_id`),
  CONSTRAINT `bookings_show_id_foreign` FOREIGN KEY (`show_id`) REFERENCES `shows` (`id`) ON DELETE CASCADE,
  CONSTRAINT `bookings_user_id_foreign` FOREIGN KEY (`user_id`) REFERENCES `users` (`id`) ON DELETE CASCADE,
  CONSTRAINT `bookings_chk_1` CHECK (json_valid(`seat_details`)),
  CONSTRAINT `bookings_chk_2` CHECK (json_valid(`booking_metadata`)),
  CONSTRAINT `bookings_chk_3` CHECK (json_valid(`paypal_transaction_data`)),
  CONSTRAINT `bookings_chk_4` CHECK (json_valid(`ticket_breakdown`))
) ENGINE=InnoDB AUTO_INCREMENT=36 DEFAULT CHARSET=utf8mb4 COLLATE=utf8mb4_unicode_ci;
/*!40101 SET character_set_client = @saved_cs_client */;

--
-- Dumping data for table `bookings`
--

LOCK TABLES `bookings` WRITE;
/*!40000 ALTER TABLE `bookings` DISABLE KEYS */;
INSERT INTO `bookings` VALUES (4,12,7,500.00,'BK-TJ3MAGYG',6,'general_admission',NULL,NULL,15.00,9.00,524.00,'confirmed','card',NULL,NULL,'TXN_SRYK6QBAEQMP',NULL,NULL,NULL,NULL,NULL,'completed','2025-08-14 14:58:29','[{\"quantity\": 1, \"unit_price\": \"35.00\", \"total_price\": 35, \"ticket_type_id\": 6, \"ticket_type_name\": \"Student Discount\"}, {\"quantity\": 1, \"unit_price\": \"45.00\", \"total_price\": 45, \"ticket_type_id\": 3, \"ticket_type_name\": \"General Admission\"}, {\"quantity\": 2, \"unit_price\": \"85.00\", \"total_price\": 170, \"ticket_type_id\": 4, \"ticket_type_name\": \"Premium Seating\"}, {\"quantity\": 2, \"unit_price\": \"125.00\", \"total_price\": 250, \"ticket_type_id\": 5, \"ticket_type_name\": \"VIP Experience\"}]','2025-08-14 20:28:29','2025-08-14 19:58:29',NULL,'2025-08-14 19:58:29','2025-08-14 19:58:29',NULL,NULL,NULL,NULL),(5,2,7,535.00,'BK-B2ZAIHLC',7,'general_admission',NULL,NULL,16.05,10.50,561.55,'confirmed','card',NULL,NULL,'TXN_UWJGQQGNYHZC',NULL,NULL,NULL,NULL,NULL,'completed','2025-08-14 19:09:15','[{\"quantity\": 2, \"unit_price\": \"35.00\", \"total_price\": 70, \"ticket_type_id\": 6, \"ticket_type_name\": \"Student Discount\"}, {\"quantity\": 1, \"unit_price\": \"45.00\", \"total_price\": 45, \"ticket_type_id\": 3, \"ticket_type_name\": \"General Admission\"}, {\"quantity\": 2, \"unit_price\": \"85.00\", \"total_price\": 170, \"ticket_type_id\": 4, \"ticket_type_name\": \"Premium Seating\"}, {\"quantity\": 2, \"unit_price\": \"125.00\", \"total_price\": 250, \"ticket_type_id\": 5, \"ticket_type_name\": \"VIP Experience\"}]','2025-08-15 00:39:15','2025-08-15 00:09:15',NULL,'2025-08-15 00:09:15','2025-08-15 00:09:15',NULL,NULL,NULL,NULL),(6,13,7,375.00,'BK-JJTF8QID',5,'general_admission',NULL,NULL,11.25,7.50,393.75,'confirmed','card',NULL,NULL,'TXN_TBMSXPPGEQES',NULL,NULL,NULL,NULL,NULL,'completed','2025-08-15 07:49:31','[{\"quantity\": 1, \"unit_price\": \"35.00\", \"total_price\": 35, \"ticket_type_id\": 6, \"ticket_type_name\": \"Student Discount\"}, {\"quantity\": 1, \"unit_price\": \"45.00\", \"total_price\": 45, \"ticket_type_id\": 3, \"ticket_type_name\": \"General Admission\"}, {\"quantity\": 2, \"unit_price\": \"85.00\", \"total_price\": 170, \"ticket_type_id\": 4, \"ticket_type_name\": \"Premium Seating\"}, {\"quantity\": 1, \"unit_price\": \"125.00\", \"total_price\": 125, \"ticket_type_id\": 5, \"ticket_type_name\": \"VIP Experience\"}]','2025-08-15 13:19:31','2025-08-15 12:49:31',NULL,'2025-08-15 12:49:31','2025-08-15 12:49:31',NULL,NULL,NULL,NULL),(7,1,7,80.00,'BK-BO4V51Y0',2,'general_admission',NULL,NULL,2.40,3.00,85.40,'confirmed','card',NULL,NULL,NULL,NULL,NULL,NULL,NULL,NULL,'paid','2025-08-22 21:24:25',NULL,NULL,NULL,NULL,'2025-08-23 02:24:25','2025-08-23 02:24:26',NULL,NULL,NULL,NULL),(8,1,7,80.00,'BK-5FPGWVSR',2,'general_admission',NULL,NULL,2.40,3.00,85.40,'confirmed','card',NULL,NULL,NULL,NULL,NULL,NULL,NULL,NULL,'paid','2025-08-22 22:25:18',NULL,NULL,NULL,NULL,'2025-08-23 03:25:18','2025-08-23 03:25:18',NULL,NULL,NULL,NULL),(9,1,7,80.00,'BK-IHVKN51H',2,'general_admission',NULL,NULL,2.40,3.00,85.40,'pending','card',NULL,NULL,NULL,NULL,NULL,NULL,NULL,NULL,'pending','2025-08-25 08:19:07',NULL,NULL,NULL,NULL,'2025-08-25 13:19:07','2025-08-25 13:19:07','Muhammad Rashid','mrashid2000@gmail.com','03333284252',NULL),(10,1,7,80.00,'BK-7N6FLKAA',2,'general_admission',NULL,NULL,2.40,3.00,85.40,'pending','card',NULL,NULL,NULL,NULL,NULL,NULL,NULL,NULL,'pending','2025-08-25 08:20:16',NULL,NULL,NULL,NULL,'2025-08-25 13:20:16','2025-08-25 13:20:16','Muhammad Rashid','mrashid2000@gmail.com','03333284252',NULL),(11,1,7,80.00,'BK-FBUYKT6I',2,'general_admission',NULL,NULL,2.40,3.00,85.40,'confirmed','card',NULL,NULL,NULL,NULL,NULL,NULL,NULL,NULL,'paid','2025-08-25 15:51:18',NULL,NULL,NULL,NULL,'2025-08-25 20:51:18','2025-08-25 20:51:18','Muhammad Rashid','mrashid2000@gmail.com','03333284252','2025-08-25 15:51:18'),(12,1,7,80.00,'BK-ITCUFGYF',2,'general_admission',NULL,NULL,2.40,3.00,85.40,'cancelled','card',NULL,NULL,NULL,NULL,NULL,NULL,NULL,NULL,'failed','2025-08-25 21:08:18',NULL,NULL,NULL,NULL,'2025-08-26 02:08:18','2025-08-26 02:08:20','Muhammad Rashid','mrashid2000@gmail.com','03333284252',NULL),(13,1,7,80.00,'BK-QSL8TTMV',2,'general_admission',NULL,NULL,2.40,3.00,85.40,'cancelled','card',NULL,NULL,NULL,NULL,NULL,NULL,NULL,NULL,'failed','2025-08-25 21:19:19',NULL,NULL,NULL,NULL,'2025-08-26 02:19:19','2025-08-26 02:19:23','Muhammad Rashid','mrashid2000@gmail.com','03333284252',NULL),(14,1,7,80.00,'BK-VZQJCBG8',2,'general_admission',NULL,NULL,2.40,3.00,85.40,'cancelled','card',NULL,NULL,NULL,NULL,NULL,NULL,NULL,NULL,'failed','2025-08-25 21:27:41',NULL,NULL,NULL,NULL,'2025-08-26 02:27:41','2025-08-26 02:27:43','Muhammad Rashid','mrashid2000@gmail.com','03333284252',NULL),(15,1,7,80.00,'BK-SR1KLFZU',2,'general_admission',NULL,NULL,2.40,3.00,85.40,'cancelled','card',NULL,NULL,'4UD00337SX3497914',NULL,NULL,NULL,NULL,NULL,'failed','2025-08-26 05:32:26',NULL,NULL,NULL,NULL,'2025-08-26 10:32:26','2025-08-26 10:41:28','Muhammad Rashid','mrashid2000@gmail.com','03333284252',NULL),(16,1,7,80.00,'BK-ZTFEINDW',2,'general_admission',NULL,NULL,2.40,3.00,85.40,'cancelled','card',NULL,NULL,'32P64770Y0329514E',NULL,NULL,NULL,NULL,NULL,'failed','2025-08-26 05:51:15',NULL,NULL,NULL,NULL,'2025-08-26 10:51:15','2025-08-26 11:22:38','Muhammad Rashid','mrashid2000@gmail.com','03333284252',NULL),(17,1,7,35.00,'BK-YB5BFCEX',1,'general_admission',NULL,NULL,2.00,1.50,38.50,'cancelled','paypal',NULL,NULL,'75B41709SJ451035K',NULL,NULL,NULL,NULL,NULL,'failed','2025-08-26 06:25:20',NULL,NULL,NULL,NULL,'2025-08-26 11:25:20','2025-08-26 11:26:21','Muhammad Rashid','mrashid2000@gmail.com','03333284252',NULL),(18,1,7,35.00,'BK-J2W5LJNF',1,'general_admission',NULL,NULL,2.00,1.50,38.50,'cancelled','paypal',NULL,NULL,'6FR0969926462154N',NULL,NULL,NULL,NULL,NULL,'failed','2025-08-26 06:28:13',NULL,NULL,NULL,NULL,'2025-08-26 11:28:13','2025-08-26 11:29:44','Muhammad Rashid','mrashid2000@gmail.com','03333284252',NULL),(19,1,7,35.00,'BK-5MHHU0ZV',1,'general_admission',NULL,NULL,2.00,1.50,38.50,'cancelled','card',NULL,NULL,'52J90209LG218253M',NULL,NULL,NULL,NULL,NULL,'failed','2025-08-26 06:32:54',NULL,NULL,NULL,NULL,'2025-08-26 11:32:54','2025-08-26 11:35:34','Muhammad Rashid','mrashid2000@gmail.com','03333284252',NULL),(20,1,7,35.00,'BK-RM1Q2YEV',1,'general_admission',NULL,NULL,2.00,1.50,38.50,'cancelled','card',NULL,NULL,'2X031825GP316824Y',NULL,NULL,NULL,NULL,NULL,'failed','2025-08-26 06:41:55',NULL,NULL,NULL,NULL,'2025-08-26 11:41:55','2025-08-26 11:42:22','Muhammad Rashid','mrashid2000@gmail.com','03333284252',NULL),(21,1,7,35.00,'BK-UV9VVVWJ',1,'general_admission',NULL,NULL,2.00,1.50,38.50,'cancelled','card',NULL,NULL,'7RT16084KH0369003',NULL,NULL,NULL,NULL,NULL,'failed','2025-08-26 17:43:20',NULL,NULL,NULL,NULL,'2025-08-26 22:43:20','2025-08-26 22:47:13','Muhammad Rashid','mrashid2000@gmail.com','03333284252',NULL),(22,1,7,45.00,'BK-KMAHTD6I',1,'general_admission',NULL,NULL,2.00,1.50,48.50,'cancelled','card',NULL,NULL,'2W9319170D233321T',NULL,NULL,NULL,NULL,NULL,'failed','2025-08-26 17:55:57',NULL,NULL,NULL,NULL,'2025-08-26 22:55:57','2025-08-26 22:56:35','Muhammad Rashid','mrashid2000@gmail.com','03333284252',NULL),(23,1,7,35.00,'BK-ATW0V1UC',1,'general_admission',NULL,NULL,2.00,1.50,38.50,'pending','paypal',NULL,NULL,NULL,NULL,NULL,NULL,NULL,NULL,'pending','2025-08-27 19:12:51',NULL,NULL,NULL,NULL,'2025-08-28 00:12:51','2025-08-28 00:12:51','Muhammad Rashid','mrashid2000@gmail.com','03333284252',NULL),(24,1,7,35.00,'BK-FUMNA0SX',1,'general_admission',NULL,NULL,2.00,1.50,38.50,'cancelled','paypal',NULL,NULL,'8GX86941KG216741N',NULL,NULL,NULL,NULL,NULL,'failed','2025-08-27 19:18:06',NULL,NULL,NULL,NULL,'2025-08-28 00:18:06','2025-08-28 00:24:05','Muhammad Rashid','mrashid2000@gmail.com','03333284252',NULL),(25,1,7,35.00,'BK-FJUJTZ8J',1,'general_admission',NULL,NULL,2.00,1.50,38.50,'confirmed','paypal',NULL,NULL,'6B7440724L3869237','ESDMWSQYTG7CQ',NULL,NULL,NULL,NULL,'paid','2025-08-27 19:32:30',NULL,NULL,'2025-08-28 00:42:04','6MS15293VW516561T','2025-08-28 00:32:30','2025-08-28 00:42:04','Muhammad Rashid','mrashid2000@gmail.com','03333284252','2025-08-27 19:42:04'),(26,1,7,45.00,'BK-FRE3HOHL',1,'general_admission',NULL,NULL,2.00,1.50,48.50,'confirmed','paypal',NULL,NULL,'3Y862343E18846838','ESDMWSQYTG7CQ',NULL,NULL,NULL,NULL,'paid','2025-08-27 20:45:33',NULL,NULL,'2025-08-28 01:49:20','82307030CJ836983H','2025-08-28 01:45:33','2025-08-28 01:49:20','Muhammad Rashid','mrashid2000@gmail.com','03333284252','2025-08-27 20:49:20'),(27,1,7,35.00,'BK-LNFQQ61E',1,'general_admission',NULL,NULL,2.00,1.50,38.50,'confirmed','paypal',NULL,NULL,'11G52110H9103961T','ESDMWSQYTG7CQ',NULL,NULL,NULL,NULL,'paid','2025-08-27 21:54:06',NULL,NULL,'2025-08-28 02:55:13','36L01819JA979373U','2025-08-28 02:54:06','2025-08-28 02:55:13','Muhammad Rashid','mrashid2000@gmail.com','03333284252','2025-08-27 21:55:13'),(28,1,7,80.00,'BK-G4GASLUH',2,'general_admission',NULL,NULL,2.40,3.00,85.40,'confirmed','paypal',NULL,NULL,'6W039051UV726962P','ESDMWSQYTG7CQ',NULL,NULL,NULL,NULL,'paid','2025-08-27 21:56:20',NULL,NULL,'2025-08-28 02:56:47','2N517601EN627123W','2025-08-28 02:56:20','2025-08-28 02:56:47','Muhammad Saad Khan','saad@gmail.com','03333284252','2025-08-27 21:56:47'),(29,1,7,35.00,'BK-CCQJGOSV',1,'general_admission',NULL,NULL,2.00,1.50,38.50,'confirmed','paypal',NULL,NULL,'17D77493LV2007939','ESDMWSQYTG7CQ',NULL,NULL,NULL,NULL,'paid','2025-08-27 21:59:50',NULL,NULL,'2025-08-28 03:02:57','3C983664SC445324D','2025-08-28 02:59:50','2025-08-28 03:02:57','Muhammad Amad Khan','amad@gmail.com','03333075507','2025-08-27 22:02:57'),(30,1,7,165.00,'BK-YUIEHO3F',3,'general_admission',NULL,NULL,4.95,4.50,174.45,'confirmed','paypal',NULL,NULL,'5MX475902M052535Y','ESDMWSQYTG7CQ',NULL,NULL,NULL,NULL,'paid','2025-08-27 22:08:17',NULL,NULL,'2025-08-28 03:08:47','4A945315PW9332243','2025-08-28 03:08:17','2025-08-28 03:08:47','Mohammad Abbas','mohammad@molabsmedia.com','03333284252','2025-08-27 22:08:47'),(31,1,11,10.00,'BK-GSF2A9JH',1,'general_admission',NULL,NULL,2.00,1.50,13.50,'confirmed','paypal',NULL,NULL,'6W619483F4168022M','ESDMWSQYTG7CQ',NULL,NULL,NULL,NULL,'paid','2025-08-27 23:04:20',NULL,NULL,'2025-08-28 04:05:10','4AS95792HC633915U','2025-08-28 04:04:20','2025-08-28 04:05:10','Mohammad Abbas','mohammad@molabsmedia.com','+1 (214) 679-6818','2025-08-27 23:05:10'),(32,1,7,80.00,'BK-6S13JCDZ',2,'general_admission',NULL,NULL,2.40,3.00,85.40,'confirmed','paypal',NULL,NULL,'50896372KW4169917','ESDMWSQYTG7CQ',NULL,NULL,NULL,NULL,'paid','2025-08-30 09:45:11',NULL,NULL,'2025-08-30 14:46:34','92N44090PV737382N','2025-08-30 14:45:11','2025-08-30 14:46:34','Muhammad Rashid','mrashid2000@gmail.com','03333284252','2025-08-30 09:46:34'),(33,1,7,80.00,'BK-CBFJNKDA',2,'general_admission',NULL,NULL,2.40,3.00,85.40,'confirmed','paypal',NULL,NULL,'8W61207469925145A','ESDMWSQYTG7CQ',NULL,NULL,NULL,NULL,'paid','2025-09-09 23:08:18',NULL,NULL,'2025-09-10 04:09:31','9LJ22197PW377603W','2025-09-10 04:08:18','2025-09-10 04:09:31','Muhammad Rashid','mrashid2000@gmail.com','+923333284252','2025-09-09 23:09:31'),(34,1,7,80.00,'BK-WIGERSBE',2,'general_admission',NULL,NULL,2.40,3.00,85.40,'pending','paypal',NULL,NULL,'10V563494W417671X',NULL,NULL,NULL,NULL,NULL,'pending','2025-09-15 11:12:51',NULL,NULL,NULL,NULL,'2025-09-15 16:12:51','2025-09-15 16:12:53','Muhammad Rashid','saadrashidkhan2006@gmail.com','03333284252',NULL),(35,1,7,80.00,'BK-WXFLIHCT',2,'general_admission',NULL,NULL,2.40,3.00,85.40,'pending','paypal',NULL,NULL,'9EG19768B90562400',NULL,NULL,NULL,NULL,NULL,'pending','2025-10-05 10:37:22',NULL,NULL,NULL,NULL,'2025-10-05 15:37:22','2025-10-05 15:37:24','Muhammad Rashid','saadrashidkhan2006@gmail.com','03333284252',NULL);
/*!40000 ALTER TABLE `bookings` ENABLE KEYS */;
UNLOCK TABLES;

--
-- Table structure for table `cache`
--

DROP TABLE IF EXISTS `cache`;
/*!40101 SET @saved_cs_client     = @@character_set_client */;
/*!50503 SET character_set_client = utf8mb4 */;
CREATE TABLE `cache` (
  `key` varchar(255) CHARACTER SET utf8mb4 COLLATE utf8mb4_unicode_ci NOT NULL,
  `value` mediumtext CHARACTER SET utf8mb4 COLLATE utf8mb4_unicode_ci NOT NULL,
  `expiration` int NOT NULL,
  PRIMARY KEY (`key`)
) ENGINE=InnoDB DEFAULT CHARSET=utf8mb4 COLLATE=utf8mb4_unicode_ci;
/*!40101 SET character_set_client = @saved_cs_client */;

--
-- Dumping data for table `cache`
--

LOCK TABLES `cache` WRITE;
/*!40000 ALTER TABLE `cache` DISABLE KEYS */;
/*!40000 ALTER TABLE `cache` ENABLE KEYS */;
UNLOCK TABLES;

--
-- Table structure for table `cache_locks`
--

DROP TABLE IF EXISTS `cache_locks`;
/*!40101 SET @saved_cs_client     = @@character_set_client */;
/*!50503 SET character_set_client = utf8mb4 */;
CREATE TABLE `cache_locks` (
  `key` varchar(255) CHARACTER SET utf8mb4 COLLATE utf8mb4_unicode_ci NOT NULL,
  `owner` varchar(255) CHARACTER SET utf8mb4 COLLATE utf8mb4_unicode_ci NOT NULL,
  `expiration` int NOT NULL,
  PRIMARY KEY (`key`)
) ENGINE=InnoDB DEFAULT CHARSET=utf8mb4 COLLATE=utf8mb4_unicode_ci;
/*!40101 SET character_set_client = @saved_cs_client */;

--
-- Dumping data for table `cache_locks`
--

LOCK TABLES `cache_locks` WRITE;
/*!40000 ALTER TABLE `cache_locks` DISABLE KEYS */;
/*!40000 ALTER TABLE `cache_locks` ENABLE KEYS */;
UNLOCK TABLES;

--
-- Table structure for table `customers`
--

DROP TABLE IF EXISTS `customers`;
/*!40101 SET @saved_cs_client     = @@character_set_client */;
/*!50503 SET character_set_client = utf8mb4 */;
CREATE TABLE `customers` (
  `id` bigint unsigned NOT NULL AUTO_INCREMENT,
  `user_id` bigint unsigned DEFAULT NULL,
  `name` varchar(255) CHARACTER SET utf8mb4 COLLATE utf8mb4_unicode_ci NOT NULL,
  `email` varchar(255) CHARACTER SET utf8mb4 COLLATE utf8mb4_unicode_ci NOT NULL,
  `phone` varchar(255) CHARACTER SET utf8mb4 COLLATE utf8mb4_unicode_ci DEFAULT NULL,
  `address` varchar(255) CHARACTER SET utf8mb4 COLLATE utf8mb4_unicode_ci DEFAULT NULL,
  `city` varchar(255) CHARACTER SET utf8mb4 COLLATE utf8mb4_unicode_ci DEFAULT NULL,
  `state` varchar(255) CHARACTER SET utf8mb4 COLLATE utf8mb4_unicode_ci DEFAULT NULL,
  `country` varchar(255) CHARACTER SET utf8mb4 COLLATE utf8mb4_unicode_ci DEFAULT NULL,
  `postal_code` varchar(255) CHARACTER SET utf8mb4 COLLATE utf8mb4_unicode_ci DEFAULT NULL,
  `password` varchar(255) CHARACTER SET utf8mb4 COLLATE utf8mb4_unicode_ci NOT NULL,
  `remember_token` varchar(100) CHARACTER SET utf8mb4 COLLATE utf8mb4_unicode_ci DEFAULT NULL,
  `created_at` timestamp NULL DEFAULT NULL,
  `updated_at` timestamp NULL DEFAULT NULL,
  PRIMARY KEY (`id`),
  UNIQUE KEY `customers_email_unique` (`email`),
  KEY `customers_user_id_index` (`user_id`),
  CONSTRAINT `customers_user_id_foreign` FOREIGN KEY (`user_id`) REFERENCES `users` (`id`) ON DELETE SET NULL
) ENGINE=InnoDB DEFAULT CHARSET=utf8mb4 COLLATE=utf8mb4_unicode_ci;
/*!40101 SET character_set_client = @saved_cs_client */;

--
-- Dumping data for table `customers`
--

LOCK TABLES `customers` WRITE;
/*!40000 ALTER TABLE `customers` DISABLE KEYS */;
/*!40000 ALTER TABLE `customers` ENABLE KEYS */;
UNLOCK TABLES;

--
-- Table structure for table `failed_jobs`
--

DROP TABLE IF EXISTS `failed_jobs`;
/*!40101 SET @saved_cs_client     = @@character_set_client */;
/*!50503 SET character_set_client = utf8mb4 */;
CREATE TABLE `failed_jobs` (
  `id` bigint unsigned NOT NULL AUTO_INCREMENT,
  `uuid` varchar(255) CHARACTER SET utf8mb4 COLLATE utf8mb4_unicode_ci NOT NULL,
  `connection` text CHARACTER SET utf8mb4 COLLATE utf8mb4_unicode_ci NOT NULL,
  `queue` text CHARACTER SET utf8mb4 COLLATE utf8mb4_unicode_ci NOT NULL,
  `payload` longtext CHARACTER SET utf8mb4 COLLATE utf8mb4_unicode_ci NOT NULL,
  `exception` longtext CHARACTER SET utf8mb4 COLLATE utf8mb4_unicode_ci NOT NULL,
  `failed_at` timestamp NOT NULL DEFAULT CURRENT_TIMESTAMP,
  PRIMARY KEY (`id`),
  UNIQUE KEY `failed_jobs_uuid_unique` (`uuid`)
) ENGINE=InnoDB DEFAULT CHARSET=utf8mb4 COLLATE=utf8mb4_unicode_ci;
/*!40101 SET character_set_client = @saved_cs_client */;

--
-- Dumping data for table `failed_jobs`
--

LOCK TABLES `failed_jobs` WRITE;
/*!40000 ALTER TABLE `failed_jobs` DISABLE KEYS */;
/*!40000 ALTER TABLE `failed_jobs` ENABLE KEYS */;
UNLOCK TABLES;

--
-- Table structure for table `galleries`
--

DROP TABLE IF EXISTS `galleries`;
/*!40101 SET @saved_cs_client     = @@character_set_client */;
/*!50503 SET character_set_client = utf8mb4 */;
CREATE TABLE `galleries` (
  `id` bigint unsigned NOT NULL AUTO_INCREMENT,
  `show_id` bigint unsigned NOT NULL,
  `image` varchar(255) CHARACTER SET utf8mb4 COLLATE utf8mb4_unicode_ci NOT NULL,
  `title` varchar(255) CHARACTER SET utf8mb4 COLLATE utf8mb4_unicode_ci DEFAULT NULL,
  `description` text CHARACTER SET utf8mb4 COLLATE utf8mb4_unicode_ci,
  `display_order` int NOT NULL DEFAULT '0',
  `is_active` tinyint(1) NOT NULL DEFAULT '1',
  `created_at` timestamp NULL DEFAULT NULL,
  `updated_at` timestamp NULL DEFAULT NULL,
  PRIMARY KEY (`id`),
  KEY `galleries_show_id_foreign` (`show_id`),
  CONSTRAINT `galleries_show_id_foreign` FOREIGN KEY (`show_id`) REFERENCES `shows` (`id`) ON DELETE CASCADE
) ENGINE=InnoDB DEFAULT CHARSET=utf8mb4 COLLATE=utf8mb4_unicode_ci;
/*!40101 SET character_set_client = @saved_cs_client */;

--
-- Dumping data for table `galleries`
--

LOCK TABLES `galleries` WRITE;
/*!40000 ALTER TABLE `galleries` DISABLE KEYS */;
/*!40000 ALTER TABLE `galleries` ENABLE KEYS */;
UNLOCK TABLES;

--
-- Table structure for table `general_admission_areas`
--

DROP TABLE IF EXISTS `general_admission_areas`;
/*!40101 SET @saved_cs_client     = @@character_set_client */;
/*!50503 SET character_set_client = utf8mb4 */;
CREATE TABLE `general_admission_areas` (
  `id` bigint unsigned NOT NULL AUTO_INCREMENT,
  `venue_id` bigint unsigned NOT NULL,
  `name` varchar(255) CHARACTER SET utf8mb4 COLLATE utf8mb4_unicode_ci NOT NULL,
  `description` text CHARACTER SET utf8mb4 COLLATE utf8mb4_unicode_ci,
  `capacity` int NOT NULL,
  `default_price` decimal(10,2) DEFAULT NULL,
  `color_code` varchar(7) CHARACTER SET utf8mb4 COLLATE utf8mb4_unicode_ci DEFAULT NULL,
  `display_order` int NOT NULL DEFAULT '0',
  `is_active` tinyint(1) NOT NULL DEFAULT '1',
  `created_at` timestamp NULL DEFAULT NULL,
  `updated_at` timestamp NULL DEFAULT NULL,
  PRIMARY KEY (`id`),
  KEY `general_admission_areas_venue_id_is_active_index` (`venue_id`,`is_active`),
  CONSTRAINT `general_admission_areas_venue_id_foreign` FOREIGN KEY (`venue_id`) REFERENCES `venues` (`id`) ON DELETE CASCADE
) ENGINE=InnoDB AUTO_INCREMENT=41 DEFAULT CHARSET=utf8mb4 COLLATE=utf8mb4_unicode_ci;
/*!40101 SET character_set_client = @saved_cs_client */;

--
-- Dumping data for table `general_admission_areas`
--

LOCK TABLES `general_admission_areas` WRITE;
/*!40000 ALTER TABLE `general_admission_areas` DISABLE KEYS */;
INSERT INTO `general_admission_areas` VALUES (1,1,'Standing Area','General admission area',100,600.00,'#FF6B6B',0,1,'2025-08-07 02:39:31','2025-08-07 02:39:31'),(2,2,'Standing Area','General admission area',100,600.00,'#FF6B6B',0,1,'2025-08-07 02:39:31','2025-08-07 02:39:31'),(3,3,'Standing Area','General admission area',100,600.00,'#FF6B6B',0,1,'2025-08-07 02:39:32','2025-08-07 02:39:32'),(4,4,'Standing Area','General admission area',100,600.00,'#FF6B6B',0,1,'2025-08-07 02:39:32','2025-08-07 02:39:32'),(5,5,'Standing Area','General admission area',100,600.00,'#FF6B6B',0,1,'2025-08-07 02:39:32','2025-08-07 02:39:32'),(6,6,'Standing Area','General admission area',100,600.00,'#FF6B6B',0,1,'2025-08-07 02:39:33','2025-08-07 02:39:33'),(7,7,'Standing Area','General admission area',100,600.00,'#FF6B6B',0,1,'2025-08-07 02:39:33','2025-08-07 02:39:33'),(8,8,'Standing Area','General admission area',100,600.00,'#FF6B6B',0,1,'2025-08-07 02:39:33','2025-08-07 02:39:33'),(9,9,'Standing Area','General admission area',100,600.00,'#FF6B6B',0,1,'2025-08-07 02:39:34','2025-08-07 02:39:34'),(10,10,'Standing Area','General admission area',100,600.00,'#FF6B6B',0,1,'2025-08-07 02:39:34','2025-08-07 02:39:34'),(11,11,'Standing Area','General admission area',100,600.00,'#FF6B6B',0,1,'2025-08-07 02:39:34','2025-08-07 02:39:34'),(12,12,'Standing Area','General admission area',100,600.00,'#FF6B6B',0,1,'2025-08-07 02:39:35','2025-08-07 02:39:35'),(13,13,'Standing Area','General admission area',100,600.00,'#FF6B6B',0,1,'2025-08-07 02:39:35','2025-08-07 02:39:35'),(14,14,'Standing Area','General admission area',100,600.00,'#FF6B6B',0,1,'2025-08-07 02:39:35','2025-08-07 02:39:35'),(15,15,'Standing Area','General admission area',100,600.00,'#FF6B6B',0,1,'2025-08-07 02:39:36','2025-08-07 02:39:36'),(16,16,'Standing Area','General admission area',100,600.00,'#FF6B6B',0,1,'2025-08-07 02:39:36','2025-08-07 02:39:36'),(17,17,'Standing Area','General admission area',100,600.00,'#FF6B6B',0,1,'2025-08-07 02:39:36','2025-08-07 02:39:36'),(18,18,'Standing Area','General admission area',100,600.00,'#FF6B6B',0,1,'2025-08-07 02:39:37','2025-08-07 02:39:37'),(19,19,'Standing Area','General admission area',100,600.00,'#FF6B6B',0,1,'2025-08-07 02:39:37','2025-08-07 02:39:37'),(20,20,'Standing Area','General admission area',100,600.00,'#FF6B6B',0,1,'2025-08-07 02:39:37','2025-08-07 02:39:37'),(21,21,'Standing Area','General admission area',100,600.00,'#FF6B6B',0,1,'2025-08-07 02:39:37','2025-08-07 02:39:37'),(22,22,'Standing Area','General admission area',100,600.00,'#FF6B6B',0,1,'2025-08-07 02:39:38','2025-08-07 02:39:38'),(23,23,'Standing Area','General admission area',100,600.00,'#FF6B6B',0,1,'2025-08-07 02:39:38','2025-08-07 02:39:38'),(24,24,'Standing Area','General admission area',100,600.00,'#FF6B6B',0,1,'2025-08-07 02:39:38','2025-08-07 02:39:38'),(25,25,'Standing Area','General admission area',100,600.00,'#FF6B6B',0,1,'2025-08-07 02:39:39','2025-08-07 02:39:39'),(26,26,'Standing Area','General admission area',100,600.00,'#FF6B6B',0,1,'2025-08-07 02:39:39','2025-08-07 02:39:39'),(27,27,'Standing Area','General admission area',100,600.00,'#FF6B6B',0,1,'2025-08-07 02:39:39','2025-08-07 02:39:39'),(28,28,'Standing Area','General admission area',100,600.00,'#FF6B6B',0,1,'2025-08-07 02:39:40','2025-08-07 02:39:40'),(29,29,'Standing Area','General admission area',100,600.00,'#FF6B6B',0,1,'2025-08-07 02:39:40','2025-08-07 02:39:40'),(30,30,'Standing Area','General admission area',100,600.00,'#FF6B6B',0,1,'2025-08-07 02:39:40','2025-08-07 02:39:40'),(31,31,'Standing Area','General admission area',100,600.00,'#FF6B6B',0,1,'2025-08-07 02:39:40','2025-08-07 02:39:40'),(32,32,'Standing Area','General admission area',100,600.00,'#FF6B6B',0,1,'2025-08-07 02:39:40','2025-08-07 02:39:40'),(33,33,'Standing Area','General admission area',100,600.00,'#FF6B6B',0,1,'2025-08-07 02:39:41','2025-08-07 02:39:41'),(34,34,'Standing Area','General admission area',100,600.00,'#FF6B6B',0,1,'2025-08-07 02:39:41','2025-08-07 02:39:41'),(35,36,'Standing Area','General admission area',100,600.00,'#FF6B6B',0,1,'2025-08-07 02:39:41','2025-08-07 02:39:41'),(36,37,'Standing Area','General admission area',100,600.00,'#FF6B6B',0,1,'2025-08-07 02:39:41','2025-08-07 02:39:41'),(37,38,'Standing Area','General admission area',100,600.00,'#FF6B6B',0,1,'2025-08-07 02:39:41','2025-08-07 02:39:41'),(38,39,'Standing Area','General admission area',100,600.00,'#FF6B6B',0,1,'2025-08-07 02:39:41','2025-08-07 02:39:41'),(39,40,'Standing Area','General admission area',100,600.00,'#FF6B6B',0,1,'2025-08-07 02:39:42','2025-08-07 02:39:42'),(40,41,'Standing Area','General admission area',100,600.00,'#FF6B6B',0,1,'2025-08-07 02:39:42','2025-08-07 02:39:42');
/*!40000 ALTER TABLE `general_admission_areas` ENABLE KEYS */;
UNLOCK TABLES;

--
-- Table structure for table `job_batches`
--

DROP TABLE IF EXISTS `job_batches`;
/*!40101 SET @saved_cs_client     = @@character_set_client */;
/*!50503 SET character_set_client = utf8mb4 */;
CREATE TABLE `job_batches` (
  `id` varchar(255) CHARACTER SET utf8mb4 COLLATE utf8mb4_unicode_ci NOT NULL,
  `name` varchar(255) CHARACTER SET utf8mb4 COLLATE utf8mb4_unicode_ci NOT NULL,
  `total_jobs` int NOT NULL,
  `pending_jobs` int NOT NULL,
  `failed_jobs` int NOT NULL,
  `failed_job_ids` longtext CHARACTER SET utf8mb4 COLLATE utf8mb4_unicode_ci NOT NULL,
  `options` mediumtext CHARACTER SET utf8mb4 COLLATE utf8mb4_unicode_ci,
  `cancelled_at` int DEFAULT NULL,
  `created_at` int NOT NULL,
  `finished_at` int DEFAULT NULL,
  PRIMARY KEY (`id`)
) ENGINE=InnoDB DEFAULT CHARSET=utf8mb4 COLLATE=utf8mb4_unicode_ci;
/*!40101 SET character_set_client = @saved_cs_client */;

--
-- Dumping data for table `job_batches`
--

LOCK TABLES `job_batches` WRITE;
/*!40000 ALTER TABLE `job_batches` DISABLE KEYS */;
/*!40000 ALTER TABLE `job_batches` ENABLE KEYS */;
UNLOCK TABLES;

--
-- Table structure for table `jobs`
--

DROP TABLE IF EXISTS `jobs`;
/*!40101 SET @saved_cs_client     = @@character_set_client */;
/*!50503 SET character_set_client = utf8mb4 */;
CREATE TABLE `jobs` (
  `id` bigint unsigned NOT NULL AUTO_INCREMENT,
  `queue` varchar(255) CHARACTER SET utf8mb4 COLLATE utf8mb4_unicode_ci NOT NULL,
  `payload` longtext CHARACTER SET utf8mb4 COLLATE utf8mb4_unicode_ci NOT NULL,
  `attempts` tinyint unsigned NOT NULL,
  `reserved_at` int unsigned DEFAULT NULL,
  `available_at` int unsigned NOT NULL,
  `created_at` int unsigned NOT NULL,
  PRIMARY KEY (`id`),
  KEY `jobs_queue_index` (`queue`)
) ENGINE=InnoDB DEFAULT CHARSET=utf8mb4 COLLATE=utf8mb4_unicode_ci;
/*!40101 SET character_set_client = @saved_cs_client */;

--
-- Dumping data for table `jobs`
--

LOCK TABLES `jobs` WRITE;
/*!40000 ALTER TABLE `jobs` DISABLE KEYS */;
/*!40000 ALTER TABLE `jobs` ENABLE KEYS */;
UNLOCK TABLES;

--
-- Table structure for table `migrations`
--

DROP TABLE IF EXISTS `migrations`;
/*!40101 SET @saved_cs_client     = @@character_set_client */;
/*!50503 SET character_set_client = utf8mb4 */;
CREATE TABLE `migrations` (
  `id` int unsigned NOT NULL AUTO_INCREMENT,
  `migration` varchar(255) CHARACTER SET utf8mb4 COLLATE utf8mb4_unicode_ci NOT NULL,
  `batch` int NOT NULL,
  PRIMARY KEY (`id`)
) ENGINE=InnoDB AUTO_INCREMENT=60 DEFAULT CHARSET=utf8mb4 COLLATE=utf8mb4_unicode_ci;
/*!40101 SET character_set_client = @saved_cs_client */;

--
-- Dumping data for table `migrations`
--

LOCK TABLES `migrations` WRITE;
/*!40000 ALTER TABLE `migrations` DISABLE KEYS */;
INSERT INTO `migrations` VALUES (1,'0001_01_01_000000_create_users_table',1),(2,'0001_01_01_000001_create_cache_table',2),(3,'0001_01_01_000002_create_jobs_table',3),(4,'2025_04_05_153837_add_role_to_users_table',4),(5,'2025_04_03_123334_create_show_categories_table',5),(6,'2025_04_03_123335_create_venues_table',6),(7,'2025_04_10_144433_create_customers_table',7),(8,'2025_04_03_123333_create_shows_table',8),(9,'2025_04_10_145012_create_posters_table',9),(10,'2025_04_10_145024_create_photo_galleries_table',10),(11,'2025_04_10_145038_create_video_galleries_table',11),(12,'2025_04_03_123339_create_galleries_table',12),(13,'2025_04_10_192044_create_ticket_types_table',13),(14,'2025_04_10_200226_create_seats_table',14),(15,'2025_04_10_200402_create_seat_maps_table',15),(16,'2025_04_03_123335_create_bookings_table',16),(17,'2025_04_10_144801_create_tickets_table',17),(18,'2025_04_16_140512_create_seat_categories_and_modify_tables',18),(19,'2025_04_18_202713_add_redirect_fields_to_shows_table',19),(20,'2025_04_19_081350_change_performers_column_type_in_shows_table',20),(21,'2025_04_20_215511_add_user_id_to_customers_table',21),(22,'2025_05_03_082034_create_photosin_galleries_table',22),(23,'2019_12_14_000001_create_personal_access_tokens_table',23),(24,'2025_06_16_092019_create_videosin_galleries_table',23),(25,'2025_07_16_220013_add_youtubelink_to_videosin_galaries_table',24),(26,'2025_07_20_075614_update_shows_table_add_seating_type',25),(27,'2025_07_20_093314_update_ticket_types_table',26),(28,'2025_07_20_093937_update_tickets_table',27),(29,'2025_07_20_094229_update_seat_reservations_table',28),(30,'2025_07_20_094424_create_general_admission_areas_table',29),(31,'2025_07_20_094620_create_show_ticket_quotas_table',29),(32,'2025_07_20_094714_create_ticket_holds_table',29),(33,'2025_07_20_094838_update_bookings_table',29),(34,'2025_07_20_095026_create_booking_items_table',30),(35,'2025_07_20_095155_add_performance_indexes',31),(36,'2025_07_23_223041_create_payments_table',32),(37,'2025_07_23_223145_update_bookings_table_add_missing_fields',32),(38,'2025_07_23_223209_update_tickets_table_add_missing_fields',32),(39,'2025_07_29_020600_optimize_database_indexes',33),(40,'2025_08_06_213508_add_seating_data_to_existing_venues',34),(41,'2025_08_11_181631_add_general_admission_fields_to_bookings_table',35),(42,'2025_08_13_214452_add_booking_fields_to_users_table',36),(43,'2025_08_13_214740_add_user_id_to_bookings_table',36),(44,'2025_08_13_215005_add_user_id_to_tickets_table',36),(45,'2025_08_13_215136_add_user_id_to_payments_table',36),(46,'2025_08_14_085508_add_fields_to_users_table',37),(47,'2025_08_14_093542_add_missing_columns_to_bookings_table',38),(48,'2025_08_14_105251_remove_total_price_from_bookings_table',39),(49,'2025_08_14_105909_add_payment_reference_to_bookings_table',40),(50,'2025_08_14_110519_add_confirmed_at_to_bookings_table',41),(51,'2025_08_14_112642_update_tickets_table_use_user_id_only',42),(52,'2025_08_14_112823_update_bookings_table_use_user_id_only',42),(53,'2025_08_14_112956_update_payments_table_use_user_id_only',42),(54,'2025_08_15_222959_create_webhook_logs_table',43),(55,'2025_08_20_111904_add_card_fields_to_bookings_table',44),(56,'2025_08_25_081634_add_customer_fields_to_bookings_table',45),(57,'2025_08_25_154537_add_paid_at_to_bookings_table',46),(58,'2025_08_27_193516_add_paypal_columns_to_bookings_table',47),(59,'2026_02_27_201415_create_registration_table',48);
/*!40000 ALTER TABLE `migrations` ENABLE KEYS */;
UNLOCK TABLES;

--
-- Table structure for table `password_reset_tokens`
--

DROP TABLE IF EXISTS `password_reset_tokens`;
/*!40101 SET @saved_cs_client     = @@character_set_client */;
/*!50503 SET character_set_client = utf8mb4 */;
CREATE TABLE `password_reset_tokens` (
  `email` varchar(255) CHARACTER SET utf8mb4 COLLATE utf8mb4_unicode_ci NOT NULL,
  `token` varchar(255) CHARACTER SET utf8mb4 COLLATE utf8mb4_unicode_ci NOT NULL,
  `created_at` timestamp NULL DEFAULT NULL,
  PRIMARY KEY (`email`)
) ENGINE=InnoDB DEFAULT CHARSET=utf8mb4 COLLATE=utf8mb4_unicode_ci;
/*!40101 SET character_set_client = @saved_cs_client */;

--
-- Dumping data for table `password_reset_tokens`
--

LOCK TABLES `password_reset_tokens` WRITE;
/*!40000 ALTER TABLE `password_reset_tokens` DISABLE KEYS */;
/*!40000 ALTER TABLE `password_reset_tokens` ENABLE KEYS */;
UNLOCK TABLES;

--
-- Table structure for table `payments`
--

DROP TABLE IF EXISTS `payments`;
/*!40101 SET @saved_cs_client     = @@character_set_client */;
/*!50503 SET character_set_client = utf8mb4 */;
CREATE TABLE `payments` (
  `id` bigint unsigned NOT NULL AUTO_INCREMENT,
  `user_id` bigint unsigned DEFAULT NULL,
  `created_at` timestamp NULL DEFAULT NULL,
  `updated_at` timestamp NULL DEFAULT NULL,
  PRIMARY KEY (`id`),
  KEY `payments_user_id_foreign` (`user_id`),
  CONSTRAINT `payments_user_id_foreign` FOREIGN KEY (`user_id`) REFERENCES `users` (`id`) ON DELETE CASCADE
) ENGINE=InnoDB DEFAULT CHARSET=utf8mb4 COLLATE=utf8mb4_unicode_ci;
/*!40101 SET character_set_client = @saved_cs_client */;

--
-- Dumping data for table `payments`
--

LOCK TABLES `payments` WRITE;
/*!40000 ALTER TABLE `payments` DISABLE KEYS */;
/*!40000 ALTER TABLE `payments` ENABLE KEYS */;
UNLOCK TABLES;

--
-- Table structure for table `personal_access_tokens`
--

DROP TABLE IF EXISTS `personal_access_tokens`;
/*!40101 SET @saved_cs_client     = @@character_set_client */;
/*!50503 SET character_set_client = utf8mb4 */;
CREATE TABLE `personal_access_tokens` (
  `id` bigint unsigned NOT NULL AUTO_INCREMENT,
  `tokenable_type` varchar(255) CHARACTER SET utf8mb4 COLLATE utf8mb4_unicode_ci NOT NULL,
  `tokenable_id` bigint unsigned NOT NULL,
  `name` varchar(255) CHARACTER SET utf8mb4 COLLATE utf8mb4_unicode_ci NOT NULL,
  `token` varchar(64) CHARACTER SET utf8mb4 COLLATE utf8mb4_unicode_ci NOT NULL,
  `abilities` text CHARACTER SET utf8mb4 COLLATE utf8mb4_unicode_ci,
  `last_used_at` timestamp NULL DEFAULT NULL,
  `expires_at` timestamp NULL DEFAULT NULL,
  `created_at` timestamp NULL DEFAULT NULL,
  `updated_at` timestamp NULL DEFAULT NULL,
  PRIMARY KEY (`id`),
  UNIQUE KEY `personal_access_tokens_token_unique` (`token`),
  KEY `personal_access_tokens_tokenable_type_tokenable_id_index` (`tokenable_type`,`tokenable_id`)
) ENGINE=InnoDB DEFAULT CHARSET=utf8mb4 COLLATE=utf8mb4_unicode_ci;
/*!40101 SET character_set_client = @saved_cs_client */;

--
-- Dumping data for table `personal_access_tokens`
--

LOCK TABLES `personal_access_tokens` WRITE;
/*!40000 ALTER TABLE `personal_access_tokens` DISABLE KEYS */;
/*!40000 ALTER TABLE `personal_access_tokens` ENABLE KEYS */;
UNLOCK TABLES;

--
-- Table structure for table `photo_galleries`
--

DROP TABLE IF EXISTS `photo_galleries`;
/*!40101 SET @saved_cs_client     = @@character_set_client */;
/*!50503 SET character_set_client = utf8mb4 */;
CREATE TABLE `photo_galleries` (
  `id` bigint unsigned NOT NULL AUTO_INCREMENT,
  `show_id` bigint unsigned NOT NULL,
  `title` varchar(255) CHARACTER SET utf8mb4 COLLATE utf8mb4_unicode_ci NOT NULL,
  `image` varchar(255) CHARACTER SET utf8mb4 COLLATE utf8mb4_unicode_ci NOT NULL,
  `description` text CHARACTER SET utf8mb4 COLLATE utf8mb4_unicode_ci,
  `display_order` int NOT NULL DEFAULT '0',
  `is_featured` tinyint(1) NOT NULL DEFAULT '0',
  `is_active` tinyint(1) NOT NULL DEFAULT '1',
  `created_at` timestamp NULL DEFAULT NULL,
  `updated_at` timestamp NULL DEFAULT NULL,
  PRIMARY KEY (`id`),
  KEY `photo_galleries_show_id_foreign` (`show_id`),
  CONSTRAINT `photo_galleries_show_id_foreign` FOREIGN KEY (`show_id`) REFERENCES `shows` (`id`) ON DELETE CASCADE
) ENGINE=InnoDB AUTO_INCREMENT=8 DEFAULT CHARSET=utf8mb4 COLLATE=utf8mb4_unicode_ci;
/*!40101 SET character_set_client = @saved_cs_client */;

--
-- Dumping data for table `photo_galleries`
--

LOCK TABLES `photo_galleries` WRITE;
/*!40000 ALTER TABLE `photo_galleries` DISABLE KEYS */;
INSERT INTO `photo_galleries` VALUES (1,1,'Hrithik Roshan Dallas Meet & Greet Rangotsav','photos/KB9gwcIqk9Mj7733QTnl4o8vvMqBToAhfkrWn8Iv.jpg','Chicago Photo Gallery 1',0,1,1,'2025-04-25 00:53:56','2025-04-25 00:53:56'),(2,13,'Umrao Jaan Ada (26th April 2024)','photos/D3oilgCXHprkFvU4LIVxylANiaq5NYf4CNUtCV3Q.jpg',NULL,0,1,1,'2025-07-30 20:19:46','2025-07-30 20:19:46'),(3,3,'Nora Fatehi Meet & Greet 2025','photos/gbHA6tG4QbgCUIJuaa1ktVb9bmxnFRy9F7LHJmC1.jpg','Nora Fatehi Meet & Greet 2025',0,0,1,'2025-08-09 02:34:51','2025-08-09 02:34:51'),(4,4,'Ghulam Ali Dallas 2023','photos/wpDLi7JOiSpTrhMoKa8PbuI6pFCbeecf4K1CsnfJ.jpg','Ghulam Ali Dallas 2023',0,0,1,'2025-08-10 00:03:56','2025-08-10 00:03:56'),(5,24,'Aaj Ki Raat NYE Dallas 2025','photos/rcVbn4fbtO2cYLD6cNyVeLzVk10B7btkv4Z83N3f.jpg','Aaj Ki Raat NYE Dallas 2025',0,0,1,'2025-08-10 01:30:58','2025-08-10 01:30:58'),(6,24,'Tamannaah Bhatia NYE Meet & Greet & Awards','photos/DN9q9sYue4g40rF7LdQUQ2UxDjJAyCqoTf1CW2zb.jpg','Tamannaah Bhatia NYE Meet & Greet & Awards',0,0,1,'2025-08-10 01:39:37','2025-08-10 01:39:37'),(7,86,'Neelam Kothari Soni - Charity Event 2024','photos/SM1fMxAthU4Zd49uy3Cyhn3w7juQTs2XEfESIyAh.jpg','Neelam Kothari Soni - Charity Event 2024',0,0,1,'2025-08-10 02:04:57','2025-08-10 02:04:57');
/*!40000 ALTER TABLE `photo_galleries` ENABLE KEYS */;
UNLOCK TABLES;

--
-- Table structure for table `photosin_galleries`
--

DROP TABLE IF EXISTS `photosin_galleries`;
/*!40101 SET @saved_cs_client     = @@character_set_client */;
/*!50503 SET character_set_client = utf8mb4 */;
CREATE TABLE `photosin_galleries` (
  `id` bigint unsigned NOT NULL AUTO_INCREMENT,
  `photo_gallery_id` bigint unsigned NOT NULL,
  `image` varchar(255) CHARACTER SET utf8mb4 COLLATE utf8mb4_unicode_ci NOT NULL,
  `description` text CHARACTER SET utf8mb4 COLLATE utf8mb4_unicode_ci,
  `display_order` int NOT NULL DEFAULT '0',
  `is_active` tinyint(1) NOT NULL DEFAULT '1',
  `created_at` timestamp NULL DEFAULT NULL,
  `updated_at` timestamp NULL DEFAULT NULL,
  PRIMARY KEY (`id`),
  KEY `photosin_galleries_photo_gallery_id_foreign` (`photo_gallery_id`),
  CONSTRAINT `photosin_galleries_photo_gallery_id_foreign` FOREIGN KEY (`photo_gallery_id`) REFERENCES `photo_galleries` (`id`) ON DELETE CASCADE
) ENGINE=InnoDB AUTO_INCREMENT=742 DEFAULT CHARSET=utf8mb4 COLLATE=utf8mb4_unicode_ci;
/*!40101 SET character_set_client = @saved_cs_client */;

--
-- Dumping data for table `photosin_galleries`
--

LOCK TABLES `photosin_galleries` WRITE;
/*!40000 ALTER TABLE `photosin_galleries` DISABLE KEYS */;
INSERT INTO `photosin_galleries` VALUES (8,2,'/storage/uploads/photos_in_galleries/1753890745_rav00810 - Copy.jpg','Umrao Jaan Ada',0,1,'2025-07-30 20:52:25','2025-07-30 20:52:25'),(9,2,'/storage/uploads/photos_in_galleries/1753890745_rav00810.jpg','Umrao Jaan Ada',0,1,'2025-07-30 20:52:25','2025-07-30 20:52:25'),(10,2,'/storage/uploads/photos_in_galleries/1753890745_rav00864 - Copy.jpg','Umrao Jaan Ada',0,1,'2025-07-30 20:52:25','2025-07-30 20:52:25'),(11,2,'/storage/uploads/photos_in_galleries/1753890785_rav00864.jpg','Umrao Jaan Ada',0,1,'2025-07-30 20:53:05','2025-07-30 20:53:05'),(12,2,'/storage/uploads/photos_in_galleries/1753890785_rav00890 - Copy.jpg','Umrao Jaan Ada',0,1,'2025-07-30 20:53:05','2025-07-30 20:53:05'),(13,2,'/storage/uploads/photos_in_galleries/1753890785_rav00890.jpg','Umrao Jaan Ada',0,1,'2025-07-30 20:53:05','2025-07-30 20:53:05'),(14,2,'/storage/uploads/photos_in_galleries/1753890827_rav00928 - Copy.jpg','Umrao Jan Ada',0,1,'2025-07-30 20:53:47','2025-07-30 20:53:47'),(15,2,'/storage/uploads/photos_in_galleries/1753890827_rav00928.jpg','Umrao Jan Ada',0,1,'2025-07-30 20:53:47','2025-07-30 20:53:47'),(16,2,'/storage/uploads/photos_in_galleries/1753890827_rav00960.jpg','Umrao Jan Ada',0,1,'2025-07-30 20:53:47','2025-07-30 20:53:47'),(17,2,'/storage/uploads/photos_in_galleries/1753890827_rav00982.jpg','Umrao Jan Ada',0,1,'2025-07-30 20:53:47','2025-07-30 20:53:47'),(18,2,'/storage/uploads/photos_in_galleries/1753891045_rav00996.jpg','Umrao Jaan Ada',0,1,'2025-07-30 20:57:25','2025-07-30 20:57:25'),(19,2,'/storage/uploads/photos_in_galleries/1753891045_rav01032.jpg','Umrao Jaan Ada',0,1,'2025-07-30 20:57:25','2025-07-30 20:57:25'),(20,2,'/storage/uploads/photos_in_galleries/1753891045_rav01036.jpg','Umrao Jaan Ada',0,1,'2025-07-30 20:57:25','2025-07-30 20:57:25'),(21,2,'/storage/uploads/photos_in_galleries/1753891105_rav01081.jpg','Umrao Jan Ada',0,1,'2025-07-30 20:58:25','2025-07-30 20:58:25'),(22,2,'/storage/uploads/photos_in_galleries/1753891105_rav01086.jpg','Umrao Jan Ada',0,1,'2025-07-30 20:58:25','2025-07-30 20:58:25'),(23,2,'/storage/uploads/photos_in_galleries/1753891105_rav01153.jpg','Umrao Jan Ada',0,1,'2025-07-30 20:58:25','2025-07-30 20:58:25'),(24,2,'/storage/uploads/photos_in_galleries/1753891105_rav01166.jpg','Umrao Jan Ada',0,1,'2025-07-30 20:58:25','2025-07-30 20:58:25'),(25,2,'/storage/uploads/photos_in_galleries/1753891105_rav01224.jpg','Umrao Jan Ada',0,1,'2025-07-30 20:58:25','2025-07-30 20:58:25'),(26,2,'/storage/uploads/photos_in_galleries/1753891138_rav01235.jpg','Umrao Jan Ada',0,1,'2025-07-30 20:58:58','2025-07-30 20:58:58'),(27,2,'/storage/uploads/photos_in_galleries/1753891138_rav01272.jpg','Umrao Jan Ada',0,1,'2025-07-30 20:58:58','2025-07-30 20:58:58'),(28,2,'/storage/uploads/photos_in_galleries/1753891138_rav01280.jpg','Umrao Jan Ada',0,1,'2025-07-30 20:58:58','2025-07-30 20:58:58'),(29,2,'/storage/uploads/photos_in_galleries/1753891138_rav01291.jpg','Umrao Jan Ada',0,1,'2025-07-30 20:58:58','2025-07-30 20:58:58'),(30,2,'/storage/uploads/photos_in_galleries/1753891138_rav01501.jpg','Umrao Jan Ada',0,1,'2025-07-30 20:58:58','2025-07-30 20:58:58'),(31,2,'/storage/uploads/photos_in_galleries/1753891174_rav01530.jpg','Umrao Jan Ada',0,1,'2025-07-30 20:59:34','2025-07-30 20:59:34'),(32,2,'/storage/uploads/photos_in_galleries/1753891174_rav01562.jpg','Umrao Jan Ada',0,1,'2025-07-30 20:59:34','2025-07-30 20:59:34'),(33,2,'/storage/uploads/photos_in_galleries/1753891174_rav01575.jpg','Umrao Jan Ada',0,1,'2025-07-30 20:59:34','2025-07-30 20:59:34'),(34,2,'/storage/uploads/photos_in_galleries/1753891174_rav01756.jpg','Umrao Jan Ada',0,1,'2025-07-30 20:59:34','2025-07-30 20:59:34'),(35,2,'/storage/uploads/photos_in_galleries/1753891203_rav01794.jpg','Umrao Jan Ada',0,1,'2025-07-30 21:00:03','2025-07-30 21:00:03'),(36,2,'/storage/uploads/photos_in_galleries/1753891203_rav01797.jpg','Umrao Jan Ada',0,1,'2025-07-30 21:00:03','2025-07-30 21:00:03'),(37,2,'/storage/uploads/photos_in_galleries/1753891203_rav01802.jpg','Umrao Jan Ada',0,1,'2025-07-30 21:00:03','2025-07-30 21:00:03'),(38,3,'/storage/uploads/photos_in_galleries/1754689211_494002376_1226152039516633_399805072618189300_n.jpg','Nora Fatehi Meet & Greet 2925',0,1,'2025-08-09 02:40:11','2025-08-09 02:40:11'),(39,3,'/storage/uploads/photos_in_galleries/1754689211_494012800_1226152256183278_5662488643871598861_n.jpg','Nora Fatehi Meet & Greet 2925',0,1,'2025-08-09 02:40:11','2025-08-09 02:40:11'),(40,3,'/storage/uploads/photos_in_galleries/1754689211_494068369_1226153779516459_6706699702238430962_n.jpg','Nora Fatehi Meet & Greet 2925',0,1,'2025-08-09 02:40:11','2025-08-09 02:40:11'),(41,3,'/storage/uploads/photos_in_galleries/1754689211_494268356_1226153872849783_7555991228610315171_n.jpg','Nora Fatehi Meet & Greet 2925',0,1,'2025-08-09 02:40:11','2025-08-09 02:40:11'),(42,3,'/storage/uploads/photos_in_galleries/1754689211_494285338_1226152776183226_9213358719043114253_n.jpg','Nora Fatehi Meet & Greet 2925',0,1,'2025-08-09 02:40:11','2025-08-09 02:40:11'),(43,3,'/storage/uploads/photos_in_galleries/1754689211_494304349_1226153159516521_5703132950567703430_n.jpg','Nora Fatehi Meet & Greet 2925',0,1,'2025-08-09 02:40:11','2025-08-09 02:40:11'),(44,3,'/storage/uploads/photos_in_galleries/1754689211_494313533_1226152069516630_3505215362723492866_n.jpg','Nora Fatehi Meet & Greet 2925',0,1,'2025-08-09 02:40:11','2025-08-09 02:40:11'),(45,3,'/storage/uploads/photos_in_galleries/1754689211_494413929_1226153926183111_487795054582691536_n.jpg','Nora Fatehi Meet & Greet 2925',0,1,'2025-08-09 02:40:11','2025-08-09 02:40:11'),(46,3,'/storage/uploads/photos_in_galleries/1754689211_494445173_1226151929516644_6361746218845164208_n.jpg','Nora Fatehi Meet & Greet 2925',0,1,'2025-08-09 02:40:11','2025-08-09 02:40:11'),(47,3,'/storage/uploads/photos_in_galleries/1754689271_494518604_1226151272850043_1035065502729533306_n.jpg','Nora Fatehi Meet & Greet 2025',0,1,'2025-08-09 02:41:11','2025-08-09 02:41:11'),(48,3,'/storage/uploads/photos_in_galleries/1754689272_494533693_1226153306183173_4448358219705473271_n.jpg','Nora Fatehi Meet & Greet 2025',0,1,'2025-08-09 02:41:12','2025-08-09 02:41:12'),(49,3,'/storage/uploads/photos_in_galleries/1754689272_494549199_1226153619516475_4536510178125157648_n.jpg','Nora Fatehi Meet & Greet 2025',0,1,'2025-08-09 02:41:12','2025-08-09 02:41:12'),(50,3,'/storage/uploads/photos_in_galleries/1754689272_494569135_1226151179516719_372262574053594652_n.jpg','Nora Fatehi Meet & Greet 2025',0,1,'2025-08-09 02:41:12','2025-08-09 02:41:12'),(51,3,'/storage/uploads/photos_in_galleries/1754689272_494647573_1226152442849926_4614011814710353759_n.jpg','Nora Fatehi Meet & Greet 2025',0,1,'2025-08-09 02:41:12','2025-08-09 02:41:12'),(52,3,'/storage/uploads/photos_in_galleries/1754689272_494669627_1226151136183390_450528317629268384_n.jpg','Nora Fatehi Meet & Greet 2025',0,1,'2025-08-09 02:41:12','2025-08-09 02:41:12'),(53,3,'/storage/uploads/photos_in_galleries/1754689272_494674402_1226149709516866_3976209701773712378_n.jpg','Nora Fatehi Meet & Greet 2025',0,1,'2025-08-09 02:41:12','2025-08-09 02:41:12'),(54,3,'/storage/uploads/photos_in_galleries/1754689272_494700339_1226150566183447_3055495900720545499_n.jpg','Nora Fatehi Meet & Greet 2025',0,1,'2025-08-09 02:41:12','2025-08-09 02:41:12'),(55,3,'/storage/uploads/photos_in_galleries/1754689272_494730188_1226152389516598_6967592881427341976_n.jpg','Nora Fatehi Meet & Greet 2025',0,1,'2025-08-09 02:41:12','2025-08-09 02:41:12'),(56,3,'/storage/uploads/photos_in_galleries/1754689303_494748796_1226150222850148_1590864251598699343_n.jpg','Nora Fatehi Meet & Greet 2025',0,1,'2025-08-09 02:41:43','2025-08-09 02:41:43'),(57,3,'/storage/uploads/photos_in_galleries/1754689303_494752185_1226149799516857_8446351818860473601_n.jpg','Nora Fatehi Meet & Greet 2025',0,1,'2025-08-09 02:41:43','2025-08-09 02:41:43'),(58,3,'/storage/uploads/photos_in_galleries/1754689303_494753138_1226150719516765_4367631044314814838_n.jpg','Nora Fatehi Meet & Greet 2025',0,1,'2025-08-09 02:41:43','2025-08-09 02:41:43'),(59,3,'/storage/uploads/photos_in_galleries/1754689303_494787704_1226153416183162_5320688605177238916_n.jpg','Nora Fatehi Meet & Greet 2025',0,1,'2025-08-09 02:41:43','2025-08-09 02:41:43'),(60,3,'/storage/uploads/photos_in_galleries/1754689303_494792872_1226152182849952_7291446862033448239_n.jpg','Nora Fatehi Meet & Greet 2025',0,1,'2025-08-09 02:41:43','2025-08-09 02:41:43'),(61,3,'/storage/uploads/photos_in_galleries/1754689303_494801080_1226153262849844_3799197414308317319_n.jpg','Nora Fatehi Meet & Greet 2025',0,1,'2025-08-09 02:41:43','2025-08-09 02:41:43'),(62,3,'/storage/uploads/photos_in_galleries/1754689303_494810631_1226151366183367_3170153764763359816_n.jpg','Nora Fatehi Meet & Greet 2025',0,1,'2025-08-09 02:41:43','2025-08-09 02:41:43'),(63,3,'/storage/uploads/photos_in_galleries/1754689303_494891178_1226151666183337_2052253104854467665_n.jpg','Nora Fatehi Meet & Greet 2025',0,1,'2025-08-09 02:41:43','2025-08-09 02:41:43'),(64,3,'/storage/uploads/photos_in_galleries/1754689303_494906654_1226150149516822_5935956260904199277_n.jpg','Nora Fatehi Meet & Greet 2025',0,1,'2025-08-09 02:41:43','2025-08-09 02:41:43'),(65,3,'/storage/uploads/photos_in_galleries/1754689341_494909528_1226152329516604_1852869881673430071_n.jpg','Nora Fatehi Meet & Greet 2025',0,1,'2025-08-09 02:42:21','2025-08-09 02:42:21'),(66,3,'/storage/uploads/photos_in_galleries/1754689341_494927193_1226151586183345_2953472886732437856_n.jpg','Nora Fatehi Meet & Greet 2025',0,1,'2025-08-09 02:42:21','2025-08-09 02:42:21'),(67,3,'/storage/uploads/photos_in_galleries/1754689341_494960166_1226151746183329_4560928830357151263_n.jpg','Nora Fatehi Meet & Greet 2025',0,1,'2025-08-09 02:42:21','2025-08-09 02:42:21'),(68,3,'/storage/uploads/photos_in_galleries/1754689341_494981885_1226152682849902_7382912360388549010_n.jpg','Nora Fatehi Meet & Greet 2025',0,1,'2025-08-09 02:42:21','2025-08-09 02:42:21'),(69,3,'/storage/uploads/photos_in_galleries/1754689341_495012507_1226150522850118_5295507188334490198_n.jpg','Nora Fatehi Meet & Greet 2025',0,1,'2025-08-09 02:42:21','2025-08-09 02:42:21'),(70,3,'/storage/uploads/photos_in_galleries/1754689341_495040077_1226150832850087_6455241722246614046_n.jpg','Nora Fatehi Meet & Greet 2025',0,1,'2025-08-09 02:42:21','2025-08-09 02:42:21'),(71,3,'/storage/uploads/photos_in_galleries/1754689341_495040866_1226154042849766_1709046478493927887_n.jpg','Nora Fatehi Meet & Greet 2025',0,1,'2025-08-09 02:42:21','2025-08-09 02:42:21'),(72,3,'/storage/uploads/photos_in_galleries/1754689341_495124123_1226153102849860_8853957315867414521_n.jpg','Nora Fatehi Meet & Greet 2025',0,1,'2025-08-09 02:42:21','2025-08-09 02:42:21'),(73,3,'/storage/uploads/photos_in_galleries/1754689341_495162460_1226153579516479_1874371894813485979_n.jpg','Nora Fatehi Meet & Greet 2025',0,1,'2025-08-09 02:42:21','2025-08-09 02:42:21'),(74,3,'/storage/uploads/photos_in_galleries/1754689380_495175021_1226150786183425_4462522254064034421_n.jpg','Nora Fatehi Meet & Greet 2025',0,1,'2025-08-09 02:43:00','2025-08-09 02:43:00'),(75,3,'/storage/uploads/photos_in_galleries/1754689380_495210245_1226153699516467_562946408773109719_n.jpg','Nora Fatehi Meet & Greet 2025',0,1,'2025-08-09 02:43:00','2025-08-09 02:43:00'),(76,3,'/storage/uploads/photos_in_galleries/1754689380_495269627_1226150492850121_9091724382278036810_n.jpg','Nora Fatehi Meet & Greet 2025',0,1,'2025-08-09 02:43:00','2025-08-09 02:43:00'),(77,3,'/storage/uploads/photos_in_galleries/1754689380_495327762_1226153959516441_6734427676469632885_n.jpg','Nora Fatehi Meet & Greet 2025',0,1,'2025-08-09 02:43:00','2025-08-09 02:43:00'),(78,3,'/storage/uploads/photos_in_galleries/1754689380_495333465_1226153126183191_8923345233169752072_n.jpg','Nora Fatehi Meet & Greet 2025',0,1,'2025-08-09 02:43:00','2025-08-09 02:43:00'),(79,3,'/storage/uploads/photos_in_galleries/1754689380_495337383_1226151669516670_5811812443439227685_n.jpg','Nora Fatehi Meet & Greet 2025',0,1,'2025-08-09 02:43:00','2025-08-09 02:43:00'),(80,3,'/storage/uploads/photos_in_galleries/1754689380_495337569_1226152959516541_4996093176478409200_n.jpg','Nora Fatehi Meet & Greet 2025',0,1,'2025-08-09 02:43:00','2025-08-09 02:43:00'),(81,3,'/storage/uploads/photos_in_galleries/1754689380_495339195_1226149612850209_8602432469597134448_n.jpg','Nora Fatehi Meet & Greet 2025',0,1,'2025-08-09 02:43:00','2025-08-09 02:43:00'),(82,3,'/storage/uploads/photos_in_galleries/1754689380_495368158_1226149732850197_5597936829504956914_n.jpg','Nora Fatehi Meet & Greet 2025',0,1,'2025-08-09 02:43:00','2025-08-09 02:43:00'),(83,3,'/storage/uploads/photos_in_galleries/1754689432_495369745_1226150186183485_4409111827630718257_n.jpg','Nora Fatehi Meet & Greet 2025',0,1,'2025-08-09 02:43:52','2025-08-09 02:43:52'),(84,3,'/storage/uploads/photos_in_galleries/1754689432_495374226_1226152509516586_7211458416440063534_n.jpg','Nora Fatehi Meet & Greet 2025',0,1,'2025-08-09 02:43:52','2025-08-09 02:43:52'),(85,3,'/storage/uploads/photos_in_galleries/1754689432_495374315_1226149852850185_799013361075300511_n.jpg','Nora Fatehi Meet & Greet 2025',0,1,'2025-08-09 02:43:52','2025-08-09 02:43:52'),(86,3,'/storage/uploads/photos_in_galleries/1754689432_495374536_1226151376183366_5350931085648044278_n.jpg','Nora Fatehi Meet & Greet 2025',0,1,'2025-08-09 02:43:52','2025-08-09 02:43:52'),(87,3,'/storage/uploads/photos_in_galleries/1754689432_495376174_1226151012850069_2429133400603602010_n.jpg','Nora Fatehi Meet & Greet 2025',0,1,'2025-08-09 02:43:52','2025-08-09 02:43:52'),(88,3,'/storage/uploads/photos_in_galleries/1754689432_495377314_1226151436183360_3497600174884103234_n.jpg','Nora Fatehi Meet & Greet 2025',0,1,'2025-08-09 02:43:52','2025-08-09 02:43:52'),(89,3,'/storage/uploads/photos_in_galleries/1754689432_495378444_1226153372849833_3031002796408311269_n.jpg','Nora Fatehi Meet & Greet 2025',0,1,'2025-08-09 02:43:52','2025-08-09 02:43:52'),(90,4,'/storage/uploads/photos_in_galleries/1754768211_491736774_1245272750937895_6387412281622478469_n.jpg','Ghulam Ali Dallas 2023',0,1,'2025-08-10 00:36:51','2025-08-10 00:36:51'),(91,4,'/storage/uploads/photos_in_galleries/1754768211_491960520_1245266527605184_6660288046708264767_n.jpg','Ghulam Ali Dallas 2023',0,1,'2025-08-10 00:36:51','2025-08-10 00:36:51'),(92,4,'/storage/uploads/photos_in_galleries/1754768211_498945209_1245268744271629_490851858215000753_n.jpg','Ghulam Ali Dallas 2023',0,1,'2025-08-10 00:36:51','2025-08-10 00:36:51'),(93,4,'/storage/uploads/photos_in_galleries/1754768211_498947152_1245271977604639_6135513741075102929_n.jpg','Ghulam Ali Dallas 2023',0,1,'2025-08-10 00:36:51','2025-08-10 00:36:51'),(94,4,'/storage/uploads/photos_in_galleries/1754768211_499053353_1245262134272290_5072384637559399487_n.jpg','Ghulam Ali Dallas 2023',0,1,'2025-08-10 00:36:51','2025-08-10 00:36:51'),(95,4,'/storage/uploads/photos_in_galleries/1754768211_499130807_1245266284271875_3661074299588698509_n.jpg','Ghulam Ali Dallas 2023',0,1,'2025-08-10 00:36:51','2025-08-10 00:36:51'),(96,4,'/storage/uploads/photos_in_galleries/1754768211_499134558_1245272454271258_795947557139558782_n.jpg','Ghulam Ali Dallas 2023',0,1,'2025-08-10 00:36:51','2025-08-10 00:36:51'),(97,4,'/storage/uploads/photos_in_galleries/1754768211_499146684_1245264980938672_1612920976963614991_n.jpg','Ghulam Ali Dallas 2023',0,1,'2025-08-10 00:36:51','2025-08-10 00:36:51'),(98,4,'/storage/uploads/photos_in_galleries/1754768211_499154641_1245274020937768_2300646989253483729_n.jpg','Ghulam Ali Dallas 2023',0,1,'2025-08-10 00:36:51','2025-08-10 00:36:51'),(99,4,'/storage/uploads/photos_in_galleries/1754768211_499394064_1245274660937704_5035162049380100149_n.jpg','Ghulam Ali Dallas 2023',0,1,'2025-08-10 00:36:51','2025-08-10 00:36:51'),(100,4,'/storage/uploads/photos_in_galleries/1754768211_499406130_1245266694271834_1613994846115719647_n.jpg','Ghulam Ali Dallas 2023',0,1,'2025-08-10 00:36:51','2025-08-10 00:36:51'),(101,4,'/storage/uploads/photos_in_galleries/1754768211_499438783_1245272427604594_7772212581675577734_n.jpg','Ghulam Ali Dallas 2023',0,1,'2025-08-10 00:36:51','2025-08-10 00:36:51'),(102,4,'/storage/uploads/photos_in_galleries/1754768211_499469845_1245273660937804_2275083928260113478_n.jpg','Ghulam Ali Dallas 2023',0,1,'2025-08-10 00:36:51','2025-08-10 00:36:51'),(103,4,'/storage/uploads/photos_in_galleries/1754768211_499527706_1245273727604464_4489451175805009035_n.jpg','Ghulam Ali Dallas 2023',0,1,'2025-08-10 00:36:51','2025-08-10 00:36:51'),(104,4,'/storage/uploads/photos_in_galleries/1754768211_499538699_1245274817604355_4990752531595613388_n.jpg','Ghulam Ali Dallas 2023',0,1,'2025-08-10 00:36:51','2025-08-10 00:36:51'),(105,4,'/storage/uploads/photos_in_galleries/1754768211_499671517_1245264210938749_8107892085042125590_n.jpg','Ghulam Ali Dallas 2023',0,1,'2025-08-10 00:36:51','2025-08-10 00:36:51'),(106,4,'/storage/uploads/photos_in_galleries/1754768211_499674308_1245265657605271_8616941044088717317_n.jpg','Ghulam Ali Dallas 2023',0,1,'2025-08-10 00:36:51','2025-08-10 00:36:51'),(107,4,'/storage/uploads/photos_in_galleries/1754768211_499686591_1245265277605309_8376856584312632709_n.jpg','Ghulam Ali Dallas 2023',0,1,'2025-08-10 00:36:51','2025-08-10 00:36:51'),(108,4,'/storage/uploads/photos_in_galleries/1754768211_499690641_1245266810938489_7240791919346040864_n.jpg','Ghulam Ali Dallas 2023',0,1,'2025-08-10 00:36:51','2025-08-10 00:36:51'),(109,4,'/storage/uploads/photos_in_galleries/1754768211_499696860_1245266064271897_8751574952528432877_n.jpg','Ghulam Ali Dallas 2023',0,1,'2025-08-10 00:36:51','2025-08-10 00:36:51'),(110,4,'/storage/uploads/photos_in_galleries/1754768211_499708003_1245265514271952_6895126337641811021_n.jpg','Ghulam Ali Dallas 2023',0,1,'2025-08-10 00:36:51','2025-08-10 00:36:51'),(111,4,'/storage/uploads/photos_in_galleries/1754768211_499709423_1245263817605455_2660537639144792670_n.jpg','Ghulam Ali Dallas 2023',0,1,'2025-08-10 00:36:51','2025-08-10 00:36:51'),(112,4,'/storage/uploads/photos_in_galleries/1754768211_499710438_1245268414271662_8951323209272888895_n.jpg','Ghulam Ali Dallas 2023',0,1,'2025-08-10 00:36:51','2025-08-10 00:36:51'),(113,4,'/storage/uploads/photos_in_galleries/1754768211_499713256_1245274440937726_3715186494048674437_n.jpg','Ghulam Ali Dallas 2023',0,1,'2025-08-10 00:36:51','2025-08-10 00:36:51'),(114,4,'/storage/uploads/photos_in_galleries/1754768211_499721982_1245274547604382_5952451619273695509_n.jpg','Ghulam Ali Dallas 2023',0,1,'2025-08-10 00:36:51','2025-08-10 00:36:51'),(115,4,'/storage/uploads/photos_in_galleries/1754768211_499724594_1245264024272101_609348745785256126_n.jpg','Ghulam Ali Dallas 2023',0,1,'2025-08-10 00:36:51','2025-08-10 00:36:51'),(116,4,'/storage/uploads/photos_in_galleries/1754768211_499731634_1245266130938557_7438930835207836431_n.jpg','Ghulam Ali Dallas 2023',0,1,'2025-08-10 00:36:51','2025-08-10 00:36:51'),(117,4,'/storage/uploads/photos_in_galleries/1754768211_499743133_1245265837605253_5842101647637080985_n.jpg','Ghulam Ali Dallas 2023',0,1,'2025-08-10 00:36:51','2025-08-10 00:36:51'),(118,4,'/storage/uploads/photos_in_galleries/1754768211_499748262_1245265164271987_4849161333727898333_n.jpg','Ghulam Ali Dallas 2023',0,1,'2025-08-10 00:36:51','2025-08-10 00:36:51'),(119,4,'/storage/uploads/photos_in_galleries/1754768211_499755501_1245268240938346_4411718010856162556_n.jpg','Ghulam Ali Dallas 2023',0,1,'2025-08-10 00:36:51','2025-08-10 00:36:51'),(120,4,'/storage/uploads/photos_in_galleries/1754768211_499756625_1245275650937605_3875350573444037514_n.jpg','Ghulam Ali Dallas 2023',0,1,'2025-08-10 00:36:51','2025-08-10 00:36:51'),(121,4,'/storage/uploads/photos_in_galleries/1754768211_499758097_1245272367604600_739466346844742863_n.jpg','Ghulam Ali Dallas 2023',0,1,'2025-08-10 00:36:51','2025-08-10 00:36:51'),(122,4,'/storage/uploads/photos_in_galleries/1754768211_499758821_1245268720938298_6155429911811018086_n.jpg','Ghulam Ali Dallas 2023',0,1,'2025-08-10 00:36:51','2025-08-10 00:36:51'),(123,4,'/storage/uploads/photos_in_galleries/1754768211_499761356_1245272580937912_2800670695682458229_n.jpg','Ghulam Ali Dallas 2023',0,1,'2025-08-10 00:36:51','2025-08-10 00:36:51'),(124,4,'/storage/uploads/photos_in_galleries/1754768211_499770347_1245266404271863_6929976108310245724_n.jpg','Ghulam Ali Dallas 2023',0,1,'2025-08-10 00:36:51','2025-08-10 00:36:51'),(125,4,'/storage/uploads/photos_in_galleries/1754768211_499775494_1245272397604597_4883021500189578534_n.jpg','Ghulam Ali Dallas 2023',0,1,'2025-08-10 00:36:51','2025-08-10 00:36:51'),(126,4,'/storage/uploads/photos_in_galleries/1754768211_499781470_1245274580937712_4016599539706486249_n.jpg','Ghulam Ali Dallas 2023',0,1,'2025-08-10 00:36:51','2025-08-10 00:36:51'),(127,4,'/storage/uploads/photos_in_galleries/1754768211_499782065_1245272434271260_5858399547346253057_n.jpg','Ghulam Ali Dallas 2023',0,1,'2025-08-10 00:36:51','2025-08-10 00:36:51'),(128,4,'/storage/uploads/photos_in_galleries/1754768211_499782075_1245266504271853_7641686614202766769_n.jpg','Ghulam Ali Dallas 2023',0,1,'2025-08-10 00:36:51','2025-08-10 00:36:51'),(129,4,'/storage/uploads/photos_in_galleries/1754768211_499782994_1245266137605223_1954173168674948228_n.jpg','Ghulam Ali Dallas 2023',0,1,'2025-08-10 00:36:51','2025-08-10 00:36:51'),(130,4,'/storage/uploads/photos_in_galleries/1754768211_499791530_1245266914271812_4979243063672707341_n.jpg','Ghulam Ali Dallas 2023',0,1,'2025-08-10 00:36:51','2025-08-10 00:36:51'),(131,4,'/storage/uploads/photos_in_galleries/1754768211_499795088_1245265124271991_7100307275924721453_n.jpg','Ghulam Ali Dallas 2023',0,1,'2025-08-10 00:36:51','2025-08-10 00:36:51'),(132,4,'/storage/uploads/photos_in_galleries/1754768211_499795827_1245275460937624_8648626235842685672_n.jpg','Ghulam Ali Dallas 2023',0,1,'2025-08-10 00:36:51','2025-08-10 00:36:51'),(133,4,'/storage/uploads/photos_in_galleries/1754768211_499795843_1245273574271146_7949459718177011573_n.jpg','Ghulam Ali Dallas 2023',0,1,'2025-08-10 00:36:51','2025-08-10 00:36:51'),(134,4,'/storage/uploads/photos_in_galleries/1754768211_499797720_1245263947605442_7227847265844786916_n.jpg','Ghulam Ali Dallas 2023',0,1,'2025-08-10 00:36:51','2025-08-10 00:36:51'),(135,4,'/storage/uploads/photos_in_galleries/1754768211_499800565_1245270934271410_4769572544742021354_n.jpg','Ghulam Ali Dallas 2023',0,1,'2025-08-10 00:36:51','2025-08-10 00:36:51'),(136,4,'/storage/uploads/photos_in_galleries/1754768211_499805303_1245272787604558_6280084981673634704_n.jpg','Ghulam Ali Dallas 2023',0,1,'2025-08-10 00:36:51','2025-08-10 00:36:51'),(137,4,'/storage/uploads/photos_in_galleries/1754768211_499806052_1245266794271824_2468818643702519820_n.jpg','Ghulam Ali Dallas 2023',0,1,'2025-08-10 00:36:51','2025-08-10 00:36:51'),(138,4,'/storage/uploads/photos_in_galleries/1754768211_499808774_1245263347605502_1579592285007411284_n.jpg','Ghulam Ali Dallas 2023',0,1,'2025-08-10 00:36:51','2025-08-10 00:36:51'),(139,4,'/storage/uploads/photos_in_galleries/1754768211_499810241_1245275487604288_3727798791742060255_n.jpg','Ghulam Ali Dallas 2023',0,1,'2025-08-10 00:36:51','2025-08-10 00:36:51'),(140,4,'/storage/uploads/photos_in_galleries/1754768211_499810247_1245272464271257_8347051415307647894_n.jpg','Ghulam Ali Dallas 2023',0,1,'2025-08-10 00:36:51','2025-08-10 00:36:51'),(141,4,'/storage/uploads/photos_in_galleries/1754768211_499818947_1245273024271201_7680494032033813591_n.jpg','Ghulam Ali Dallas 2023',0,1,'2025-08-10 00:36:51','2025-08-10 00:36:51'),(142,4,'/storage/uploads/photos_in_galleries/1754768211_499836270_1245268440938326_6662343722625492593_n.jpg','Ghulam Ali Dallas 2023',0,1,'2025-08-10 00:36:51','2025-08-10 00:36:51'),(143,4,'/storage/uploads/photos_in_galleries/1754768211_499846206_1245264110938759_4012846295170332903_n.jpg','Ghulam Ali Dallas 2023',0,1,'2025-08-10 00:36:51','2025-08-10 00:36:51'),(144,4,'/storage/uploads/photos_in_galleries/1754768211_499852163_1245269577604879_1962095306733624256_n.jpg','Ghulam Ali Dallas 2023',0,1,'2025-08-10 00:36:51','2025-08-10 00:36:51'),(145,4,'/storage/uploads/photos_in_galleries/1754768211_499860030_1245271997604637_3119823017749587136_n.jpg','Ghulam Ali Dallas 2023',0,1,'2025-08-10 00:36:51','2025-08-10 00:36:51'),(146,4,'/storage/uploads/photos_in_galleries/1754768211_499860198_1245265934271910_8224821830387268732_n.jpg','Ghulam Ali Dallas 2023',0,1,'2025-08-10 00:36:51','2025-08-10 00:36:51'),(147,4,'/storage/uploads/photos_in_galleries/1754768211_499862991_1245274610937709_1698165492416065869_n.jpg','Ghulam Ali Dallas 2023',0,1,'2025-08-10 00:36:51','2025-08-10 00:36:51'),(148,4,'/storage/uploads/photos_in_galleries/1754768211_499863006_1245274057604431_7694341301593024445_n.jpg','Ghulam Ali Dallas 2023',0,1,'2025-08-10 00:36:51','2025-08-10 00:36:51'),(149,4,'/storage/uploads/photos_in_galleries/1754768211_499866980_1245265397605297_5000688033419859395_n.jpg','Ghulam Ali Dallas 2023',0,1,'2025-08-10 00:36:51','2025-08-10 00:36:51'),(150,4,'/storage/uploads/photos_in_galleries/1754768211_499869227_1245263564272147_6917705209545566745_n.jpg','Ghulam Ali Dallas 2023',0,1,'2025-08-10 00:36:51','2025-08-10 00:36:51'),(151,4,'/storage/uploads/photos_in_galleries/1754768211_499870811_1245265980938572_5399338486605581843_n.jpg','Ghulam Ali Dallas 2023',0,1,'2025-08-10 00:36:51','2025-08-10 00:36:51'),(152,4,'/storage/uploads/photos_in_galleries/1754768211_499871079_1245264234272080_5891154852913300970_n.jpg','Ghulam Ali Dallas 2023',0,1,'2025-08-10 00:36:51','2025-08-10 00:36:51'),(153,4,'/storage/uploads/photos_in_galleries/1754768211_499871189_1245272990937871_920996684603700458_n.jpg','Ghulam Ali Dallas 2023',0,1,'2025-08-10 00:36:51','2025-08-10 00:36:51'),(154,4,'/storage/uploads/photos_in_galleries/1754768211_499885135_1245265540938616_1791051544159608999_n.jpg','Ghulam Ali Dallas 2023',0,1,'2025-08-10 00:36:51','2025-08-10 00:36:51'),(155,4,'/storage/uploads/photos_in_galleries/1754768211_499890270_1245264104272093_5421793137625241437_n.jpg','Ghulam Ali Dallas 2023',0,1,'2025-08-10 00:36:51','2025-08-10 00:36:51'),(156,4,'/storage/uploads/photos_in_galleries/1754768211_499890656_1245273014271202_4179105063653275038_n.jpg','Ghulam Ali Dallas 2023',0,1,'2025-08-10 00:36:51','2025-08-10 00:36:51'),(157,4,'/storage/uploads/photos_in_galleries/1754768211_499893810_1245265644271939_3002333992236622341_n.jpg','Ghulam Ali Dallas 2023',0,1,'2025-08-10 00:36:51','2025-08-10 00:36:51'),(158,4,'/storage/uploads/photos_in_galleries/1754768211_499897866_1245265464271957_8962479570175444621_n.jpg','Ghulam Ali Dallas 2023',0,1,'2025-08-10 00:36:51','2025-08-10 00:36:51'),(159,4,'/storage/uploads/photos_in_galleries/1754768211_499914523_1245272110937959_8402592658675865024_n.jpg','Ghulam Ali Dallas 2023',0,1,'2025-08-10 00:36:51','2025-08-10 00:36:51'),(160,4,'/storage/uploads/photos_in_galleries/1754768211_499915634_1245263317605505_5322763285749427921_n.jpg','Ghulam Ali Dallas 2023',0,1,'2025-08-10 00:36:51','2025-08-10 00:36:51'),(161,4,'/storage/uploads/photos_in_galleries/1754768211_499917911_1245272954271208_5530759048627710685_n.jpg','Ghulam Ali Dallas 2023',0,1,'2025-08-10 00:36:51','2025-08-10 00:36:51'),(162,4,'/storage/uploads/photos_in_galleries/1754768211_499918548_1245273470937823_2155249307347885751_n.jpg','Ghulam Ali Dallas 2023',0,1,'2025-08-10 00:36:51','2025-08-10 00:36:51'),(163,4,'/storage/uploads/photos_in_galleries/1754768211_499918902_1245266054271898_3750013265632168262_n.jpg','Ghulam Ali Dallas 2023',0,1,'2025-08-10 00:36:51','2025-08-10 00:36:51'),(164,4,'/storage/uploads/photos_in_galleries/1754768211_499921032_1245272500937920_1103923860725582663_n.jpg','Ghulam Ali Dallas 2023',0,1,'2025-08-10 00:36:51','2025-08-10 00:36:51'),(165,4,'/storage/uploads/photos_in_galleries/1754768211_499921867_1245271034271400_8463855443107509772_n.jpg','Ghulam Ali Dallas 2023',0,1,'2025-08-10 00:36:51','2025-08-10 00:36:51'),(166,4,'/storage/uploads/photos_in_galleries/1754768211_499923604_1245267594271744_6814542827980695136_n.jpg','Ghulam Ali Dallas 2023',0,1,'2025-08-10 00:36:51','2025-08-10 00:36:51'),(167,4,'/storage/uploads/photos_in_galleries/1754768211_499923703_1245266040938566_6531674019747383194_n.jpg','Ghulam Ali Dallas 2023',0,1,'2025-08-10 00:36:51','2025-08-10 00:36:51'),(168,4,'/storage/uploads/photos_in_galleries/1754768211_499925608_1245267060938464_8239616694829613831_n.jpg','Ghulam Ali Dallas 2023',0,1,'2025-08-10 00:36:51','2025-08-10 00:36:51'),(169,4,'/storage/uploads/photos_in_galleries/1754768211_499927617_1245266317605205_6315875246130240838_n.jpg','Ghulam Ali Dallas 2023',0,1,'2025-08-10 00:36:51','2025-08-10 00:36:51'),(170,4,'/storage/uploads/photos_in_galleries/1754768211_499931170_1245274844271019_5538024508459215995_n.jpg','Ghulam Ali Dallas 2023',0,1,'2025-08-10 00:36:51','2025-08-10 00:36:51'),(171,4,'/storage/uploads/photos_in_galleries/1754768211_499932487_1245270577604779_7083388135676099421_n.jpg','Ghulam Ali Dallas 2023',0,1,'2025-08-10 00:36:51','2025-08-10 00:36:51'),(172,4,'/storage/uploads/photos_in_galleries/1754768211_499932711_1245267237605113_8642100340126711792_n.jpg','Ghulam Ali Dallas 2023',0,1,'2025-08-10 00:36:51','2025-08-10 00:36:51'),(173,4,'/storage/uploads/photos_in_galleries/1754768211_499933051_1245264550938715_6251225369302073162_n.jpg','Ghulam Ali Dallas 2023',0,1,'2025-08-10 00:36:51','2025-08-10 00:36:51'),(174,4,'/storage/uploads/photos_in_galleries/1754768211_499934296_1245264130938757_5228833189430102309_n.jpg','Ghulam Ali Dallas 2023',0,1,'2025-08-10 00:36:51','2025-08-10 00:36:51'),(175,4,'/storage/uploads/photos_in_galleries/1754768211_499934759_1245273930937777_6753526992987749469_n.jpg','Ghulam Ali Dallas 2023',0,1,'2025-08-10 00:36:51','2025-08-10 00:36:51'),(176,4,'/storage/uploads/photos_in_galleries/1754768211_499935035_1245265087605328_1151203547772077760_n.jpg','Ghulam Ali Dallas 2023',0,1,'2025-08-10 00:36:51','2025-08-10 00:36:51'),(177,4,'/storage/uploads/photos_in_galleries/1754768211_499935107_1245276050937565_6932641568611732435_n.jpg','Ghulam Ali Dallas 2023',0,1,'2025-08-10 00:36:51','2025-08-10 00:36:51'),(178,4,'/storage/uploads/photos_in_galleries/1754768211_499940288_1245263424272161_871765696492782680_n.jpg','Ghulam Ali Dallas 2023',0,1,'2025-08-10 00:36:51','2025-08-10 00:36:51'),(179,4,'/storage/uploads/photos_in_galleries/1754768211_499943382_1245267317605105_4810773849905697871_n.jpg','Ghulam Ali Dallas 2023',0,1,'2025-08-10 00:36:51','2025-08-10 00:36:51'),(180,4,'/storage/uploads/photos_in_galleries/1754768211_499943401_1245265624271941_1488204098512973023_n.jpg','Ghulam Ali Dallas 2023',0,1,'2025-08-10 00:36:51','2025-08-10 00:36:51'),(181,4,'/storage/uploads/photos_in_galleries/1754768211_499959698_1245273654271138_1345504626326706838_n.jpg','Ghulam Ali Dallas 2023',0,1,'2025-08-10 00:36:51','2025-08-10 00:36:51'),(182,4,'/storage/uploads/photos_in_galleries/1754768211_499965450_1245274947604342_3259083737800558730_n.jpg','Ghulam Ali Dallas 2023',0,1,'2025-08-10 00:36:51','2025-08-10 00:36:51'),(183,4,'/storage/uploads/photos_in_galleries/1754768211_499968469_1245265320938638_4778636575670225312_n.jpg','Ghulam Ali Dallas 2023',0,1,'2025-08-10 00:36:51','2025-08-10 00:36:51'),(184,4,'/storage/uploads/photos_in_galleries/1754768211_499975108_1245265080938662_1778506032058225436_n.jpg','Ghulam Ali Dallas 2023',0,1,'2025-08-10 00:36:51','2025-08-10 00:36:51'),(185,4,'/storage/uploads/photos_in_galleries/1754768211_499975207_1245264660938704_8660641373617264483_n.jpg','Ghulam Ali Dallas 2023',0,1,'2025-08-10 00:36:51','2025-08-10 00:36:51'),(186,4,'/storage/uploads/photos_in_galleries/1754768211_499978978_1245266830938487_2567293701163995897_n.jpg','Ghulam Ali Dallas 2023',0,1,'2025-08-10 00:36:51','2025-08-10 00:36:51'),(187,4,'/storage/uploads/photos_in_galleries/1754768211_499979470_1245265470938623_8786309484995656378_n.jpg','Ghulam Ali Dallas 2023',0,1,'2025-08-10 00:36:51','2025-08-10 00:36:51'),(188,4,'/storage/uploads/photos_in_galleries/1754768211_499979601_1245272780937892_4401897646063897392_n.jpg','Ghulam Ali Dallas 2023',0,1,'2025-08-10 00:36:51','2025-08-10 00:36:51'),(189,4,'/storage/uploads/photos_in_galleries/1754768211_499989190_1245275910937579_8556675216824546276_n.jpg','Ghulam Ali Dallas 2023',0,1,'2025-08-10 00:36:51','2025-08-10 00:36:51'),(190,4,'/storage/uploads/photos_in_galleries/1754768211_499989559_1245271160938054_4953081478638299228_n.jpg','Ghulam Ali Dallas 2023',0,1,'2025-08-10 00:36:51','2025-08-10 00:36:51'),(191,4,'/storage/uploads/photos_in_galleries/1754768211_499996224_1245266660938504_9086333850662306419_n.jpg','Ghulam Ali Dallas 2023',0,1,'2025-08-10 00:36:51','2025-08-10 00:36:51'),(192,4,'/storage/uploads/photos_in_galleries/1754768211_500002011_1245265480938622_6905314899036321369_n.jpg','Ghulam Ali Dallas 2023',0,1,'2025-08-10 00:36:51','2025-08-10 00:36:51'),(193,4,'/storage/uploads/photos_in_galleries/1754768211_500004491_1245265410938629_784506061887752782_n.jpg','Ghulam Ali Dallas 2023',0,1,'2025-08-10 00:36:51','2025-08-10 00:36:51'),(194,4,'/storage/uploads/photos_in_galleries/1754768211_500006608_1245266790938491_2193730933252148390_n.jpg','Ghulam Ali Dallas 2023',0,1,'2025-08-10 00:36:51','2025-08-10 00:36:51'),(195,4,'/storage/uploads/photos_in_galleries/1754768211_500022585_1245274030937767_3107934147074295727_n.jpg','Ghulam Ali Dallas 2023',0,1,'2025-08-10 00:36:51','2025-08-10 00:36:51'),(196,4,'/storage/uploads/photos_in_galleries/1754768211_500034708_1245272940937876_8560212964134169626_n.jpg','Ghulam Ali Dallas 2023',0,1,'2025-08-10 00:36:51','2025-08-10 00:36:51'),(197,4,'/storage/uploads/photos_in_galleries/1754768211_500034988_1245267097605127_6863845433291920474_n.jpg','Ghulam Ali Dallas 2023',0,1,'2025-08-10 00:36:51','2025-08-10 00:36:51'),(198,4,'/storage/uploads/photos_in_galleries/1754768211_500035244_1245273334271170_5324136198366583897_n.jpg','Ghulam Ali Dallas 2023',0,1,'2025-08-10 00:36:51','2025-08-10 00:36:51'),(199,4,'/storage/uploads/photos_in_galleries/1754768211_500039397_1245264120938758_4268013546494776785_n.jpg','Ghulam Ali Dallas 2023',0,1,'2025-08-10 00:36:51','2025-08-10 00:36:51'),(200,4,'/storage/uploads/photos_in_galleries/1754768211_500039611_1245262914272212_8056984255694258765_n.jpg','Ghulam Ali Dallas 2023',0,1,'2025-08-10 00:36:51','2025-08-10 00:36:51'),(201,4,'/storage/uploads/photos_in_galleries/1754768211_500040582_1245271114271392_3268941894136139365_n.jpg','Ghulam Ali Dallas 2023',0,1,'2025-08-10 00:36:51','2025-08-10 00:36:51'),(202,4,'/storage/uploads/photos_in_galleries/1754768211_500062259_1245273684271135_4698096296401951315_n.jpg','Ghulam Ali Dallas 2023',0,1,'2025-08-10 00:36:51','2025-08-10 00:36:51'),(203,4,'/storage/uploads/photos_in_galleries/1754768211_500069063_1245264957605341_192218384512922792_n.jpg','Ghulam Ali Dallas 2023',0,1,'2025-08-10 00:36:51','2025-08-10 00:36:51'),(204,4,'/storage/uploads/photos_in_galleries/1754768211_500071676_1245266004271903_1849296303927615301_n.jpg','Ghulam Ali Dallas 2023',0,1,'2025-08-10 00:36:51','2025-08-10 00:36:51'),(205,4,'/storage/uploads/photos_in_galleries/1754768211_500073486_1245271484271355_8713356394490706920_n.jpg','Ghulam Ali Dallas 2023',0,1,'2025-08-10 00:36:51','2025-08-10 00:36:51'),(206,4,'/storage/uploads/photos_in_galleries/1754768211_500077941_1245267227605114_501141834333039387_n.jpg','Ghulam Ali Dallas 2023',0,1,'2025-08-10 00:36:51','2025-08-10 00:36:51'),(207,4,'/storage/uploads/photos_in_galleries/1754768211_500079075_1245265360938634_5378466707810603122_n.jpg','Ghulam Ali Dallas 2023',0,1,'2025-08-10 00:36:51','2025-08-10 00:36:51'),(208,4,'/storage/uploads/photos_in_galleries/1754768211_500080802_1245266824271821_1171814593964855452_n.jpg','Ghulam Ali Dallas 2023',0,1,'2025-08-10 00:36:51','2025-08-10 00:36:51'),(209,4,'/storage/uploads/photos_in_galleries/1754768211_500081928_1245264804272023_5650948411643535161_n.jpg','Ghulam Ali Dallas 2023',0,1,'2025-08-10 00:36:51','2025-08-10 00:36:51'),(210,4,'/storage/uploads/photos_in_galleries/1754768211_500084446_1245263090938861_7145309610694142985_n.jpg','Ghulam Ali Dallas 2023',0,1,'2025-08-10 00:36:51','2025-08-10 00:36:51'),(211,4,'/storage/uploads/photos_in_galleries/1754768211_500086993_1245273980937772_1507471880983244884_n.jpg','Ghulam Ali Dallas 2023',0,1,'2025-08-10 00:36:51','2025-08-10 00:36:51'),(212,4,'/storage/uploads/photos_in_galleries/1754768211_500093317_1245268570938313_8406029536855615835_n.jpg','Ghulam Ali Dallas 2023',0,1,'2025-08-10 00:36:51','2025-08-10 00:36:51'),(213,4,'/storage/uploads/photos_in_galleries/1754768211_500100868_1245265707605266_4952516227823054985_n.jpg','Ghulam Ali Dallas 2023',0,1,'2025-08-10 00:36:51','2025-08-10 00:36:51'),(214,4,'/storage/uploads/photos_in_galleries/1754768211_500104222_1245262594272244_3270889537333090162_n.jpg','Ghulam Ali Dallas 2023',0,1,'2025-08-10 00:36:51','2025-08-10 00:36:51'),(215,4,'/storage/uploads/photos_in_galleries/1754768211_500110921_1245275814270922_8900765173346908738_n.jpg','Ghulam Ali Dallas 2023',0,1,'2025-08-10 00:36:51','2025-08-10 00:36:51'),(216,4,'/storage/uploads/photos_in_galleries/1754768211_500114197_1245274924271011_6166613721911022792_n.jpg','Ghulam Ali Dallas 2023',0,1,'2025-08-10 00:36:51','2025-08-10 00:36:51'),(217,4,'/storage/uploads/photos_in_galleries/1754768211_500114641_1245265344271969_119522247246669628_n.jpg','Ghulam Ali Dallas 2023',0,1,'2025-08-10 00:36:51','2025-08-10 00:36:51'),(218,4,'/storage/uploads/photos_in_galleries/1754768211_500119700_1245272727604564_5989809379685659444_n.jpg','Ghulam Ali Dallas 2023',0,1,'2025-08-10 00:36:51','2025-08-10 00:36:51'),(219,4,'/storage/uploads/photos_in_galleries/1754768211_500120657_1245265134271990_7673979290854980949_n.jpg','Ghulam Ali Dallas 2023',0,1,'2025-08-10 00:36:51','2025-08-10 00:36:51'),(220,4,'/storage/uploads/photos_in_galleries/1754768211_500125293_1245265287605308_5374930128642034737_n.jpg','Ghulam Ali Dallas 2023',0,1,'2025-08-10 00:36:51','2025-08-10 00:36:51'),(221,4,'/storage/uploads/photos_in_galleries/1754768211_500134956_1245264064272097_589412290300523948_n.jpg','Ghulam Ali Dallas 2023',0,1,'2025-08-10 00:36:51','2025-08-10 00:36:51'),(222,4,'/storage/uploads/photos_in_galleries/1754768211_500142354_1245265100938660_6506466600907748614_n.jpg','Ghulam Ali Dallas 2023',0,1,'2025-08-10 00:36:51','2025-08-10 00:36:51'),(223,4,'/storage/uploads/photos_in_galleries/1754768211_500144349_1245266097605227_4382905711880319643_n.jpg','Ghulam Ali Dallas 2023',0,1,'2025-08-10 00:36:51','2025-08-10 00:36:51'),(224,4,'/storage/uploads/photos_in_galleries/1754768211_500153469_1245273630937807_3043019987521079586_n.jpg','Ghulam Ali Dallas 2023',0,1,'2025-08-10 00:36:51','2025-08-10 00:36:51'),(225,4,'/storage/uploads/photos_in_galleries/1754768211_500163137_1245275214270982_6690714761886122733_n.jpg','Ghulam Ali Dallas 2023',0,1,'2025-08-10 00:36:51','2025-08-10 00:36:51'),(226,4,'/storage/uploads/photos_in_galleries/1754768211_500206481_1245264820938688_3852027134379093970_n.jpg','Ghulam Ali Dallas 2023',0,1,'2025-08-10 00:36:51','2025-08-10 00:36:51'),(227,4,'/storage/uploads/photos_in_galleries/1754768211_500219479_1245263807605456_5916245846143447807_n.jpg','Ghulam Ali Dallas 2023',0,1,'2025-08-10 00:36:51','2025-08-10 00:36:51'),(228,4,'/storage/uploads/photos_in_galleries/1754768211_500220337_1245273170937853_4438637355370161351_n.jpg','Ghulam Ali Dallas 2023',0,1,'2025-08-10 00:36:51','2025-08-10 00:36:51'),(229,4,'/storage/uploads/photos_in_galleries/1754768211_500223283_1245263780938792_590253345276274949_n.jpg','Ghulam Ali Dallas 2023',0,1,'2025-08-10 00:36:51','2025-08-10 00:36:51'),(230,4,'/storage/uploads/photos_in_galleries/1754768211_500227034_1245265200938650_7478652918742431777_n.jpg','Ghulam Ali Dallas 2023',0,1,'2025-08-10 00:36:51','2025-08-10 00:36:51'),(231,4,'/storage/uploads/photos_in_galleries/1754768211_500228146_1245272200937950_4327075049864823869_n.jpg','Ghulam Ali Dallas 2023',0,1,'2025-08-10 00:36:51','2025-08-10 00:36:51'),(232,4,'/storage/uploads/photos_in_galleries/1754768211_500230740_1245275260937644_2366182869821245330_n.jpg','Ghulam Ali Dallas 2023',0,1,'2025-08-10 00:36:51','2025-08-10 00:36:51'),(233,4,'/storage/uploads/photos_in_galleries/1754768211_500232082_1245266860938484_6255574423991615365_n.jpg','Ghulam Ali Dallas 2023',0,1,'2025-08-10 00:36:51','2025-08-10 00:36:51'),(234,4,'/storage/uploads/photos_in_galleries/1754768211_500232983_1245272520937918_6984215917748303972_n.jpg','Ghulam Ali Dallas 2023',0,1,'2025-08-10 00:36:51','2025-08-10 00:36:51'),(235,4,'/storage/uploads/photos_in_galleries/1754768211_500235420_1245274767604360_6265044429899520855_n.jpg','Ghulam Ali Dallas 2023',0,1,'2025-08-10 00:36:51','2025-08-10 00:36:51'),(236,4,'/storage/uploads/photos_in_galleries/1754768211_500236889_1245265254271978_6366190015153431190_n.jpg','Ghulam Ali Dallas 2023',0,1,'2025-08-10 00:36:51','2025-08-10 00:36:51'),(237,4,'/storage/uploads/photos_in_galleries/1754768211_500250573_1245271750937995_2415623360452761470_n.jpg','Ghulam Ali Dallas 2023',0,1,'2025-08-10 00:36:51','2025-08-10 00:36:51'),(238,4,'/storage/uploads/photos_in_galleries/1754768211_500260209_1245273324271171_2550332006558109473_n.jpg','Ghulam Ali Dallas 2023',0,1,'2025-08-10 00:36:51','2025-08-10 00:36:51'),(239,4,'/storage/uploads/photos_in_galleries/1754768211_500305200_1245266297605207_7151842803502031221_n.jpg','Ghulam Ali Dallas 2023',0,1,'2025-08-10 00:36:51','2025-08-10 00:36:51'),(240,4,'/storage/uploads/photos_in_galleries/1754768211_500318632_1245274594271044_1948244364235830754_n.jpg','Ghulam Ali Dallas 2023',0,1,'2025-08-10 00:36:51','2025-08-10 00:36:51'),(241,4,'/storage/uploads/photos_in_galleries/1754768211_500320262_1245265460938624_8183608827562090713_n.jpg','Ghulam Ali Dallas 2023',0,1,'2025-08-10 00:36:51','2025-08-10 00:36:51'),(242,4,'/storage/uploads/photos_in_galleries/1754768211_500320725_1245274270937743_4463939340398877764_n.jpg','Ghulam Ali Dallas 2023',0,1,'2025-08-10 00:36:51','2025-08-10 00:36:51'),(243,4,'/storage/uploads/photos_in_galleries/1754768211_500335169_1245266620938508_945191201245756224_n.jpg','Ghulam Ali Dallas 2023',0,1,'2025-08-10 00:36:51','2025-08-10 00:36:51'),(244,4,'/storage/uploads/photos_in_galleries/1754768211_500346609_1245264927605344_4450185505119934465_n.jpg','Ghulam Ali Dallas 2023',0,1,'2025-08-10 00:36:51','2025-08-10 00:36:51'),(245,4,'/storage/uploads/photos_in_galleries/1754768211_500360412_1245275400937630_8950989541216501203_n.jpg','Ghulam Ali Dallas 2023',0,1,'2025-08-10 00:36:51','2025-08-10 00:36:51'),(246,4,'/storage/uploads/photos_in_galleries/1754768211_500374350_1245271844271319_3239149855612879925_n.jpg','Ghulam Ali Dallas 2023',0,1,'2025-08-10 00:36:51','2025-08-10 00:36:51'),(247,4,'/storage/uploads/photos_in_galleries/1754768211_500392566_1245274014271102_1031845762087081047_n.jpg','Ghulam Ali Dallas 2023',0,1,'2025-08-10 00:36:51','2025-08-10 00:36:51'),(248,4,'/storage/uploads/photos_in_galleries/1754768211_500400291_1245271094271394_3842255415242452782_n.jpg','Ghulam Ali Dallas 2023',0,1,'2025-08-10 00:36:51','2025-08-10 00:36:51'),(249,4,'/storage/uploads/photos_in_galleries/1754768211_500406346_1245274647604372_2505953108615422462_n.jpg','Ghulam Ali Dallas 2023',0,1,'2025-08-10 00:36:51','2025-08-10 00:36:51'),(250,4,'/storage/uploads/photos_in_galleries/1754768211_500428230_1245271314271372_5211612913377186162_n.jpg','Ghulam Ali Dallas 2023',0,1,'2025-08-10 00:36:51','2025-08-10 00:36:51'),(251,4,'/storage/uploads/photos_in_galleries/1754768211_500429678_1245271824271321_6431444687256678753_n.jpg','Ghulam Ali Dallas 2023',0,1,'2025-08-10 00:36:51','2025-08-10 00:36:51'),(252,4,'/storage/uploads/photos_in_galleries/1754768211_500435996_1245273990937771_3910306044834648566_n.jpg','Ghulam Ali Dallas 2023',0,1,'2025-08-10 00:36:51','2025-08-10 00:36:51'),(253,4,'/storage/uploads/photos_in_galleries/1754768211_500437601_1245265024272001_12989861819743494_n.jpg','Ghulam Ali Dallas 2023',0,1,'2025-08-10 00:36:51','2025-08-10 00:36:51'),(254,4,'/storage/uploads/photos_in_galleries/1754768211_500441576_1245264900938680_5296575052740378890_n.jpg','Ghulam Ali Dallas 2023',0,1,'2025-08-10 00:36:51','2025-08-10 00:36:51'),(255,4,'/storage/uploads/photos_in_galleries/1754768211_500448627_1245272844271219_2362295203216916334_n.jpg','Ghulam Ali Dallas 2023',0,1,'2025-08-10 00:36:51','2025-08-10 00:36:51'),(256,4,'/storage/uploads/photos_in_galleries/1754768211_500507810_1245266310938539_6761300636609728297_n.jpg','Ghulam Ali Dallas 2023',0,1,'2025-08-10 00:36:51','2025-08-10 00:36:51'),(257,4,'/storage/uploads/photos_in_galleries/1754768211_500527963_1245266234271880_942972160521238767_n.jpg','Ghulam Ali Dallas 2023',0,1,'2025-08-10 00:36:51','2025-08-10 00:36:51'),(258,4,'/storage/uploads/photos_in_galleries/1754768211_500529224_1245266190938551_8171125616438135808_n.jpg','Ghulam Ali Dallas 2023',0,1,'2025-08-10 00:36:51','2025-08-10 00:36:51'),(259,4,'/storage/uploads/photos_in_galleries/1754768211_500538735_1245273960937774_6833997434098016346_n.jpg','Ghulam Ali Dallas 2023',0,1,'2025-08-10 00:36:51','2025-08-10 00:36:51'),(260,4,'/storage/uploads/photos_in_galleries/1754768211_500557234_1245264004272103_1445884297481953669_n.jpg','Ghulam Ali Dallas 2023',0,1,'2025-08-10 00:36:51','2025-08-10 00:36:51'),(261,4,'/storage/uploads/photos_in_galleries/1754768211_500571388_1245268100938360_7858507093503973265_n.jpg','Ghulam Ali Dallas 2023',0,1,'2025-08-10 00:36:51','2025-08-10 00:36:51'),(262,4,'/storage/uploads/photos_in_galleries/1754768211_500625795_1245275244270979_6676612062132213922_n.jpg','Ghulam Ali Dallas 2023',0,1,'2025-08-10 00:36:51','2025-08-10 00:36:51'),(263,4,'/storage/uploads/photos_in_galleries/1754768211_500637563_1245263920938778_8244791182539373220_n.jpg','Ghulam Ali Dallas 2023',0,1,'2025-08-10 00:36:51','2025-08-10 00:36:51'),(264,4,'/storage/uploads/photos_in_galleries/1754768211_500657984_1245271140938056_7773840785912923519_n.jpg','Ghulam Ali Dallas 2023',0,1,'2025-08-10 00:36:51','2025-08-10 00:36:51'),(265,4,'/storage/uploads/photos_in_galleries/1754768211_500693721_1245274967604340_6202881956506519932_n.jpg','Ghulam Ali Dallas 2023',0,1,'2025-08-10 00:36:51','2025-08-10 00:36:51'),(266,4,'/storage/uploads/photos_in_galleries/1754768211_500699847_1245266337605203_3207475763439183053_n.jpg','Ghulam Ali Dallas 2023',0,1,'2025-08-10 00:36:51','2025-08-10 00:36:51'),(267,4,'/storage/uploads/photos_in_galleries/1754768211_500705862_1245268164271687_5024229716721945814_n.jpg','Ghulam Ali Dallas 2023',0,1,'2025-08-10 00:36:51','2025-08-10 00:36:51'),(268,4,'/storage/uploads/photos_in_galleries/1754768211_500706386_1245266470938523_4865453850421258126_n.jpg','Ghulam Ali Dallas 2023',0,1,'2025-08-10 00:36:51','2025-08-10 00:36:51'),(269,4,'/storage/uploads/photos_in_galleries/1754768211_500707486_1245275894270914_7394625583804666861_n.jpg','Ghulam Ali Dallas 2023',0,1,'2025-08-10 00:36:51','2025-08-10 00:36:51'),(270,4,'/storage/uploads/photos_in_galleries/1754768211_500708849_1245273057604531_7324313829342399363_n.jpg','Ghulam Ali Dallas 2023',0,1,'2025-08-10 00:36:51','2025-08-10 00:36:51'),(271,4,'/storage/uploads/photos_in_galleries/1754768211_500708912_1245265174271986_5458839317837086240_n.jpg','Ghulam Ali Dallas 2023',0,1,'2025-08-10 00:36:51','2025-08-10 00:36:51'),(272,4,'/storage/uploads/photos_in_galleries/1754768211_500714655_1245265034272000_1462133387228515442_n.jpg','Ghulam Ali Dallas 2023',0,1,'2025-08-10 00:36:51','2025-08-10 00:36:51'),(273,4,'/storage/uploads/photos_in_galleries/1754768211_500736265_1245266984271805_8132721200545924619_n.jpg','Ghulam Ali Dallas 2023',0,1,'2025-08-10 00:36:51','2025-08-10 00:36:51'),(274,4,'/storage/uploads/photos_in_galleries/1754768211_500740594_1245264447605392_156697372900657791_n.jpg','Ghulam Ali Dallas 2023',0,1,'2025-08-10 00:36:51','2025-08-10 00:36:51'),(275,4,'/storage/uploads/photos_in_galleries/1754768211_500740936_1245265307605306_6635667890002326714_n.jpg','Ghulam Ali Dallas 2023',0,1,'2025-08-10 00:36:51','2025-08-10 00:36:51'),(276,4,'/storage/uploads/photos_in_galleries/1754768211_500742687_1245264584272045_7271938379153223722_n.jpg','Ghulam Ali Dallas 2023',0,1,'2025-08-10 00:36:51','2025-08-10 00:36:51'),(277,4,'/storage/uploads/photos_in_galleries/1754768211_500761936_1245266497605187_6893763086371751879_n.jpg','Ghulam Ali Dallas 2023',0,1,'2025-08-10 00:36:51','2025-08-10 00:36:51'),(278,4,'/storage/uploads/photos_in_galleries/1754768211_500770473_1245266707605166_1417242297423569479_n.jpg','Ghulam Ali Dallas 2023',0,1,'2025-08-10 00:36:51','2025-08-10 00:36:51'),(279,4,'/storage/uploads/photos_in_galleries/1754768211_500775076_1245275647604272_2327570793899370575_n.jpg','Ghulam Ali Dallas 2023',0,1,'2025-08-10 00:36:51','2025-08-10 00:36:51'),(280,4,'/storage/uploads/photos_in_galleries/1754768211_500793748_1245273084271195_7062147171472133134_n.jpg','Ghulam Ali Dallas 2023',0,1,'2025-08-10 00:36:51','2025-08-10 00:36:51'),(281,4,'/storage/uploads/photos_in_galleries/1754768211_500814639_1245263600938810_6737277521679550233_n.jpg','Ghulam Ali Dallas 2023',0,1,'2025-08-10 00:36:51','2025-08-10 00:36:51'),(282,4,'/storage/uploads/photos_in_galleries/1754768211_500826555_1245264694272034_7957149534729747486_n.jpg','Ghulam Ali Dallas 2023',0,1,'2025-08-10 00:36:51','2025-08-10 00:36:51'),(283,4,'/storage/uploads/photos_in_galleries/1754768211_500842113_1245272507604586_4545463118252956128_n.jpg','Ghulam Ali Dallas 2023',0,1,'2025-08-10 00:36:51','2025-08-10 00:36:51'),(284,4,'/storage/uploads/photos_in_galleries/1754768211_501050718_1245272544271249_5703214318326928374_n.jpg','Ghulam Ali Dallas 2023',0,1,'2025-08-10 00:36:51','2025-08-10 00:36:51'),(285,4,'/storage/uploads/photos_in_galleries/1754768211_501072137_1245274700937700_7231427918405242641_n.jpg','Ghulam Ali Dallas 2023',0,1,'2025-08-10 00:36:51','2025-08-10 00:36:51'),(286,4,'/storage/uploads/photos_in_galleries/1754768211_501137889_1245266217605215_3092655967158127879_n.jpg','Ghulam Ali Dallas 2023',0,1,'2025-08-10 00:36:51','2025-08-10 00:36:51'),(287,4,'/storage/uploads/photos_in_galleries/1754768211_501157099_1245264737605363_2441507919403983957_n.jpg','Ghulam Ali Dallas 2023',0,1,'2025-08-10 00:36:51','2025-08-10 00:36:51'),(288,4,'/storage/uploads/photos_in_galleries/1754768211_501167278_1245263327605504_1988602280431930924_n.jpg','Ghulam Ali Dallas 2023',0,1,'2025-08-10 00:36:52','2025-08-10 00:36:52'),(289,4,'/storage/uploads/photos_in_galleries/1754768212_501185839_1245266207605216_7646704138676227059_n.jpg','Ghulam Ali Dallas 2023',0,1,'2025-08-10 00:36:52','2025-08-10 00:36:52'),(290,4,'/storage/uploads/photos_in_galleries/1754768212_501186827_1245264557605381_4967921303072499805_n.jpg','Ghulam Ali Dallas 2023',0,1,'2025-08-10 00:36:52','2025-08-10 00:36:52'),(291,4,'/storage/uploads/photos_in_galleries/1754768212_501309383_1245263800938790_4932462945233745803_n.jpg','Ghulam Ali Dallas 2023',0,1,'2025-08-10 00:36:52','2025-08-10 00:36:52'),(292,4,'/storage/uploads/photos_in_galleries/1754768212_501312991_1245266154271888_6575085301235325514_n.jpg','Ghulam Ali Dallas 2023',0,1,'2025-08-10 00:36:52','2025-08-10 00:36:52'),(293,4,'/storage/uploads/photos_in_galleries/1754768212_501323789_1245273387604498_4987790169497607335_n.jpg','Ghulam Ali Dallas 2023',0,1,'2025-08-10 00:36:52','2025-08-10 00:36:52'),(294,4,'/storage/uploads/photos_in_galleries/1754768212_501387600_1245264744272029_5854121995506467861_n.jpg','Ghulam Ali Dallas 2023',0,1,'2025-08-10 00:36:52','2025-08-10 00:36:52'),(295,4,'/storage/uploads/photos_in_galleries/1754768212_501429632_1245269424271561_6449862841921573567_n.jpg','Ghulam Ali Dallas 2023',0,1,'2025-08-10 00:36:52','2025-08-10 00:36:52'),(296,4,'/storage/uploads/photos_in_galleries/1754768212_Ghulam Ali Dallas.jpg','Ghulam Ali Dallas 2023',0,1,'2025-08-10 00:36:52','2025-08-10 00:36:52'),(297,1,'/storage/uploads/photos_in_galleries/1754770595_492007518_1232537552211415_3174480667604007213_n.jpg','Hrithik Roshan Dallas Meet & Greet Rangotsav',0,1,'2025-08-10 01:16:35','2025-08-10 01:16:35'),(298,1,'/storage/uploads/photos_in_galleries/1754770595_494142392_1232539198877917_8674923090654087207_n.jpg','Hrithik Roshan Dallas Meet & Greet Rangotsav',0,1,'2025-08-10 01:16:35','2025-08-10 01:16:35'),(299,1,'/storage/uploads/photos_in_galleries/1754770595_494372955_1232534578878379_3798360940823040624_n.jpg','Hrithik Roshan Dallas Meet & Greet Rangotsav',0,1,'2025-08-10 01:16:35','2025-08-10 01:16:35'),(300,1,'/storage/uploads/photos_in_galleries/1754770595_494671170_1232535622211608_7454378482228029233_n.jpg','Hrithik Roshan Dallas Meet & Greet Rangotsav',0,1,'2025-08-10 01:16:35','2025-08-10 01:16:35'),(301,1,'/storage/uploads/photos_in_galleries/1754770595_494679336_1232534522211718_992152224986013403_n.jpg','Hrithik Roshan Dallas Meet & Greet Rangotsav',0,1,'2025-08-10 01:16:35','2025-08-10 01:16:35'),(302,1,'/storage/uploads/photos_in_galleries/1754770595_494682666_1232532318878605_5651683900297027861_n.jpg','Hrithik Roshan Dallas Meet & Greet Rangotsav',0,1,'2025-08-10 01:16:35','2025-08-10 01:16:35'),(303,1,'/storage/uploads/photos_in_galleries/1754770595_494683011_1232533112211859_7292907921741301817_n.jpg','Hrithik Roshan Dallas Meet & Greet Rangotsav',0,1,'2025-08-10 01:16:35','2025-08-10 01:16:35'),(304,1,'/storage/uploads/photos_in_galleries/1754770595_494691634_1232536608878176_5435649264046540106_n.jpg','Hrithik Roshan Dallas Meet & Greet Rangotsav',0,1,'2025-08-10 01:16:35','2025-08-10 01:16:35'),(305,1,'/storage/uploads/photos_in_galleries/1754770595_494696458_1232534152211755_8064366828119674754_n.jpg','Hrithik Roshan Dallas Meet & Greet Rangotsav',0,1,'2025-08-10 01:16:35','2025-08-10 01:16:35'),(306,1,'/storage/uploads/photos_in_galleries/1754770595_494772271_1232537398878097_5093544258813932228_n.jpg','Hrithik Roshan Dallas Meet & Greet Rangotsav',0,1,'2025-08-10 01:16:35','2025-08-10 01:16:35'),(307,1,'/storage/uploads/photos_in_galleries/1754770595_494916316_1232536102211560_5272097908787841077_n.jpg','Hrithik Roshan Dallas Meet & Greet Rangotsav',0,1,'2025-08-10 01:16:35','2025-08-10 01:16:35'),(308,1,'/storage/uploads/photos_in_galleries/1754770595_494947977_1232535162211654_3198526548811999266_n.jpg','Hrithik Roshan Dallas Meet & Greet Rangotsav',0,1,'2025-08-10 01:16:35','2025-08-10 01:16:35'),(309,1,'/storage/uploads/photos_in_galleries/1754770595_494965299_1232535095544994_1465315308377380230_n.jpg','Hrithik Roshan Dallas Meet & Greet Rangotsav',0,1,'2025-08-10 01:16:35','2025-08-10 01:16:35'),(310,1,'/storage/uploads/photos_in_galleries/1754770595_495060117_1232532178878619_2198032604454865397_n.jpg','Hrithik Roshan Dallas Meet & Greet Rangotsav',0,1,'2025-08-10 01:16:35','2025-08-10 01:16:35'),(311,1,'/storage/uploads/photos_in_galleries/1754770595_495088626_1232536715544832_1289587506623681481_n.jpg','Hrithik Roshan Dallas Meet & Greet Rangotsav',0,1,'2025-08-10 01:16:35','2025-08-10 01:16:35'),(312,1,'/storage/uploads/photos_in_galleries/1754770595_495128126_1232537192211451_2982095190712655840_n.jpg','Hrithik Roshan Dallas Meet & Greet Rangotsav',0,1,'2025-08-10 01:16:35','2025-08-10 01:16:35'),(313,1,'/storage/uploads/photos_in_galleries/1754770595_495132496_1232537962211374_5798580415450692192_n.jpg','Hrithik Roshan Dallas Meet & Greet Rangotsav',0,1,'2025-08-10 01:16:35','2025-08-10 01:16:35'),(314,1,'/storage/uploads/photos_in_galleries/1754770595_495148030_1232535852211585_1687989202372742210_n.jpg','Hrithik Roshan Dallas Meet & Greet Rangotsav',0,1,'2025-08-10 01:16:35','2025-08-10 01:16:35'),(315,1,'/storage/uploads/photos_in_galleries/1754770595_495149097_1232535648878272_2788458199961933477_n.jpg','Hrithik Roshan Dallas Meet & Greet Rangotsav',0,1,'2025-08-10 01:16:35','2025-08-10 01:16:35'),(316,1,'/storage/uploads/photos_in_galleries/1754770595_495153328_1232536538878183_2289819426617709014_n.jpg','Hrithik Roshan Dallas Meet & Greet Rangotsav',0,1,'2025-08-10 01:16:35','2025-08-10 01:16:35'),(317,1,'/storage/uploads/photos_in_galleries/1754770595_495154553_1232531515545352_5722694886170045699_n.jpg','Hrithik Roshan Dallas Meet & Greet Rangotsav',0,1,'2025-08-10 01:16:35','2025-08-10 01:16:35'),(318,1,'/storage/uploads/photos_in_galleries/1754770595_495158323_1232535832211587_7678155776545228888_n.jpg','Hrithik Roshan Dallas Meet & Greet Rangotsav',0,1,'2025-08-10 01:16:35','2025-08-10 01:16:35'),(319,1,'/storage/uploads/photos_in_galleries/1754770595_495172852_1232536092211561_6975330444894206281_n.jpg','Hrithik Roshan Dallas Meet & Greet Rangotsav',0,1,'2025-08-10 01:16:35','2025-08-10 01:16:35'),(320,1,'/storage/uploads/photos_in_galleries/1754770595_495180592_1232537102211460_1893284250715840000_n.jpg','Hrithik Roshan Dallas Meet & Greet Rangotsav',0,1,'2025-08-10 01:16:35','2025-08-10 01:16:35'),(321,1,'/storage/uploads/photos_in_galleries/1754770595_495184654_1232534852211685_8950577133489214250_n.jpg','Hrithik Roshan Dallas Meet & Greet Rangotsav',0,1,'2025-08-10 01:16:35','2025-08-10 01:16:35'),(322,1,'/storage/uploads/photos_in_galleries/1754770595_495190504_1232532588878578_3207393152269956925_n.jpg','Hrithik Roshan Dallas Meet & Greet Rangotsav',0,1,'2025-08-10 01:16:35','2025-08-10 01:16:35'),(323,1,'/storage/uploads/photos_in_galleries/1754770595_495200170_1232532695545234_3718592225598153724_n.jpg','Hrithik Roshan Dallas Meet & Greet Rangotsav',0,1,'2025-08-10 01:16:35','2025-08-10 01:16:35'),(324,1,'/storage/uploads/photos_in_galleries/1754770595_495202144_1232537705544733_1261225755507260158_n.jpg','Hrithik Roshan Dallas Meet & Greet Rangotsav',0,1,'2025-08-10 01:16:35','2025-08-10 01:16:35'),(325,1,'/storage/uploads/photos_in_galleries/1754770595_495207046_1232535128878324_2827455756651487483_n.jpg','Hrithik Roshan Dallas Meet & Greet Rangotsav',0,1,'2025-08-10 01:16:35','2025-08-10 01:16:35'),(326,1,'/storage/uploads/photos_in_galleries/1754770595_495213505_1232536875544816_8257430069542214546_n.jpg','Hrithik Roshan Dallas Meet & Greet Rangotsav',0,1,'2025-08-10 01:16:35','2025-08-10 01:16:35'),(327,1,'/storage/uploads/photos_in_galleries/1754770595_495243456_1232535975544906_7714657576973717695_n.jpg','Hrithik Roshan Dallas Meet & Greet Rangotsav',0,1,'2025-08-10 01:16:35','2025-08-10 01:16:35'),(328,1,'/storage/uploads/photos_in_galleries/1754770595_495243793_1232538638877973_7857569351744331182_n.jpg','Hrithik Roshan Dallas Meet & Greet Rangotsav',0,1,'2025-08-10 01:16:35','2025-08-10 01:16:35'),(329,1,'/storage/uploads/photos_in_galleries/1754770595_495264482_1232536265544877_7613464423539272546_n.jpg','Hrithik Roshan Dallas Meet & Greet Rangotsav',0,1,'2025-08-10 01:16:35','2025-08-10 01:16:35'),(330,1,'/storage/uploads/photos_in_galleries/1754770595_495265195_1232535665544937_5052217812290736140_n.jpg','Hrithik Roshan Dallas Meet & Greet Rangotsav',0,1,'2025-08-10 01:16:35','2025-08-10 01:16:35'),(331,1,'/storage/uploads/photos_in_galleries/1754770595_495270805_1232533292211841_6238475527244397797_n.jpg','Hrithik Roshan Dallas Meet & Greet Rangotsav',0,1,'2025-08-10 01:16:35','2025-08-10 01:16:35'),(332,1,'/storage/uploads/photos_in_galleries/1754770595_495271157_1232536118878225_134800456923730742_n.jpg','Hrithik Roshan Dallas Meet & Greet Rangotsav',0,1,'2025-08-10 01:16:35','2025-08-10 01:16:35'),(333,1,'/storage/uploads/photos_in_galleries/1754770595_495273293_1232536515544852_2760764904832677187_n.jpg','Hrithik Roshan Dallas Meet & Greet Rangotsav',0,1,'2025-08-10 01:16:35','2025-08-10 01:16:35'),(334,1,'/storage/uploads/photos_in_galleries/1754770595_495275329_1232534738878363_7712901836552328310_n.jpg','Hrithik Roshan Dallas Meet & Greet Rangotsav',0,1,'2025-08-10 01:16:35','2025-08-10 01:16:35'),(335,1,'/storage/uploads/photos_in_galleries/1754770595_495289092_1232533988878438_2273798997767641622_n.jpg','Hrithik Roshan Dallas Meet & Greet Rangotsav',0,1,'2025-08-10 01:16:35','2025-08-10 01:16:35'),(336,1,'/storage/uploads/photos_in_galleries/1754770595_495289478_1232535858878251_8455046397066227577_n.jpg','Hrithik Roshan Dallas Meet & Greet Rangotsav',0,1,'2025-08-10 01:16:35','2025-08-10 01:16:35'),(337,1,'/storage/uploads/photos_in_galleries/1754770595_495292319_1232536125544891_132602711596885958_n.jpg','Hrithik Roshan Dallas Meet & Greet Rangotsav',0,1,'2025-08-10 01:16:35','2025-08-10 01:16:35'),(338,1,'/storage/uploads/photos_in_galleries/1754770595_495297676_1232535312211639_7595714973232354492_n.jpg','Hrithik Roshan Dallas Meet & Greet Rangotsav',0,1,'2025-08-10 01:16:35','2025-08-10 01:16:35'),(339,1,'/storage/uploads/photos_in_galleries/1754770595_495299236_1232536932211477_8271006663591177307_n.jpg','Hrithik Roshan Dallas Meet & Greet Rangotsav',0,1,'2025-08-10 01:16:35','2025-08-10 01:16:35'),(340,1,'/storage/uploads/photos_in_galleries/1754770595_495303941_1232537642211406_3752313486988080358_n.jpg','Hrithik Roshan Dallas Meet & Greet Rangotsav',0,1,'2025-08-10 01:16:35','2025-08-10 01:16:35'),(341,1,'/storage/uploads/photos_in_galleries/1754770595_495312562_1232534662211704_4560090476263426258_n.jpg','Hrithik Roshan Dallas Meet & Greet Rangotsav',0,1,'2025-08-10 01:16:35','2025-08-10 01:16:35'),(342,1,'/storage/uploads/photos_in_galleries/1754770595_495313107_1232534932211677_392177846882602891_n.jpg','Hrithik Roshan Dallas Meet & Greet Rangotsav',0,1,'2025-08-10 01:16:35','2025-08-10 01:16:35'),(343,1,'/storage/uploads/photos_in_galleries/1754770595_495316440_1232536275544876_5991517290085374006_n.jpg','Hrithik Roshan Dallas Meet & Greet Rangotsav',0,1,'2025-08-10 01:16:35','2025-08-10 01:16:35'),(344,1,'/storage/uploads/photos_in_galleries/1754770595_495319653_1232536802211490_4371961743256936666_n.jpg','Hrithik Roshan Dallas Meet & Greet Rangotsav',0,1,'2025-08-10 01:16:35','2025-08-10 01:16:35'),(345,1,'/storage/uploads/photos_in_galleries/1754770595_495334382_1232530448878792_5005708720133362995_n.jpg','Hrithik Roshan Dallas Meet & Greet Rangotsav',0,1,'2025-08-10 01:16:35','2025-08-10 01:16:35'),(346,1,'/storage/uploads/photos_in_galleries/1754770595_495335649_1232535782211592_1358716036763565319_n.jpg','Hrithik Roshan Dallas Meet & Greet Rangotsav',0,1,'2025-08-10 01:16:35','2025-08-10 01:16:35'),(347,1,'/storage/uploads/photos_in_galleries/1754770595_495339273_1232532118878625_2098414777672129747_n.jpg','Hrithik Roshan Dallas Meet & Greet Rangotsav',0,1,'2025-08-10 01:16:35','2025-08-10 01:16:35'),(348,1,'/storage/uploads/photos_in_galleries/1754770595_495343454_1232535915544912_4729288524189941379_n.jpg','Hrithik Roshan Dallas Meet & Greet Rangotsav',0,1,'2025-08-10 01:16:35','2025-08-10 01:16:35'),(349,1,'/storage/uploads/photos_in_galleries/1754770595_495343972_1232537012211469_3408408625355790011_n.jpg','Hrithik Roshan Dallas Meet & Greet Rangotsav',0,1,'2025-08-10 01:16:35','2025-08-10 01:16:35'),(350,1,'/storage/uploads/photos_in_galleries/1754770595_495346323_1232538335544670_2995281229579721945_n.jpg','Hrithik Roshan Dallas Meet & Greet Rangotsav',0,1,'2025-08-10 01:16:35','2025-08-10 01:16:35'),(351,1,'/storage/uploads/photos_in_galleries/1754770595_495346881_1232535075544996_2550010651809417844_n.jpg','Hrithik Roshan Dallas Meet & Greet Rangotsav',0,1,'2025-08-10 01:16:35','2025-08-10 01:16:35'),(352,1,'/storage/uploads/photos_in_galleries/1754770595_495356713_1232537505544753_195060791808291787_n.jpg','Hrithik Roshan Dallas Meet & Greet Rangotsav',0,1,'2025-08-10 01:16:35','2025-08-10 01:16:35'),(353,1,'/storage/uploads/photos_in_galleries/1754770595_495372670_1232538418877995_8882775937067684342_n.jpg','Hrithik Roshan Dallas Meet & Greet Rangotsav',0,1,'2025-08-10 01:16:35','2025-08-10 01:16:35'),(354,1,'/storage/uploads/photos_in_galleries/1754770595_495374773_1232533712211799_5637781103010094838_n.jpg','Hrithik Roshan Dallas Meet & Greet Rangotsav',0,1,'2025-08-10 01:16:35','2025-08-10 01:16:35'),(355,1,'/storage/uploads/photos_in_galleries/1754770595_495374987_1232535232211647_6900858437584711871_n.jpg','Hrithik Roshan Dallas Meet & Greet Rangotsav',0,1,'2025-08-10 01:16:35','2025-08-10 01:16:35'),(356,1,'/storage/uploads/photos_in_galleries/1754770595_495375785_1232537448878092_1400778260303232586_n.jpg','Hrithik Roshan Dallas Meet & Greet Rangotsav',0,1,'2025-08-10 01:16:35','2025-08-10 01:16:35'),(357,1,'/storage/uploads/photos_in_galleries/1754770595_495377777_1232534412211729_4687570254335994337_n.jpg','Hrithik Roshan Dallas Meet & Greet Rangotsav',0,1,'2025-08-10 01:16:35','2025-08-10 01:16:35'),(358,1,'/storage/uploads/photos_in_galleries/1754770595_495380803_1232529948878842_2086423839160164803_n.jpg','Hrithik Roshan Dallas Meet & Greet Rangotsav',0,1,'2025-08-10 01:16:35','2025-08-10 01:16:35'),(359,1,'/storage/uploads/photos_in_galleries/1754770595_495383445_1232531328878704_702580934133757215_n.jpg','Hrithik Roshan Dallas Meet & Greet Rangotsav',0,1,'2025-08-10 01:16:35','2025-08-10 01:16:35'),(360,1,'/storage/uploads/photos_in_galleries/1754770595_495383551_1232534998878337_3817983683877888128_n.jpg','Hrithik Roshan Dallas Meet & Greet Rangotsav',0,1,'2025-08-10 01:16:35','2025-08-10 01:16:35'),(361,1,'/storage/uploads/photos_in_galleries/1754770595_495388177_1232531965545307_4880432265957597155_n.jpg','Hrithik Roshan Dallas Meet & Greet Rangotsav',0,1,'2025-08-10 01:16:35','2025-08-10 01:16:35'),(362,1,'/storage/uploads/photos_in_galleries/1754770595_495389674_1232533965545107_4389906884031991652_n.jpg','Hrithik Roshan Dallas Meet & Greet Rangotsav',0,1,'2025-08-10 01:16:35','2025-08-10 01:16:35'),(363,1,'/storage/uploads/photos_in_galleries/1754770595_495394861_1232532598878577_5901061215504051027_n.jpg','Hrithik Roshan Dallas Meet & Greet Rangotsav',0,1,'2025-08-10 01:16:35','2025-08-10 01:16:35'),(364,1,'/storage/uploads/photos_in_galleries/1754770595_495442703_1232537442211426_7993277063779912324_n.jpg','Hrithik Roshan Dallas Meet & Greet Rangotsav',0,1,'2025-08-10 01:16:35','2025-08-10 01:16:35'),(365,1,'/storage/uploads/photos_in_galleries/1754770595_495450300_1232536848878152_4953740548779707533_n.jpg','Hrithik Roshan Dallas Meet & Greet Rangotsav',0,1,'2025-08-10 01:16:35','2025-08-10 01:16:35'),(366,1,'/storage/uploads/photos_in_galleries/1754770595_495450918_1232536865544817_8032523582203901097_n.jpg','Hrithik Roshan Dallas Meet & Greet Rangotsav',0,1,'2025-08-10 01:16:35','2025-08-10 01:16:35'),(367,1,'/storage/uploads/photos_in_galleries/1754770595_495453150_1232531465545357_6376960049953136307_n.jpg','Hrithik Roshan Dallas Meet & Greet Rangotsav',0,1,'2025-08-10 01:16:35','2025-08-10 01:16:35'),(368,1,'/storage/uploads/photos_in_galleries/1754770595_495459663_1232535385544965_7188144822061600681_n.jpg','Hrithik Roshan Dallas Meet & Greet Rangotsav',0,1,'2025-08-10 01:16:36','2025-08-10 01:16:36'),(369,1,'/storage/uploads/photos_in_galleries/1754770596_495469124_1232538235544680_178866072414091686_n.jpg','Hrithik Roshan Dallas Meet & Greet Rangotsav',0,1,'2025-08-10 01:16:36','2025-08-10 01:16:36'),(370,1,'/storage/uploads/photos_in_galleries/1754770596_495476409_1232536832211487_1377962265702858123_n.jpg','Hrithik Roshan Dallas Meet & Greet Rangotsav',0,1,'2025-08-10 01:16:36','2025-08-10 01:16:36'),(371,1,'/storage/uploads/photos_in_galleries/1754770596_495480863_1232537635544740_369474754297641551_n.jpg','Hrithik Roshan Dallas Meet & Greet Rangotsav',0,1,'2025-08-10 01:16:36','2025-08-10 01:16:36'),(372,1,'/storage/uploads/photos_in_galleries/1754770596_495495961_1232530195545484_5420862540076055213_n.jpg','Hrithik Roshan Dallas Meet & Greet Rangotsav',0,1,'2025-08-10 01:16:36','2025-08-10 01:16:36'),(373,1,'/storage/uploads/photos_in_galleries/1754770596_495497061_1232536038878233_7094043833324698510_n.jpg','Hrithik Roshan Dallas Meet & Greet Rangotsav',0,1,'2025-08-10 01:16:36','2025-08-10 01:16:36'),(374,1,'/storage/uploads/photos_in_galleries/1754770596_495514956_1232536752211495_2591875001084174894_n.jpg','Hrithik Roshan Dallas Meet & Greet Rangotsav',0,1,'2025-08-10 01:16:36','2025-08-10 01:16:36'),(375,1,'/storage/uploads/photos_in_galleries/1754770596_495532834_1232537228878114_7015471147285057721_n.jpg','Hrithik Roshan Dallas Meet & Greet Rangotsav',0,1,'2025-08-10 01:16:36','2025-08-10 01:16:36'),(376,1,'/storage/uploads/photos_in_galleries/1754770596_495533762_1232532202211950_1411862633145407565_n.jpg','Hrithik Roshan Dallas Meet & Greet Rangotsav',0,1,'2025-08-10 01:16:36','2025-08-10 01:16:36'),(377,1,'/storage/uploads/photos_in_galleries/1754770596_495540121_1232533852211785_3148733179649035138_n.jpg','Hrithik Roshan Dallas Meet & Greet Rangotsav',0,1,'2025-08-10 01:16:36','2025-08-10 01:16:36'),(378,1,'/storage/uploads/photos_in_galleries/1754770596_495540918_1232535745544929_187435817042449181_n.jpg','Hrithik Roshan Dallas Meet & Greet Rangotsav',0,1,'2025-08-10 01:16:36','2025-08-10 01:16:36'),(379,1,'/storage/uploads/photos_in_galleries/1754770596_495543000_1232534168878420_8231717820343355716_n.jpg','Hrithik Roshan Dallas Meet & Greet Rangotsav',0,1,'2025-08-10 01:16:36','2025-08-10 01:16:36'),(380,1,'/storage/uploads/photos_in_galleries/1754770596_495560394_1232537095544794_188554282615393086_n.jpg','Hrithik Roshan Dallas Meet & Greet Rangotsav',0,1,'2025-08-10 01:16:36','2025-08-10 01:16:36'),(381,1,'/storage/uploads/photos_in_galleries/1754770596_495565862_1232530022212168_8593952173299980178_n.jpg','Hrithik Roshan Dallas Meet & Greet Rangotsav',0,1,'2025-08-10 01:16:36','2025-08-10 01:16:36'),(382,1,'/storage/uploads/photos_in_galleries/1754770596_495567977_1232535542211616_5854118347599233372_n.jpg','Hrithik Roshan Dallas Meet & Greet Rangotsav',0,1,'2025-08-10 01:16:36','2025-08-10 01:16:36'),(383,1,'/storage/uploads/photos_in_galleries/1754770596_495571744_1232537692211401_2946505105272581774_n.jpg','Hrithik Roshan Dallas Meet & Greet Rangotsav',0,1,'2025-08-10 01:16:36','2025-08-10 01:16:36'),(384,1,'/storage/uploads/photos_in_galleries/1754770596_495573080_1232537535544750_1203264494797675113_n.jpg','Hrithik Roshan Dallas Meet & Greet Rangotsav',0,1,'2025-08-10 01:16:36','2025-08-10 01:16:36'),(385,1,'/storage/uploads/photos_in_galleries/1754770596_495574519_1232536795544824_8446326034945341760_n.jpg','Hrithik Roshan Dallas Meet & Greet Rangotsav',0,1,'2025-08-10 01:16:36','2025-08-10 01:16:36'),(386,1,'/storage/uploads/photos_in_galleries/1754770596_495576837_1232537065544797_2757498069150074101_n.jpg','Hrithik Roshan Dallas Meet & Greet Rangotsav',0,1,'2025-08-10 01:16:36','2025-08-10 01:16:36'),(387,1,'/storage/uploads/photos_in_galleries/1754770596_495577688_1232537682211402_3898105843655856863_n.jpg','Hrithik Roshan Dallas Meet & Greet Rangotsav',0,1,'2025-08-10 01:16:36','2025-08-10 01:16:36'),(388,1,'/storage/uploads/photos_in_galleries/1754770596_495578573_1232532238878613_4850665031402838543_n.jpg','Hrithik Roshan Dallas Meet & Greet Rangotsav',0,1,'2025-08-10 01:16:36','2025-08-10 01:16:36'),(389,1,'/storage/uploads/photos_in_galleries/1754770596_495585972_1232537998878037_3604887030814670943_n.jpg','Hrithik Roshan Dallas Meet & Greet Rangotsav',0,1,'2025-08-10 01:16:36','2025-08-10 01:16:36'),(390,1,'/storage/uploads/photos_in_galleries/1754770596_495586104_1232534035545100_2643282841539754628_n.jpg','Hrithik Roshan Dallas Meet & Greet Rangotsav',0,1,'2025-08-10 01:16:36','2025-08-10 01:16:36'),(391,1,'/storage/uploads/photos_in_galleries/1754770596_495590044_1232537735544730_2117166070179128763_n.jpg','Hrithik Roshan Dallas Meet & Greet Rangotsav',0,1,'2025-08-10 01:16:36','2025-08-10 01:16:36'),(392,1,'/storage/uploads/photos_in_galleries/1754770596_495618067_1232529618878875_752418015218877226_n.jpg','Hrithik Roshan Dallas Meet & Greet Rangotsav',0,1,'2025-08-10 01:16:36','2025-08-10 01:16:36'),(393,1,'/storage/uploads/photos_in_galleries/1754770596_495641041_1232531612212009_2598637930709691506_n.jpg','Hrithik Roshan Dallas Meet & Greet Rangotsav',0,1,'2025-08-10 01:16:36','2025-08-10 01:16:36'),(394,1,'/storage/uploads/photos_in_galleries/1754770596_495644647_1232531275545376_6671194678153951770_n.jpg','Hrithik Roshan Dallas Meet & Greet Rangotsav',0,1,'2025-08-10 01:16:36','2025-08-10 01:16:36'),(395,1,'/storage/uploads/photos_in_galleries/1754770596_495648518_1232535652211605_7280896847366871776_n.jpg','Hrithik Roshan Dallas Meet & Greet Rangotsav',0,1,'2025-08-10 01:16:36','2025-08-10 01:16:36'),(396,1,'/storage/uploads/photos_in_galleries/1754770596_495650321_1232531852211985_5453635742689511388_n.jpg','Hrithik Roshan Dallas Meet & Greet Rangotsav',0,1,'2025-08-10 01:16:36','2025-08-10 01:16:36'),(397,1,'/storage/uploads/photos_in_galleries/1754770596_495650354_1232535198878317_2383453037155279432_n.jpg','Hrithik Roshan Dallas Meet & Greet Rangotsav',0,1,'2025-08-10 01:16:36','2025-08-10 01:16:36'),(398,1,'/storage/uploads/photos_in_galleries/1754770596_495651381_1232538702211300_8072396367875407945_n.jpg','Hrithik Roshan Dallas Meet & Greet Rangotsav',0,1,'2025-08-10 01:16:36','2025-08-10 01:16:36'),(399,1,'/storage/uploads/photos_in_galleries/1754770596_495653447_1232536465544857_4665912117769068277_n.jpg','Hrithik Roshan Dallas Meet & Greet Rangotsav',0,1,'2025-08-10 01:16:36','2025-08-10 01:16:36'),(400,1,'/storage/uploads/photos_in_galleries/1754770596_495653570_1232535765544927_8484967519440775130_n.jpg','Hrithik Roshan Dallas Meet & Greet Rangotsav',0,1,'2025-08-10 01:16:36','2025-08-10 01:16:36'),(401,1,'/storage/uploads/photos_in_galleries/1754770596_495655749_1232533858878451_3695669052783771853_n.jpg','Hrithik Roshan Dallas Meet & Greet Rangotsav',0,1,'2025-08-10 01:16:36','2025-08-10 01:16:36'),(402,1,'/storage/uploads/photos_in_galleries/1754770596_495659882_1232533742211796_3294804477483495838_n.jpg','Hrithik Roshan Dallas Meet & Greet Rangotsav',0,1,'2025-08-10 01:16:36','2025-08-10 01:16:36'),(403,1,'/storage/uploads/photos_in_galleries/1754770596_495667148_1232534875545016_3328607590078402976_n.jpg','Hrithik Roshan Dallas Meet & Greet Rangotsav',0,1,'2025-08-10 01:16:36','2025-08-10 01:16:36'),(404,1,'/storage/uploads/photos_in_galleries/1754770596_495672621_1232534405545063_3419680997604653423_n.jpg','Hrithik Roshan Dallas Meet & Greet Rangotsav',0,1,'2025-08-10 01:16:36','2025-08-10 01:16:36'),(405,1,'/storage/uploads/photos_in_galleries/1754770596_495695290_1232533788878458_2905858669267364303_n.jpg','Hrithik Roshan Dallas Meet & Greet Rangotsav',0,1,'2025-08-10 01:16:36','2025-08-10 01:16:36'),(406,1,'/storage/uploads/photos_in_galleries/1754770596_495696170_1232534468878390_3232002429856660162_n.jpg','Hrithik Roshan Dallas Meet & Greet Rangotsav',0,1,'2025-08-10 01:16:36','2025-08-10 01:16:36'),(407,1,'/storage/uploads/photos_in_galleries/1754770596_495705297_1232534315545072_925695666765979297_n.jpg','Hrithik Roshan Dallas Meet & Greet Rangotsav',0,1,'2025-08-10 01:16:36','2025-08-10 01:16:36'),(408,1,'/storage/uploads/photos_in_galleries/1754770596_495731528_1232535388878298_7837205855736240413_n.jpg','Hrithik Roshan Dallas Meet & Greet Rangotsav',0,1,'2025-08-10 01:16:36','2025-08-10 01:16:36'),(409,1,'/storage/uploads/photos_in_galleries/1754770596_495741422_1232537035544800_6853017810525929323_n.jpg','Hrithik Roshan Dallas Meet & Greet Rangotsav',0,1,'2025-08-10 01:16:36','2025-08-10 01:16:36'),(410,1,'/storage/uploads/photos_in_galleries/1754770596_495750891_1232531428878694_6974505478300426734_n.jpg','Hrithik Roshan Dallas Meet & Greet Rangotsav',0,1,'2025-08-10 01:16:36','2025-08-10 01:16:36'),(411,1,'/storage/uploads/photos_in_galleries/1754770596_495760201_1232534805545023_3281280263722758517_n.jpg','Hrithik Roshan Dallas Meet & Greet Rangotsav',0,1,'2025-08-10 01:16:36','2025-08-10 01:16:36'),(412,1,'/storage/uploads/photos_in_galleries/1754770596_495768981_1232533382211832_8400727968903027387_n.jpg','Hrithik Roshan Dallas Meet & Greet Rangotsav',0,1,'2025-08-10 01:16:36','2025-08-10 01:16:36'),(413,1,'/storage/uploads/photos_in_galleries/1754770596_495770628_1232535448878292_1869316168721867449_n.jpg','Hrithik Roshan Dallas Meet & Greet Rangotsav',0,1,'2025-08-10 01:16:36','2025-08-10 01:16:36'),(414,1,'/storage/uploads/photos_in_galleries/1754770596_495781486_1232537252211445_5295404031626849070_n.jpg','Hrithik Roshan Dallas Meet & Greet Rangotsav',0,1,'2025-08-10 01:16:36','2025-08-10 01:16:36'),(415,1,'/storage/uploads/photos_in_galleries/1754770596_495800284_1232537112211459_1626138269493445653_n.jpg','Hrithik Roshan Dallas Meet & Greet Rangotsav',0,1,'2025-08-10 01:16:36','2025-08-10 01:16:36'),(416,1,'/storage/uploads/photos_in_galleries/1754770596_495836200_1232536202211550_894594571284517846_n.jpg','Hrithik Roshan Dallas Meet & Greet Rangotsav',0,1,'2025-08-10 01:16:36','2025-08-10 01:16:36'),(417,1,'/storage/uploads/photos_in_galleries/1754770596_495906527_1232534248878412_4865783029292087595_n.jpg','Hrithik Roshan Dallas Meet & Greet Rangotsav',0,1,'2025-08-10 01:16:36','2025-08-10 01:16:36'),(418,1,'/storage/uploads/photos_in_galleries/1754770596_495926582_1232536225544881_7485858335986248608_n.jpg','Hrithik Roshan Dallas Meet & Greet Rangotsav',0,1,'2025-08-10 01:16:36','2025-08-10 01:16:36'),(419,1,'/storage/uploads/photos_in_galleries/1754770596_495952589_1232535245544979_3340149564362893173_n.jpg','Hrithik Roshan Dallas Meet & Greet Rangotsav',0,1,'2025-08-10 01:16:36','2025-08-10 01:16:36'),(420,1,'/storage/uploads/photos_in_galleries/1754770596_495956338_1232537768878060_6882502058587664439_n.jpg','Hrithik Roshan Dallas Meet & Greet Rangotsav',0,1,'2025-08-10 01:16:36','2025-08-10 01:16:36'),(421,1,'/storage/uploads/photos_in_galleries/1754770596_495965424_1232537185544785_3698337141209700067_n.jpg','Hrithik Roshan Dallas Meet & Greet Rangotsav',0,1,'2025-08-10 01:16:36','2025-08-10 01:16:36'),(422,1,'/storage/uploads/photos_in_galleries/1754770596_495990805_1232533425545161_1000516439926421806_n.jpg','Hrithik Roshan Dallas Meet & Greet Rangotsav',0,1,'2025-08-10 01:16:36','2025-08-10 01:16:36'),(423,1,'/storage/uploads/photos_in_galleries/1754770596_496001491_1232534762211694_4846956504544687535_n.jpg','Hrithik Roshan Dallas Meet & Greet Rangotsav',0,1,'2025-08-10 01:16:36','2025-08-10 01:16:36'),(424,1,'/storage/uploads/photos_in_galleries/1754770596_496081188_1232531918878645_8267048141595788913_n.jpg','Hrithik Roshan Dallas Meet & Greet Rangotsav',0,1,'2025-08-10 01:16:36','2025-08-10 01:16:36'),(425,1,'/storage/uploads/photos_in_galleries/1754770596_496096581_1232534332211737_1564703343701650206_n.jpg','Hrithik Roshan Dallas Meet & Greet Rangotsav',0,1,'2025-08-10 01:16:36','2025-08-10 01:16:36'),(426,1,'/storage/uploads/photos_in_galleries/1754770596_496110032_1232535495544954_3521658126453964046_n.jpg','Hrithik Roshan Dallas Meet & Greet Rangotsav',0,1,'2025-08-10 01:16:36','2025-08-10 01:16:36'),(427,1,'/storage/uploads/photos_in_galleries/1754770596_496119821_1232531942211976_1820575557293607501_n.jpg','Hrithik Roshan Dallas Meet & Greet Rangotsav',0,1,'2025-08-10 01:16:36','2025-08-10 01:16:36'),(428,1,'/storage/uploads/photos_in_galleries/1754770596_496127069_1232538115544692_5083648499388937340_n.jpg','Hrithik Roshan Dallas Meet & Greet Rangotsav',0,1,'2025-08-10 01:16:36','2025-08-10 01:16:36'),(429,1,'/storage/uploads/photos_in_galleries/1754770596_496127302_1232536532211517_2711797548473796506_n.jpg','Hrithik Roshan Dallas Meet & Greet Rangotsav',0,1,'2025-08-10 01:16:36','2025-08-10 01:16:36'),(430,1,'/storage/uploads/photos_in_galleries/1754770596_496128305_1232530505545453_4804114877676862255_n.jpg','Hrithik Roshan Dallas Meet & Greet Rangotsav',0,1,'2025-08-10 01:16:36','2025-08-10 01:16:36'),(431,1,'/storage/uploads/photos_in_galleries/1754770596_496148717_1232536672211503_3791959792380718690_n.jpg','Hrithik Roshan Dallas Meet & Greet Rangotsav',0,1,'2025-08-10 01:16:36','2025-08-10 01:16:36'),(432,1,'/storage/uploads/photos_in_galleries/1754770596_496153415_1232531665545337_8464541723042130397_n.jpg','Hrithik Roshan Dallas Meet & Greet Rangotsav',0,1,'2025-08-10 01:16:36','2025-08-10 01:16:36'),(433,1,'/storage/uploads/photos_in_galleries/1754770596_496197243_1232536555544848_8527495101041571377_n.jpg','Hrithik Roshan Dallas Meet & Greet Rangotsav',0,1,'2025-08-10 01:16:36','2025-08-10 01:16:36'),(434,1,'/storage/uploads/photos_in_galleries/1754770596_496211035_1232535152211655_2618081342914389462_n.jpg','Hrithik Roshan Dallas Meet & Greet Rangotsav',0,1,'2025-08-10 01:16:36','2025-08-10 01:16:36'),(435,1,'/storage/uploads/photos_in_galleries/1754770596_496295820_1232535825544921_684510373628957278_n.jpg','Hrithik Roshan Dallas Meet & Greet Rangotsav',0,1,'2025-08-10 01:16:36','2025-08-10 01:16:36'),(436,1,'/storage/uploads/photos_in_galleries/1754770596_496296635_1232534475545056_8740038556051161307_n.jpg','Hrithik Roshan Dallas Meet & Greet Rangotsav',0,1,'2025-08-10 01:16:36','2025-08-10 01:16:36'),(437,1,'/storage/uploads/photos_in_galleries/1754770596_496297530_1232537805544723_4341358937813246898_n.jpg','Hrithik Roshan Dallas Meet & Greet Rangotsav',0,1,'2025-08-10 01:16:36','2025-08-10 01:16:36'),(438,1,'/storage/uploads/photos_in_galleries/1754770596_496303561_1232530672212103_2876953592409487438_n.jpg','Hrithik Roshan Dallas Meet & Greet Rangotsav',0,1,'2025-08-10 01:16:36','2025-08-10 01:16:36'),(439,1,'/storage/uploads/photos_in_galleries/1754770596_496304252_1232536958878141_9041848844980852703_n.jpg','Hrithik Roshan Dallas Meet & Greet Rangotsav',0,1,'2025-08-10 01:16:36','2025-08-10 01:16:36'),(440,1,'/storage/uploads/photos_in_galleries/1754770596_496304643_1232532572211913_5543092413807516700_n.jpg','Hrithik Roshan Dallas Meet & Greet Rangotsav',0,1,'2025-08-10 01:16:36','2025-08-10 01:16:36'),(441,1,'/storage/uploads/photos_in_galleries/1754770596_496416154_1232530872212083_8201715565078380161_n.jpg','Hrithik Roshan Dallas Meet & Greet Rangotsav',0,1,'2025-08-10 01:16:36','2025-08-10 01:16:36'),(442,1,'/storage/uploads/photos_in_galleries/1754770596_496520499_1232533765545127_8178114909736273060_n.jpg','Hrithik Roshan Dallas Meet & Greet Rangotsav',0,1,'2025-08-10 01:16:36','2025-08-10 01:16:36'),(443,1,'/storage/uploads/photos_in_galleries/1754770596_496654237_1232533832211787_2784455212422032022_n.jpg','Hrithik Roshan Dallas Meet & Greet Rangotsav',0,1,'2025-08-10 01:16:36','2025-08-10 01:16:36'),(444,1,'/storage/uploads/photos_in_galleries/1754770596_496679922_1232535582211612_4067574717826545515_n.jpg','Hrithik Roshan Dallas Meet & Greet Rangotsav',0,1,'2025-08-10 01:16:36','2025-08-10 01:16:36'),(445,1,'/storage/uploads/photos_in_galleries/1754770596_496696391_1232534358878401_1231801969657094071_n.jpg','Hrithik Roshan Dallas Meet & Greet Rangotsav',0,1,'2025-08-10 01:16:36','2025-08-10 01:16:36'),(446,1,'/storage/uploads/photos_in_galleries/1754770596_496719383_1232534938878343_6685463096607328805_n.jpg','Hrithik Roshan Dallas Meet & Greet Rangotsav',0,1,'2025-08-10 01:16:36','2025-08-10 01:16:36'),(447,1,'/storage/uploads/photos_in_galleries/1754770596_496727234_1232538525544651_3290722919859867234_n.jpg','Hrithik Roshan Dallas Meet & Greet Rangotsav',0,1,'2025-08-10 01:16:36','2025-08-10 01:16:36'),(448,1,'/storage/uploads/photos_in_galleries/1754770596_496766714_1232532625545241_1352424507736319985_n.jpg','Hrithik Roshan Dallas Meet & Greet Rangotsav',0,1,'2025-08-10 01:16:36','2025-08-10 01:16:36'),(449,1,'/storage/uploads/photos_in_galleries/1754770596_496769959_1232536412211529_6847957790421618397_n.jpg','Hrithik Roshan Dallas Meet & Greet Rangotsav',0,1,'2025-08-10 01:16:36','2025-08-10 01:16:36'),(450,1,'/storage/uploads/photos_in_galleries/1754770596_496803865_1232533395545164_1942674077732311700_n.jpg','Hrithik Roshan Dallas Meet & Greet Rangotsav',0,1,'2025-08-10 01:16:36','2025-08-10 01:16:36'),(451,1,'/storage/uploads/photos_in_galleries/1754770596_496863780_1232531962211974_2813385662285153342_n.jpg','Hrithik Roshan Dallas Meet & Greet Rangotsav',0,1,'2025-08-10 01:16:36','2025-08-10 01:16:36'),(452,1,'/storage/uploads/photos_in_galleries/1754770596_496864137_1232535685544935_667680418573369012_n.jpg','Hrithik Roshan Dallas Meet & Greet Rangotsav',0,1,'2025-08-10 01:16:36','2025-08-10 01:16:36'),(453,1,'/storage/uploads/photos_in_galleries/1754770596_496935676_1232535292211641_4927148323931580297_n.jpg','Hrithik Roshan Dallas Meet & Greet Rangotsav',0,1,'2025-08-10 01:16:36','2025-08-10 01:16:36'),(454,5,'/storage/uploads/photos_in_galleries/1754771550_492164086_1220422816756222_8019798623227448866_n.jpg','Aaj Ki Raat NYE Dallas 2025',0,1,'2025-08-10 01:32:30','2025-08-10 01:32:30'),(455,5,'/storage/uploads/photos_in_galleries/1754771550_492171489_1220422896756214_7708424613310985157_n.jpg','Aaj Ki Raat NYE Dallas 2025',0,1,'2025-08-10 01:32:30','2025-08-10 01:32:30'),(456,5,'/storage/uploads/photos_in_galleries/1754771550_492191314_1220424063422764_5359165343696457549_n.jpg','Aaj Ki Raat NYE Dallas 2025',0,1,'2025-08-10 01:32:30','2025-08-10 01:32:30'),(457,5,'/storage/uploads/photos_in_galleries/1754771550_492197982_1220423970089440_7189940282125373501_n.jpg','Aaj Ki Raat NYE Dallas 2025',0,1,'2025-08-10 01:32:30','2025-08-10 01:32:30'),(458,5,'/storage/uploads/photos_in_galleries/1754771550_492200323_1220423753422795_851043196479895342_n.jpg','Aaj Ki Raat NYE Dallas 2025',0,1,'2025-08-10 01:32:30','2025-08-10 01:32:30'),(459,5,'/storage/uploads/photos_in_galleries/1754771550_492200531_1220423760089461_5854761698086076833_n.jpg','Aaj Ki Raat NYE Dallas 2025',0,1,'2025-08-10 01:32:30','2025-08-10 01:32:30'),(460,5,'/storage/uploads/photos_in_galleries/1754771550_492204914_1220423623422808_9130051850601637744_n.jpg','Aaj Ki Raat NYE Dallas 2025',0,1,'2025-08-10 01:32:30','2025-08-10 01:32:30'),(461,5,'/storage/uploads/photos_in_galleries/1754771550_492217874_1220424003422770_257721177869588311_n.jpg','Aaj Ki Raat NYE Dallas 2025',0,1,'2025-08-10 01:32:30','2025-08-10 01:32:30'),(462,5,'/storage/uploads/photos_in_galleries/1754771550_492219258_1220425666755937_2290357295907486507_n.jpg','Aaj Ki Raat NYE Dallas 2025',0,1,'2025-08-10 01:32:30','2025-08-10 01:32:30'),(463,5,'/storage/uploads/photos_in_galleries/1754771550_492219879_1220423786756125_8189449897554109579_n.jpg','Aaj Ki Raat NYE Dallas 2025',0,1,'2025-08-10 01:32:30','2025-08-10 01:32:30'),(464,5,'/storage/uploads/photos_in_galleries/1754771550_492220801_1220425233422647_8418462763642673167_n.jpg','Aaj Ki Raat NYE Dallas 2025',0,1,'2025-08-10 01:32:30','2025-08-10 01:32:30'),(465,5,'/storage/uploads/photos_in_galleries/1754771550_492222212_1220425693422601_5652940709447243173_n.jpg','Aaj Ki Raat NYE Dallas 2025',0,1,'2025-08-10 01:32:30','2025-08-10 01:32:30'),(466,5,'/storage/uploads/photos_in_galleries/1754771550_492223443_1220424066756097_2322955479226326144_n.jpg','Aaj Ki Raat NYE Dallas 2025',0,1,'2025-08-10 01:32:30','2025-08-10 01:32:30'),(467,5,'/storage/uploads/photos_in_galleries/1754771550_492224721_1220423946756109_5823578989427856272_n.jpg','Aaj Ki Raat NYE Dallas 2025',0,1,'2025-08-10 01:32:30','2025-08-10 01:32:30'),(468,5,'/storage/uploads/photos_in_galleries/1754771550_492230032_1220424570089380_8750301320108788409_n.jpg','Aaj Ki Raat NYE Dallas 2025',0,1,'2025-08-10 01:32:30','2025-08-10 01:32:30'),(469,5,'/storage/uploads/photos_in_galleries/1754771550_492231184_1220425683422602_3090240490077218258_n.jpg','Aaj Ki Raat NYE Dallas 2025',0,1,'2025-08-10 01:32:30','2025-08-10 01:32:30'),(470,5,'/storage/uploads/photos_in_galleries/1754771550_492231415_1220425290089308_5892259941064031730_n.jpg','Aaj Ki Raat NYE Dallas 2025',0,1,'2025-08-10 01:32:30','2025-08-10 01:32:30'),(471,5,'/storage/uploads/photos_in_galleries/1754771550_492235189_1220423846756119_3766068687209039824_n.jpg','Aaj Ki Raat NYE Dallas 2025',0,1,'2025-08-10 01:32:30','2025-08-10 01:32:30'),(472,5,'/storage/uploads/photos_in_galleries/1754771550_492235189_1220425653422605_5383440299347597479_n.jpg','Aaj Ki Raat NYE Dallas 2025',0,1,'2025-08-10 01:32:30','2025-08-10 01:32:30'),(473,5,'/storage/uploads/photos_in_galleries/1754771550_492238341_1220422996756204_2068129471417213471_n.jpg','Aaj Ki Raat NYE Dallas 2025',0,1,'2025-08-10 01:32:30','2025-08-10 01:32:30'),(474,5,'/storage/uploads/photos_in_galleries/1754771550_492239606_1220425353422635_2895668985410728506_n.jpg','Aaj Ki Raat NYE Dallas 2025',0,1,'2025-08-10 01:32:30','2025-08-10 01:32:30'),(475,5,'/storage/uploads/photos_in_galleries/1754771550_492243589_1220424046756099_1427486475130272980_n.jpg','Aaj Ki Raat NYE Dallas 2025',0,1,'2025-08-10 01:32:30','2025-08-10 01:32:30'),(476,5,'/storage/uploads/photos_in_galleries/1754771550_492249015_1220422923422878_8267300738298283925_n.jpg','Aaj Ki Raat NYE Dallas 2025',0,1,'2025-08-10 01:32:30','2025-08-10 01:32:30'),(477,5,'/storage/uploads/photos_in_galleries/1754771550_492252858_1220424033422767_4963617577185201833_n.jpg','Aaj Ki Raat NYE Dallas 2025',0,1,'2025-08-10 01:32:30','2025-08-10 01:32:30'),(478,5,'/storage/uploads/photos_in_galleries/1754771550_492253012_1220423703422800_5616335721794353991_n.jpg','Aaj Ki Raat NYE Dallas 2025',0,1,'2025-08-10 01:32:30','2025-08-10 01:32:30'),(479,5,'/storage/uploads/photos_in_galleries/1754771550_492257768_1220424013422769_6274209707700324672_n.jpg','Aaj Ki Raat NYE Dallas 2025',0,1,'2025-08-10 01:32:30','2025-08-10 01:32:30'),(480,5,'/storage/uploads/photos_in_galleries/1754771550_492257876_1220422933422877_6034107839936758908_n.jpg','Aaj Ki Raat NYE Dallas 2025',0,1,'2025-08-10 01:32:30','2025-08-10 01:32:30'),(481,5,'/storage/uploads/photos_in_galleries/1754771550_492269812_1220423893422781_5549754717731656971_n.jpg','Aaj Ki Raat NYE Dallas 2025',0,1,'2025-08-10 01:32:30','2025-08-10 01:32:30'),(482,5,'/storage/uploads/photos_in_galleries/1754771550_492281046_1220424583422712_6051324752646605416_n.jpg','Aaj Ki Raat NYE Dallas 2025',0,1,'2025-08-10 01:32:30','2025-08-10 01:32:30'),(483,5,'/storage/uploads/photos_in_galleries/1754771550_492301219_1220424460089391_4051690546805931291_n.jpg','Aaj Ki Raat NYE Dallas 2025',0,1,'2025-08-10 01:32:30','2025-08-10 01:32:30'),(484,5,'/storage/uploads/photos_in_galleries/1754771550_492301219_1220425600089277_5999978078982876902_n.jpg','Aaj Ki Raat NYE Dallas 2025',0,1,'2025-08-10 01:32:30','2025-08-10 01:32:30'),(485,5,'/storage/uploads/photos_in_galleries/1754771550_492301693_1220425500089287_8533846309788939586_n.jpg','Aaj Ki Raat NYE Dallas 2025',0,1,'2025-08-10 01:32:30','2025-08-10 01:32:30'),(486,5,'/storage/uploads/photos_in_galleries/1754771550_492303384_1220423580089479_3823853034939397444_n.jpg','Aaj Ki Raat NYE Dallas 2025',0,1,'2025-08-10 01:32:30','2025-08-10 01:32:30'),(487,5,'/storage/uploads/photos_in_galleries/1754771550_492304550_1220422540089583_3735030408476726787_n.jpg','Aaj Ki Raat NYE Dallas 2025',0,1,'2025-08-10 01:32:30','2025-08-10 01:32:30'),(488,5,'/storage/uploads/photos_in_galleries/1754771550_492306099_1220423973422773_1738057562974498042_n.jpg','Aaj Ki Raat NYE Dallas 2025',0,1,'2025-08-10 01:32:30','2025-08-10 01:32:30'),(489,5,'/storage/uploads/photos_in_galleries/1754771550_492309071_1220425350089302_5099736884549325579_n.jpg','Aaj Ki Raat NYE Dallas 2025',0,1,'2025-08-10 01:32:30','2025-08-10 01:32:30'),(490,5,'/storage/uploads/photos_in_galleries/1754771550_492320268_1220422930089544_6028557285342698264_n.jpg','Aaj Ki Raat NYE Dallas 2025',0,1,'2025-08-10 01:32:30','2025-08-10 01:32:30'),(491,5,'/storage/uploads/photos_in_galleries/1754771550_492335220_1220422916756212_6418161061761570694_n.jpg','Aaj Ki Raat NYE Dallas 2025',0,1,'2025-08-10 01:32:30','2025-08-10 01:32:30'),(492,5,'/storage/uploads/photos_in_galleries/1754771550_492341086_1220423670089470_1996036992135616655_n.jpg','Aaj Ki Raat NYE Dallas 2025',0,1,'2025-08-10 01:32:30','2025-08-10 01:32:30'),(493,5,'/storage/uploads/photos_in_galleries/1754771550_492357504_1220423746756129_6968959281377414840_n.jpg','Aaj Ki Raat NYE Dallas 2025',0,1,'2025-08-10 01:32:30','2025-08-10 01:32:30'),(494,5,'/storage/uploads/photos_in_galleries/1754771550_492362591_1220424493422721_8483466287613339881_n.jpg','Aaj Ki Raat NYE Dallas 2025',0,1,'2025-08-10 01:32:30','2025-08-10 01:32:30'),(495,5,'/storage/uploads/photos_in_galleries/1754771550_492368581_1220423593422811_3411877552633832492_n.jpg','Aaj Ki Raat NYE Dallas 2025',0,1,'2025-08-10 01:32:30','2025-08-10 01:32:30'),(496,5,'/storage/uploads/photos_in_galleries/1754771550_492376267_1220423620089475_3060413272922825662_n.jpg','Aaj Ki Raat NYE Dallas 2025',0,1,'2025-08-10 01:32:30','2025-08-10 01:32:30'),(497,5,'/storage/uploads/photos_in_galleries/1754771550_492389603_1220423766756127_6201052753619499794_n.jpg','Aaj Ki Raat NYE Dallas 2025',0,1,'2025-08-10 01:32:30','2025-08-10 01:32:30'),(498,5,'/storage/uploads/photos_in_galleries/1754771550_492394379_1220423800089457_8470706626839174742_n.jpg','Aaj Ki Raat NYE Dallas 2025',0,1,'2025-08-10 01:32:30','2025-08-10 01:32:30'),(499,5,'/storage/uploads/photos_in_galleries/1754771550_492394379_1220425660089271_9087406294809699527_n.jpg','Aaj Ki Raat NYE Dallas 2025',0,1,'2025-08-10 01:32:30','2025-08-10 01:32:30'),(500,5,'/storage/uploads/photos_in_galleries/1754771550_492409997_1220422550089582_4776012965920151006_n.jpg','Aaj Ki Raat NYE Dallas 2025',0,1,'2025-08-10 01:32:30','2025-08-10 01:32:30'),(501,5,'/storage/uploads/photos_in_galleries/1754771550_492418330_1220422793422891_3778697500237295045_n.jpg','Aaj Ki Raat NYE Dallas 2025',0,1,'2025-08-10 01:32:30','2025-08-10 01:32:30'),(502,5,'/storage/uploads/photos_in_galleries/1754771550_492418330_1220422856756218_7066437297099911662_n.jpg','Aaj Ki Raat NYE Dallas 2025',0,1,'2025-08-10 01:32:30','2025-08-10 01:32:30'),(503,5,'/storage/uploads/photos_in_galleries/1754771550_492452756_1220423990089438_5633176920392630018_n.jpg','Aaj Ki Raat NYE Dallas 2025',0,1,'2025-08-10 01:32:30','2025-08-10 01:32:30'),(504,5,'/storage/uploads/photos_in_galleries/1754771550_492462122_1220422796756224_2852180702857165742_n.jpg','Aaj Ki Raat NYE Dallas 2025',0,1,'2025-08-10 01:32:30','2025-08-10 01:32:30'),(505,5,'/storage/uploads/photos_in_galleries/1754771550_492462135_1220422740089563_4823717282653445783_n.jpg','Aaj Ki Raat NYE Dallas 2025',0,1,'2025-08-10 01:32:30','2025-08-10 01:32:30'),(506,5,'/storage/uploads/photos_in_galleries/1754771550_492462135_1220422840089553_1900953278336657462_n.jpg','Aaj Ki Raat NYE Dallas 2025',0,1,'2025-08-10 01:32:30','2025-08-10 01:32:30'),(507,5,'/storage/uploads/photos_in_galleries/1754771550_492462728_1220424056756098_431046428251759409_n.jpg','Aaj Ki Raat NYE Dallas 2025',0,1,'2025-08-10 01:32:30','2025-08-10 01:32:30'),(508,5,'/storage/uploads/photos_in_galleries/1754771550_492465652_1220425596755944_8519280559845974143_n.jpg','Aaj Ki Raat NYE Dallas 2025',0,1,'2025-08-10 01:32:30','2025-08-10 01:32:30'),(509,5,'/storage/uploads/photos_in_galleries/1754771550_492467855_1220423720089465_4702498650894021848_n.jpg','Aaj Ki Raat NYE Dallas 2025',0,1,'2025-08-10 01:32:30','2025-08-10 01:32:30'),(510,5,'/storage/uploads/photos_in_galleries/1754771550_492476458_1220423646756139_8362138911394707729_n.jpg','Aaj Ki Raat NYE Dallas 2025',0,1,'2025-08-10 01:32:30','2025-08-10 01:32:30'),(511,5,'/storage/uploads/photos_in_galleries/1754771550_492478936_1220423776756126_1127069235598953067_n.jpg','Aaj Ki Raat NYE Dallas 2025',0,1,'2025-08-10 01:32:30','2025-08-10 01:32:30'),(512,5,'/storage/uploads/photos_in_galleries/1754771550_492479194_1220424473422723_5648048280444766918_n.jpg','Aaj Ki Raat NYE Dallas 2025',0,1,'2025-08-10 01:32:30','2025-08-10 01:32:30'),(513,5,'/storage/uploads/photos_in_galleries/1754771550_492480012_1220424496756054_8103987560562351051_n.jpg','Aaj Ki Raat NYE Dallas 2025',0,1,'2025-08-10 01:32:30','2025-08-10 01:32:30'),(514,5,'/storage/uploads/photos_in_galleries/1754771550_492482399_1220424436756060_6566490838761382293_n.jpg','Aaj Ki Raat NYE Dallas 2025',0,1,'2025-08-10 01:32:30','2025-08-10 01:32:30'),(515,5,'/storage/uploads/photos_in_galleries/1754771550_492484842_1220423663422804_6067126851002410844_n.jpg','Aaj Ki Raat NYE Dallas 2025',0,1,'2025-08-10 01:32:30','2025-08-10 01:32:30'),(516,5,'/storage/uploads/photos_in_galleries/1754771550_492484855_1220425360089301_7684365308543886212_n.jpg','Aaj Ki Raat NYE Dallas 2025',0,1,'2025-08-10 01:32:30','2025-08-10 01:32:30'),(517,5,'/storage/uploads/photos_in_galleries/1754771550_492487887_1220422810089556_6700802104356182510_n.jpg','Aaj Ki Raat NYE Dallas 2025',0,1,'2025-08-10 01:32:30','2025-08-10 01:32:30'),(518,5,'/storage/uploads/photos_in_galleries/1754771550_492487997_1220425706755933_8007379911327324673_n.jpg','Aaj Ki Raat NYE Dallas 2025',0,1,'2025-08-10 01:32:30','2025-08-10 01:32:30'),(519,5,'/storage/uploads/photos_in_galleries/1754771550_492489074_1220425216755982_6243228906556535561_n.jpg','Aaj Ki Raat NYE Dallas 2025',0,1,'2025-08-10 01:32:30','2025-08-10 01:32:30'),(520,5,'/storage/uploads/photos_in_galleries/1754771550_492489748_1220423683422802_7648383659225801976_n.jpg','Aaj Ki Raat NYE Dallas 2025',0,1,'2025-08-10 01:32:30','2025-08-10 01:32:30'),(521,5,'/storage/uploads/photos_in_galleries/1754771550_492490065_1220423850089452_4646160581592549873_n.jpg','Aaj Ki Raat NYE Dallas 2025',0,1,'2025-08-10 01:32:30','2025-08-10 01:32:30'),(522,5,'/storage/uploads/photos_in_galleries/1754771550_492493113_1220423836756120_9058434192759905699_n.jpg','Aaj Ki Raat NYE Dallas 2025',0,1,'2025-08-10 01:32:30','2025-08-10 01:32:30'),(523,5,'/storage/uploads/photos_in_galleries/1754771550_492494887_1220423883422782_2092159570329041304_n.jpg','Aaj Ki Raat NYE Dallas 2025',0,1,'2025-08-10 01:32:30','2025-08-10 01:32:30'),(524,5,'/storage/uploads/photos_in_galleries/1754771550_492494887_1220424553422715_3400755547743426602_n.jpg','Aaj Ki Raat NYE Dallas 2025',0,1,'2025-08-10 01:32:30','2025-08-10 01:32:30'),(525,5,'/storage/uploads/photos_in_galleries/1754771550_492496163_1220423006756203_5681873259866996045_n.jpg','Aaj Ki Raat NYE Dallas 2025',0,1,'2025-08-10 01:32:30','2025-08-10 01:32:30'),(526,5,'/storage/uploads/photos_in_galleries/1754771550_492497759_1220425243422646_5923469294297310159_n.jpg','Aaj Ki Raat NYE Dallas 2025',0,1,'2025-08-10 01:32:30','2025-08-10 01:32:30'),(527,5,'/storage/uploads/photos_in_galleries/1754771550_492498164_1220423863422784_2557341060171420099_n.jpg','Aaj Ki Raat NYE Dallas 2025',0,1,'2025-08-10 01:32:30','2025-08-10 01:32:30'),(528,5,'/storage/uploads/photos_in_galleries/1754771550_492500615_1220422850089552_3547624382104123905_n.jpg','Aaj Ki Raat NYE Dallas 2025',0,1,'2025-08-10 01:32:30','2025-08-10 01:32:30'),(529,5,'/storage/uploads/photos_in_galleries/1754771550_492500835_1220423706756133_2141154501810905101_n.jpg','Aaj Ki Raat NYE Dallas 2025',0,1,'2025-08-10 01:32:30','2025-08-10 01:32:30'),(530,5,'/storage/uploads/photos_in_galleries/1754771550_492502564_1220425250089312_8526049981191741558_n.jpg','Aaj Ki Raat NYE Dallas 2025',0,1,'2025-08-10 01:32:30','2025-08-10 01:32:30'),(531,5,'/storage/uploads/photos_in_galleries/1754771550_492502565_1220422890089548_1868872525271858120_n.jpg','Aaj Ki Raat NYE Dallas 2025',0,1,'2025-08-10 01:32:30','2025-08-10 01:32:30'),(532,5,'/storage/uploads/photos_in_galleries/1754771550_492503244_1220423936756110_1293768925760976411_n.jpg','Aaj Ki Raat NYE Dallas 2025',0,1,'2025-08-10 01:32:30','2025-08-10 01:32:30'),(533,5,'/storage/uploads/photos_in_galleries/1754771550_492504046_1220424590089378_3145751685937547089_n.jpg','Aaj Ki Raat NYE Dallas 2025',0,1,'2025-08-10 01:32:30','2025-08-10 01:32:30'),(534,5,'/storage/uploads/photos_in_galleries/1754771550_492504049_1220422886756215_9082556735356983024_n.jpg','Aaj Ki Raat NYE Dallas 2025',0,1,'2025-08-10 01:32:30','2025-08-10 01:32:30'),(535,5,'/storage/uploads/photos_in_galleries/1754771550_492507347_1220424030089434_8189711864884972639_n.jpg','Aaj Ki Raat NYE Dallas 2025',0,1,'2025-08-10 01:32:30','2025-08-10 01:32:30'),(536,5,'/storage/uploads/photos_in_galleries/1754771550_492508025_1220423650089472_6057473686122267519_n.jpg','Aaj Ki Raat NYE Dallas 2025',0,1,'2025-08-10 01:32:30','2025-08-10 01:32:30'),(537,5,'/storage/uploads/photos_in_galleries/1754771550_492509131_1220422823422888_7230855198136075158_n.jpg','Aaj Ki Raat NYE Dallas 2025',0,1,'2025-08-10 01:32:30','2025-08-10 01:32:30'),(538,5,'/storage/uploads/photos_in_galleries/1754771550_492510697_1220422983422872_2648643585737790967_n.jpg','Aaj Ki Raat NYE Dallas 2025',0,1,'2025-08-10 01:32:30','2025-08-10 01:32:30'),(539,5,'/storage/uploads/photos_in_galleries/1754771550_492510755_1220424430089394_7968291300418694510_n.jpg','Aaj Ki Raat NYE Dallas 2025',0,1,'2025-08-10 01:32:30','2025-08-10 01:32:30'),(540,5,'/storage/uploads/photos_in_galleries/1754771550_492515203_1220423873422783_8347312673986165917_n.jpg','Aaj Ki Raat NYE Dallas 2025',0,1,'2025-08-10 01:32:30','2025-08-10 01:32:30'),(541,5,'/storage/uploads/photos_in_galleries/1754771550_492517456_1220423570089480_8459603591473751444_n.jpg','Aaj Ki Raat NYE Dallas 2025',0,1,'2025-08-10 01:32:30','2025-08-10 01:32:30'),(542,5,'/storage/uploads/photos_in_galleries/1754771551_492518764_1220424533422717_5507191023606541272_n.jpg','Aaj Ki Raat NYE Dallas 2025',0,1,'2025-08-10 01:32:31','2025-08-10 01:32:31'),(543,5,'/storage/uploads/photos_in_galleries/1754771551_492520220_1220423960089441_6374453121975236572_n.jpg','Aaj Ki Raat NYE Dallas 2025',0,1,'2025-08-10 01:32:31','2025-08-10 01:32:31'),(544,5,'/storage/uploads/photos_in_galleries/1754771551_492524308_1220423000089537_7013368808849000792_n.jpg','Aaj Ki Raat NYE Dallas 2025',0,1,'2025-08-10 01:32:31','2025-08-10 01:32:31'),(545,5,'/storage/uploads/photos_in_galleries/1754771551_492525529_1220423860089451_6960450682477275220_n.jpg','Aaj Ki Raat NYE Dallas 2025',0,1,'2025-08-10 01:32:31','2025-08-10 01:32:31'),(546,5,'/storage/uploads/photos_in_galleries/1754771551_492530965_1220423943422776_3954880071783280109_n.jpg','Aaj Ki Raat NYE Dallas 2025',0,1,'2025-08-10 01:32:31','2025-08-10 01:32:31'),(547,5,'/storage/uploads/photos_in_galleries/1754771551_492539385_1220423770089460_553056209414426598_n.jpg','Aaj Ki Raat NYE Dallas 2025',0,1,'2025-08-10 01:32:31','2025-08-10 01:32:31'),(548,5,'/storage/uploads/photos_in_galleries/1754771551_492540347_1220424483422722_292431789039071042_n.jpg','Aaj Ki Raat NYE Dallas 2025',0,1,'2025-08-10 01:32:31','2025-08-10 01:32:31'),(549,5,'/storage/uploads/photos_in_galleries/1754771551_492541189_1220422520089585_3895045290286220508_n.jpg','Aaj Ki Raat NYE Dallas 2025',0,1,'2025-08-10 01:32:31','2025-08-10 01:32:31'),(550,5,'/storage/uploads/photos_in_galleries/1754771551_492545372_1220423713422799_6134914894275475515_n.jpg','Aaj Ki Raat NYE Dallas 2025',0,1,'2025-08-10 01:32:31','2025-08-10 01:32:31'),(551,5,'/storage/uploads/photos_in_galleries/1754771551_492545535_1220422830089554_8130010864066894096_n.jpg','Aaj Ki Raat NYE Dallas 2025',0,1,'2025-08-10 01:32:31','2025-08-10 01:32:31'),(552,5,'/storage/uploads/photos_in_galleries/1754771551_492550191_1220423640089473_9162916927937365854_n.jpg','Aaj Ki Raat NYE Dallas 2025',0,1,'2025-08-10 01:32:31','2025-08-10 01:32:31'),(553,6,'/storage/uploads/photos_in_galleries/1754772071_491957234_1220382720093565_8692235971576476010_n.jpg','Tamannaah Bhatia NYE Meet & Greet & Awards',0,1,'2025-08-10 01:41:11','2025-08-10 01:41:11'),(554,6,'/storage/uploads/photos_in_galleries/1754772071_491958590_1220382883426882_4026530550711824361_n.jpg','Tamannaah Bhatia NYE Meet & Greet & Awards',0,1,'2025-08-10 01:41:12','2025-08-10 01:41:12'),(555,6,'/storage/uploads/photos_in_galleries/1754772072_491966881_1220382843426886_8519348085046860030_n.jpg','Tamannaah Bhatia NYE Meet & Greet & Awards',0,1,'2025-08-10 01:41:12','2025-08-10 01:41:12'),(556,6,'/storage/uploads/photos_in_galleries/1754772072_492002814_1220382860093551_1071901718053216925_n.jpg','Tamannaah Bhatia NYE Meet & Greet & Awards',0,1,'2025-08-10 01:41:12','2025-08-10 01:41:12'),(557,6,'/storage/uploads/photos_in_galleries/1754772072_492003541_1220382723426898_6576068642347365988_n.jpg','Tamannaah Bhatia NYE Meet & Greet & Awards',0,1,'2025-08-10 01:41:12','2025-08-10 01:41:12'),(558,6,'/storage/uploads/photos_in_galleries/1754772072_492006038_1220381693427001_1895652223278919776_n.jpg','Tamannaah Bhatia NYE Meet & Greet & Awards',0,1,'2025-08-10 01:41:12','2025-08-10 01:41:12'),(559,6,'/storage/uploads/photos_in_galleries/1754772072_492006337_1220382993426871_9124013477873250771_n.jpg','Tamannaah Bhatia NYE Meet & Greet & Awards',0,1,'2025-08-10 01:41:12','2025-08-10 01:41:12'),(560,6,'/storage/uploads/photos_in_galleries/1754772072_492006368_1220382963426874_4300044380534718990_n.jpg','Tamannaah Bhatia NYE Meet & Greet & Awards',0,1,'2025-08-10 01:41:12','2025-08-10 01:41:12'),(561,6,'/storage/uploads/photos_in_galleries/1754772072_492007089_1220382753426895_4905551787839439718_n.jpg','Tamannaah Bhatia NYE Meet & Greet & Awards',0,1,'2025-08-10 01:41:12','2025-08-10 01:41:12'),(562,6,'/storage/uploads/photos_in_galleries/1754772072_492007726_1220382933426877_6244350438099493568_n.jpg','Tamannaah Bhatia NYE Meet & Greet & Awards',0,1,'2025-08-10 01:41:12','2025-08-10 01:41:12'),(563,6,'/storage/uploads/photos_in_galleries/1754772072_492008009_1220382943426876_1301758748788717483_n.jpg','Tamannaah Bhatia NYE Meet & Greet & Awards',0,1,'2025-08-10 01:41:12','2025-08-10 01:41:12'),(564,6,'/storage/uploads/photos_in_galleries/1754772072_492008692_1220381700093667_7119898571789553833_n.jpg','Tamannaah Bhatia NYE Meet & Greet & Awards',0,1,'2025-08-10 01:41:12','2025-08-10 01:41:12'),(565,6,'/storage/uploads/photos_in_galleries/1754772072_492012872_1220381970093640_6965278534047451330_n.jpg','Tamannaah Bhatia NYE Meet & Greet & Awards',0,1,'2025-08-10 01:41:12','2025-08-10 01:41:12'),(566,6,'/storage/uploads/photos_in_galleries/1754772072_492012872_1220382980093539_8069320662111163447_n.jpg','Tamannaah Bhatia NYE Meet & Greet & Awards',0,1,'2025-08-10 01:41:12','2025-08-10 01:41:12'),(567,6,'/storage/uploads/photos_in_galleries/1754772072_492023224_1220382923426878_7313421328537692381_n.jpg','Tamannaah Bhatia NYE Meet & Greet & Awards',0,1,'2025-08-10 01:41:12','2025-08-10 01:41:12'),(568,6,'/storage/uploads/photos_in_galleries/1754772072_492076626_1220382730093564_2983599495681703950_n.jpg','Tamannaah Bhatia NYE Meet & Greet & Awards',0,1,'2025-08-10 01:41:12','2025-08-10 01:41:12'),(569,6,'/storage/uploads/photos_in_galleries/1754772072_492076626_1220382886760215_1344285042790743047_n.jpg','Tamannaah Bhatia NYE Meet & Greet & Awards',0,1,'2025-08-10 01:41:12','2025-08-10 01:41:12'),(570,6,'/storage/uploads/photos_in_galleries/1754772072_492079031_1220381976760306_8100278434699733819_n.jpg','Tamannaah Bhatia NYE Meet & Greet & Awards',0,1,'2025-08-10 01:41:12','2025-08-10 01:41:12'),(571,6,'/storage/uploads/photos_in_galleries/1754772072_492079031_1220382976760206_1618526945200555911_n.jpg','Tamannaah Bhatia NYE Meet & Greet & Awards',0,1,'2025-08-10 01:41:12','2025-08-10 01:41:12'),(572,6,'/storage/uploads/photos_in_galleries/1754772072_492231506_1220381930093644_1541213783749527676_n.jpg','Tamannaah Bhatia NYE Meet & Greet & Awards',0,1,'2025-08-10 01:41:12','2025-08-10 01:41:12'),(573,6,'/storage/uploads/photos_in_galleries/1754772072_492249566_1220382990093538_4743500092035953629_n.jpg','Tamannaah Bhatia NYE Meet & Greet & Awards',0,1,'2025-08-10 01:41:12','2025-08-10 01:41:12'),(574,6,'/storage/uploads/photos_in_galleries/1754772072_492253279_1220381573427013_4285853406663724575_n.jpg','Tamannaah Bhatia NYE Meet & Greet & Awards',0,1,'2025-08-10 01:41:12','2025-08-10 01:41:12'),(575,6,'/storage/uploads/photos_in_galleries/1754772072_492303061_1220382740093563_295042980664551282_n.jpg','Tamannaah Bhatia NYE Meet & Greet & Awards',0,1,'2025-08-10 01:41:12','2025-08-10 01:41:12'),(576,6,'/storage/uploads/photos_in_galleries/1754772072_492306069_1220382900093547_6904267839875438854_n.jpg','Tamannaah Bhatia NYE Meet & Greet & Awards',0,1,'2025-08-10 01:41:12','2025-08-10 01:41:12'),(577,6,'/storage/uploads/photos_in_galleries/1754772072_492316165_1220383000093537_4855496825076282240_n.jpg','Tamannaah Bhatia NYE Meet & Greet & Awards',0,1,'2025-08-10 01:41:12','2025-08-10 01:41:12'),(578,6,'/storage/uploads/photos_in_galleries/1754772072_492330347_1220382850093552_365569663381741311_n.jpg','Tamannaah Bhatia NYE Meet & Greet & Awards',0,1,'2025-08-10 01:41:12','2025-08-10 01:41:12'),(579,6,'/storage/uploads/photos_in_galleries/1754772072_492330825_1220382660093571_1190449523703652188_n.jpg','Tamannaah Bhatia NYE Meet & Greet & Awards',0,1,'2025-08-10 01:41:12','2025-08-10 01:41:12'),(580,6,'/storage/uploads/photos_in_galleries/1754772072_492330825_1220382683426902_6447382925072546933_n.jpg','Tamannaah Bhatia NYE Meet & Greet & Awards',0,1,'2025-08-10 01:41:12','2025-08-10 01:41:12'),(581,6,'/storage/uploads/photos_in_galleries/1754772072_492364004_1220382756760228_6567766909995082947_n.jpg','Tamannaah Bhatia NYE Meet & Greet & Awards',0,1,'2025-08-10 01:41:12','2025-08-10 01:41:12'),(582,6,'/storage/uploads/photos_in_galleries/1754772072_492367785_1220382966760207_6366828681647755892_n.jpg','Tamannaah Bhatia NYE Meet & Greet & Awards',0,1,'2025-08-10 01:41:12','2025-08-10 01:41:12'),(583,6,'/storage/uploads/photos_in_galleries/1754772072_492368978_1220382870093550_6669488971434011621_n.jpg','Tamannaah Bhatia NYE Meet & Greet & Awards',0,1,'2025-08-10 01:41:12','2025-08-10 01:41:12'),(584,6,'/storage/uploads/photos_in_galleries/1754772072_492381024_1220382856760218_2630986144564117403_n.jpg','Tamannaah Bhatia NYE Meet & Greet & Awards',0,1,'2025-08-10 01:41:12','2025-08-10 01:41:12'),(585,6,'/storage/uploads/photos_in_galleries/1754772072_492393207_1220382903426880_6070454153689663810_n.jpg','Tamannaah Bhatia NYE Meet & Greet & Awards',0,1,'2025-08-10 01:41:12','2025-08-10 01:41:12'),(586,6,'/storage/uploads/photos_in_galleries/1754772072_492394792_1220382853426885_5270574578826011206_n.jpg','Tamannaah Bhatia NYE Meet & Greet & Awards',0,1,'2025-08-10 01:41:12','2025-08-10 01:41:12'),(587,6,'/storage/uploads/photos_in_galleries/1754772072_492394797_1220382816760222_7753687495311955305_n.jpg','Tamannaah Bhatia NYE Meet & Greet & Awards',0,1,'2025-08-10 01:41:12','2025-08-10 01:41:12'),(588,6,'/storage/uploads/photos_in_galleries/1754772072_492401068_1220382866760217_5826588812898765415_n.jpg','Tamannaah Bhatia NYE Meet & Greet & Awards',0,1,'2025-08-10 01:41:12','2025-08-10 01:41:12'),(589,6,'/storage/uploads/photos_in_galleries/1754772072_492419808_1220383076760196_5192755865649217186_n.jpg','Tamannaah Bhatia NYE Meet & Greet & Awards',0,1,'2025-08-10 01:41:12','2025-08-10 01:41:12'),(590,6,'/storage/uploads/photos_in_galleries/1754772072_492430399_1220382863426884_6801160655261764489_n.jpg','Tamannaah Bhatia NYE Meet & Greet & Awards',0,1,'2025-08-10 01:41:12','2025-08-10 01:41:12'),(591,6,'/storage/uploads/photos_in_galleries/1754772072_492433634_1220382003426970_8983620440321159884_n.jpg','Tamannaah Bhatia NYE Meet & Greet & Awards',0,1,'2025-08-10 01:41:12','2025-08-10 01:41:12'),(592,6,'/storage/uploads/photos_in_galleries/1754772072_492451290_1220381990093638_4141224539661063203_n.jpg','Tamannaah Bhatia NYE Meet & Greet & Awards',0,1,'2025-08-10 01:41:12','2025-08-10 01:41:12'),(593,6,'/storage/uploads/photos_in_galleries/1754772072_492464988_1220382803426890_6201825994864859973_n.jpg','Tamannaah Bhatia NYE Meet & Greet & Awards',0,1,'2025-08-10 01:41:12','2025-08-10 01:41:12'),(594,6,'/storage/uploads/photos_in_galleries/1754772072_492465864_1220382846760219_5916572436651135677_n.jpg','Tamannaah Bhatia NYE Meet & Greet & Awards',0,1,'2025-08-10 01:41:12','2025-08-10 01:41:12'),(595,6,'/storage/uploads/photos_in_galleries/1754772072_492469011_1220381716760332_914538039838324800_n.jpg','Tamannaah Bhatia NYE Meet & Greet & Awards',0,1,'2025-08-10 01:41:12','2025-08-10 01:41:12'),(596,6,'/storage/uploads/photos_in_galleries/1754772072_492470963_1220381706760333_3300746457330371519_n.jpg','Tamannaah Bhatia NYE Meet & Greet & Awards',0,1,'2025-08-10 01:41:12','2025-08-10 01:41:12'),(597,6,'/storage/uploads/photos_in_galleries/1754772072_492473458_1220381986760305_1266770947642550937_n.jpg','Tamannaah Bhatia NYE Meet & Greet & Awards',0,1,'2025-08-10 01:41:12','2025-08-10 01:41:12'),(598,6,'/storage/uploads/photos_in_galleries/1754772072_492476441_1220382960093541_229263029002310425_n.jpg','Tamannaah Bhatia NYE Meet & Greet & Awards',0,1,'2025-08-10 01:41:12','2025-08-10 01:41:12'),(599,6,'/storage/uploads/photos_in_galleries/1754772072_492491184_1220381676760336_2853756740262013852_n.jpg','Tamannaah Bhatia NYE Meet & Greet & Awards',0,1,'2025-08-10 01:41:12','2025-08-10 01:41:12'),(600,6,'/storage/uploads/photos_in_galleries/1754772072_492492107_1220382820093555_7784908433152606639_n.jpg','Tamannaah Bhatia NYE Meet & Greet & Awards',0,1,'2025-08-10 01:41:12','2025-08-10 01:41:12'),(601,6,'/storage/uploads/photos_in_galleries/1754772072_492503427_1220382666760237_7703986576224076022_n.jpg','Tamannaah Bhatia NYE Meet & Greet & Awards',0,1,'2025-08-10 01:41:12','2025-08-10 01:41:12'),(602,6,'/storage/uploads/photos_in_galleries/1754772072_492519095_1220382996760204_3406586921550556427_n.jpg','Tamannaah Bhatia NYE Meet & Greet & Awards',0,1,'2025-08-10 01:41:12','2025-08-10 01:41:12'),(603,6,'/storage/uploads/photos_in_galleries/1754772072_492520199_1220382910093546_6756851926387152376_n.jpg','Tamannaah Bhatia NYE Meet & Greet & Awards',0,1,'2025-08-10 01:41:12','2025-08-10 01:41:12'),(604,6,'/storage/uploads/photos_in_galleries/1754772072_492522723_1220382950093542_5122462075491997723_n.jpg','Tamannaah Bhatia NYE Meet & Greet & Awards',0,1,'2025-08-10 01:41:12','2025-08-10 01:41:12'),(605,6,'/storage/uploads/photos_in_galleries/1754772072_492529564_1220381916760312_7037811714217147878_n.jpg','Tamannaah Bhatia NYE Meet & Greet & Awards',0,1,'2025-08-10 01:41:12','2025-08-10 01:41:12'),(606,6,'/storage/uploads/photos_in_galleries/1754772072_492538223_1220382676760236_8276673379534654096_n.jpg','Tamannaah Bhatia NYE Meet & Greet & Awards',0,1,'2025-08-10 01:41:12','2025-08-10 01:41:12'),(607,6,'/storage/uploads/photos_in_galleries/1754772072_492627639_1220382940093543_3083642714182645444_n.jpg','Tamannaah Bhatia NYE Meet & Greet & Awards',0,1,'2025-08-10 01:41:12','2025-08-10 01:41:12'),(608,6,'/storage/uploads/photos_in_galleries/1754772072_492654302_1220382893426881_8948213261367949582_n.jpg','Tamannaah Bhatia NYE Meet & Greet & Awards',0,1,'2025-08-10 01:41:12','2025-08-10 01:41:12'),(609,6,'/storage/uploads/photos_in_galleries/1754772072_492663999_1220383003426870_4574459901185053482_n.jpg','Tamannaah Bhatia NYE Meet & Greet & Awards',0,1,'2025-08-10 01:41:12','2025-08-10 01:41:12'),(610,6,'/storage/uploads/photos_in_galleries/1754772072_492722096_1220382920093545_7527410894158576431_n.jpg','Tamannaah Bhatia NYE Meet & Greet & Awards',0,1,'2025-08-10 01:41:12','2025-08-10 01:41:12'),(611,6,'/storage/uploads/photos_in_galleries/1754772072_492776379_1220382746760229_1937357979436099314_n.jpg','Tamannaah Bhatia NYE Meet & Greet & Awards',0,1,'2025-08-10 01:41:12','2025-08-10 01:41:12'),(612,6,'/storage/uploads/photos_in_galleries/1754772072_492790322_1220382880093549_8315400285938568597_n.jpg','Tamannaah Bhatia NYE Meet & Greet & Awards',0,1,'2025-08-10 01:41:12','2025-08-10 01:41:12'),(613,6,'/storage/uploads/photos_in_galleries/1754772072_492944249_1220382840093553_82292299977176365_n.jpg','Tamannaah Bhatia NYE Meet & Greet & Awards',0,1,'2025-08-10 01:41:12','2025-08-10 01:41:12'),(614,6,'/storage/uploads/photos_in_galleries/1754772072_493006680_1220382873426883_5292937208207439941_n.jpg','Tamannaah Bhatia NYE Meet & Greet & Awards',0,1,'2025-08-10 01:41:12','2025-08-10 01:41:12'),(615,6,'/storage/uploads/photos_in_galleries/1754772072_493017049_1220382986760205_2134095503696755922_n.jpg','Tamannaah Bhatia NYE Meet & Greet & Awards',0,1,'2025-08-10 01:41:12','2025-08-10 01:41:12'),(616,6,'/storage/uploads/photos_in_galleries/1754772072_493048182_1220382810093556_4106500221860448694_n.jpg','Tamannaah Bhatia NYE Meet & Greet & Awards',0,1,'2025-08-10 01:41:12','2025-08-10 01:41:12'),(617,6,'/storage/uploads/photos_in_galleries/1754772072_493065192_1220382936760210_3890385348026448855_n.jpg','Tamannaah Bhatia NYE Meet & Greet & Awards',0,1,'2025-08-10 01:41:12','2025-08-10 01:41:12'),(618,6,'/storage/uploads/photos_in_galleries/1754772072_493075339_1220382733426897_3406187731723678280_n.jpg','Tamannaah Bhatia NYE Meet & Greet & Awards',0,1,'2025-08-10 01:41:12','2025-08-10 01:41:12'),(619,6,'/storage/uploads/photos_in_galleries/1754772072_493143680_1220382913426879_2906921306986866401_n.jpg','Tamannaah Bhatia NYE Meet & Greet & Awards',0,1,'2025-08-10 01:41:12','2025-08-10 01:41:12'),(620,6,'/storage/uploads/photos_in_galleries/1754772072_493157438_1220381923426978_565365969461715804_n.jpg','Tamannaah Bhatia NYE Meet & Greet & Awards',0,1,'2025-08-10 01:41:12','2025-08-10 01:41:12'),(621,6,'/storage/uploads/photos_in_galleries/1754772072_493207044_1220382696760234_4566820084426259148_n.jpg','Tamannaah Bhatia NYE Meet & Greet & Awards',0,1,'2025-08-10 01:41:12','2025-08-10 01:41:12'),(622,6,'/storage/uploads/photos_in_galleries/1754772072_493277743_1220381720093665_21963866300620939_n.jpg','Tamannaah Bhatia NYE Meet & Greet & Awards',0,1,'2025-08-10 01:41:12','2025-08-10 01:41:12'),(623,6,'/storage/uploads/photos_in_galleries/1754772072_493326883_1220382670093570_3968466411509678614_n.jpg','Tamannaah Bhatia NYE Meet & Greet & Awards',0,1,'2025-08-10 01:41:12','2025-08-10 01:41:12'),(624,6,'/storage/uploads/photos_in_galleries/1754772072_493332550_1220382826760221_7708025806744539799_n.jpg','Tamannaah Bhatia NYE Meet & Greet & Awards',0,1,'2025-08-10 01:41:12','2025-08-10 01:41:12'),(625,6,'/storage/uploads/photos_in_galleries/1754772072_493334444_1220382896760214_6099796617909917434_n.jpg','Tamannaah Bhatia NYE Meet & Greet & Awards',0,1,'2025-08-10 01:41:12','2025-08-10 01:41:12'),(626,6,'/storage/uploads/photos_in_galleries/1754772072_493375286_1220382876760216_1393326968621983807_n.jpg','Tamannaah Bhatia NYE Meet & Greet & Awards',0,1,'2025-08-10 01:41:12','2025-08-10 01:41:12'),(627,6,'/storage/uploads/photos_in_galleries/1754772072_493449290_1220382970093540_3374520630718936217_n.jpg','Tamannaah Bhatia NYE Meet & Greet & Awards',0,1,'2025-08-10 01:41:12','2025-08-10 01:41:12'),(628,6,'/storage/uploads/photos_in_galleries/1754772072_493472946_1220382890093548_4186512269981269586_n.jpg','Tamannaah Bhatia NYE Meet & Greet & Awards',0,1,'2025-08-10 01:41:12','2025-08-10 01:41:12'),(629,6,'/storage/uploads/photos_in_galleries/1754772072_493525777_1220381703427000_4551673989855321327_n.jpg','Tamannaah Bhatia NYE Meet & Greet & Awards',0,1,'2025-08-10 01:41:12','2025-08-10 01:41:12'),(630,6,'/storage/uploads/photos_in_galleries/1754772072_493573950_1220382956760208_4150911321984202412_n.jpg','Tamannaah Bhatia NYE Meet & Greet & Awards',0,1,'2025-08-10 01:41:12','2025-08-10 01:41:12'),(631,6,'/storage/uploads/photos_in_galleries/1754772072_493605530_1220382983426872_4417643483979477197_n.jpg','Tamannaah Bhatia NYE Meet & Greet & Awards',0,1,'2025-08-10 01:41:12','2025-08-10 01:41:12'),(632,6,'/storage/uploads/photos_in_galleries/1754772072_493606184_1220382916760212_892371322654893650_n.jpg','Tamannaah Bhatia NYE Meet & Greet & Awards',0,1,'2025-08-10 01:41:12','2025-08-10 01:41:12'),(633,6,'/storage/uploads/photos_in_galleries/1754772072_493706562_1220382906760213_5228418411329824237_n.jpg','Tamannaah Bhatia NYE Meet & Greet & Awards',0,1,'2025-08-10 01:41:12','2025-08-10 01:41:12'),(634,6,'/storage/uploads/photos_in_galleries/1754772072_493727878_1220381670093670_6637487911711633270_n.jpg','Tamannaah Bhatia NYE Meet & Greet & Awards',0,1,'2025-08-10 01:41:12','2025-08-10 01:41:12'),(635,6,'/storage/uploads/photos_in_galleries/1754772072_493826392_1220382656760238_2834516311310457216_n.jpg','Tamannaah Bhatia NYE Meet & Greet & Awards',0,1,'2025-08-10 01:41:12','2025-08-10 01:41:12'),(636,6,'/storage/uploads/photos_in_galleries/1754772072_493832061_1220382930093544_8594108941688106606_n.jpg','Tamannaah Bhatia NYE Meet & Greet & Awards',0,1,'2025-08-10 01:41:12','2025-08-10 01:41:12'),(637,6,'/storage/uploads/photos_in_galleries/1754772072_493847343_1220382663426904_371516659296829534_n.jpg','Tamannaah Bhatia NYE Meet & Greet & Awards',0,1,'2025-08-10 01:41:12','2025-08-10 01:41:12'),(638,6,'/storage/uploads/photos_in_galleries/1754772072_493897893_1220382973426873_6963216884460705582_n.jpg','Tamannaah Bhatia NYE Meet & Greet & Awards',0,1,'2025-08-10 01:41:12','2025-08-10 01:41:12'),(639,7,'/storage/uploads/photos_in_galleries/1754773625_492005292_1219555700176267_6152444470950418287_n.jpg','Neelam Kothari Soni - Charity Event 2024',0,1,'2025-08-10 02:07:05','2025-08-10 02:07:05'),(640,7,'/storage/uploads/photos_in_galleries/1754773625_492006386_1219555426842961_5549177898774653473_n.jpg','Neelam Kothari Soni - Charity Event 2024',0,1,'2025-08-10 02:07:05','2025-08-10 02:07:05'),(641,7,'/storage/uploads/photos_in_galleries/1754773625_492010221_1219556823509488_489211110305937449_n.jpg','Neelam Kothari Soni - Charity Event 2024',0,1,'2025-08-10 02:07:05','2025-08-10 02:07:05'),(642,7,'/storage/uploads/photos_in_galleries/1754773625_492040115_1219555650176272_8898863953177307972_n.jpg','Neelam Kothari Soni - Charity Event 2024',0,1,'2025-08-10 02:07:05','2025-08-10 02:07:05'),(643,7,'/storage/uploads/photos_in_galleries/1754773625_492043060_1219555696842934_4369865495457503600_n.jpg','Neelam Kothari Soni - Charity Event 2024',0,1,'2025-08-10 02:07:05','2025-08-10 02:07:05'),(644,7,'/storage/uploads/photos_in_galleries/1754773625_492105186_1219555556842948_5489276107152155911_n.jpg','Neelam Kothari Soni - Charity Event 2024',0,1,'2025-08-10 02:07:05','2025-08-10 02:07:05'),(645,7,'/storage/uploads/photos_in_galleries/1754773625_492111196_1219555916842912_7203981513566998654_n.jpg','Neelam Kothari Soni - Charity Event 2024',0,1,'2025-08-10 02:07:05','2025-08-10 02:07:05'),(646,7,'/storage/uploads/photos_in_galleries/1754773625_492112926_1219555506842953_2922130975607706563_n.jpg','Neelam Kothari Soni - Charity Event 2024',0,1,'2025-08-10 02:07:05','2025-08-10 02:07:05'),(647,7,'/storage/uploads/photos_in_galleries/1754773625_492114909_1219556836842820_2428239262203700837_n.jpg','Neelam Kothari Soni - Charity Event 2024',0,1,'2025-08-10 02:07:05','2025-08-10 02:07:05'),(648,7,'/storage/uploads/photos_in_galleries/1754773625_492122751_1219555626842941_1513373594511254918_n.jpg','Neelam Kothari Soni - Charity Event 2024',0,1,'2025-08-10 02:07:05','2025-08-10 02:07:05'),(649,7,'/storage/uploads/photos_in_galleries/1754773625_492127420_1219555483509622_8008063037298234299_n.jpg','Neelam Kothari Soni - Charity Event 2024',0,1,'2025-08-10 02:07:05','2025-08-10 02:07:05'),(650,7,'/storage/uploads/photos_in_galleries/1754773625_492132365_1219555676842936_4911215958243207156_n.jpg','Neelam Kothari Soni - Charity Event 2024',0,1,'2025-08-10 02:07:05','2025-08-10 02:07:05'),(651,7,'/storage/uploads/photos_in_galleries/1754773625_492158854_1219555456842958_2176954908291249589_n.jpg','Neelam Kothari Soni - Charity Event 2024',0,1,'2025-08-10 02:07:05','2025-08-10 02:07:05'),(652,7,'/storage/uploads/photos_in_galleries/1754773625_492158857_1219555486842955_2319073789829199672_n.jpg','Neelam Kothari Soni - Charity Event 2024',0,1,'2025-08-10 02:07:05','2025-08-10 02:07:05'),(653,7,'/storage/uploads/photos_in_galleries/1754773625_492161204_1219556723509498_1884580932734872849_n.jpg','Neelam Kothari Soni - Charity Event 2024',0,1,'2025-08-10 02:07:05','2025-08-10 02:07:05'),(654,7,'/storage/uploads/photos_in_galleries/1754773625_492170060_1219555740176263_38095622492893681_n.jpg','Neelam Kothari Soni - Charity Event 2024',0,1,'2025-08-10 02:07:05','2025-08-10 02:07:05'),(655,7,'/storage/uploads/photos_in_galleries/1754773625_492186738_1219555920176245_3472528903405727286_n.jpg','Neelam Kothari Soni - Charity Event 2024',0,1,'2025-08-10 02:07:05','2025-08-10 02:07:05'),(656,7,'/storage/uploads/photos_in_galleries/1754773625_492189614_1219555430176294_3539235315097102259_n.jpg','Neelam Kothari Soni - Charity Event 2024',0,1,'2025-08-10 02:07:05','2025-08-10 02:07:05'),(657,7,'/storage/uploads/photos_in_galleries/1754773625_492189614_1219555730176264_5993457857749701774_n.jpg','Neelam Kothari Soni - Charity Event 2024',0,1,'2025-08-10 02:07:05','2025-08-10 02:07:05'),(658,7,'/storage/uploads/photos_in_galleries/1754773625_492191704_1219555560176281_3756988327569073104_n.jpg','Neelam Kothari Soni - Charity Event 2024',0,1,'2025-08-10 02:07:05','2025-08-10 02:07:05'),(659,7,'/storage/uploads/photos_in_galleries/1754773625_492191705_1219556566842847_608073431860969493_n.jpg','Neelam Kothari Soni - Charity Event 2024',0,1,'2025-08-10 02:07:05','2025-08-10 02:07:05'),(660,7,'/storage/uploads/photos_in_galleries/1754773625_492192959_1219555490176288_8976214601836220738_n.jpg','Neelam Kothari Soni - Charity Event 2024',0,1,'2025-08-10 02:07:05','2025-08-10 02:07:05'),(661,7,'/storage/uploads/photos_in_galleries/1754773625_492193968_1219556550176182_5317972882725154009_n.jpg','Neelam Kothari Soni - Charity Event 2024',0,1,'2025-08-10 02:07:05','2025-08-10 02:07:05'),(662,7,'/storage/uploads/photos_in_galleries/1754773625_492199917_1219555716842932_2326928724458609613_n.jpg','Neelam Kothari Soni - Charity Event 2024',0,1,'2025-08-10 02:07:05','2025-08-10 02:07:05'),(663,7,'/storage/uploads/photos_in_galleries/1754773625_492203361_1219556833509487_330982431362492107_n.jpg','Neelam Kothari Soni - Charity Event 2024',0,1,'2025-08-10 02:07:05','2025-08-10 02:07:05'),(664,7,'/storage/uploads/photos_in_galleries/1754773625_492204485_1219555620176275_5988479384790294497_n.jpg','Neelam Kothari Soni - Charity Event 2024',0,1,'2025-08-10 02:07:05','2025-08-10 02:07:05'),(665,7,'/storage/uploads/photos_in_galleries/1754773625_492206144_1219556813509489_8057120057863727652_n.jpg','Neelam Kothari Soni - Charity Event 2024',0,1,'2025-08-10 02:07:05','2025-08-10 02:07:05'),(666,7,'/storage/uploads/photos_in_galleries/1754773625_492214281_1219555673509603_8613220160080635840_n.jpg','Neelam Kothari Soni - Charity Event 2024',0,1,'2025-08-10 02:07:05','2025-08-10 02:07:05'),(667,7,'/storage/uploads/photos_in_galleries/1754773625_492216452_1219556533509517_6168582309930178301_n.jpg','Neelam Kothari Soni - Charity Event 2024',0,1,'2025-08-10 02:07:05','2025-08-10 02:07:05'),(668,7,'/storage/uploads/photos_in_galleries/1754773625_492220600_1219555913509579_6397190916018693295_n.jpg','Neelam Kothari Soni - Charity Event 2024',0,1,'2025-08-10 02:07:05','2025-08-10 02:07:05'),(669,7,'/storage/uploads/photos_in_galleries/1754773625_492222278_1219555536842950_177971996525783389_n.jpg','Neelam Kothari Soni - Charity Event 2024',0,1,'2025-08-10 02:07:05','2025-08-10 02:07:05'),(670,7,'/storage/uploads/photos_in_galleries/1754773625_492222278_1219556610176176_4325075816497977590_n.jpg','Neelam Kothari Soni - Charity Event 2024',0,1,'2025-08-10 02:07:05','2025-08-10 02:07:05'),(671,7,'/storage/uploads/photos_in_galleries/1754773625_492223615_1219556623509508_1489878435570923262_n.jpg','Neelam Kothari Soni - Charity Event 2024',0,1,'2025-08-10 02:07:05','2025-08-10 02:07:05'),(672,7,'/storage/uploads/photos_in_galleries/1754773625_492227544_1219556596842844_8313615306838812755_n.jpg','Neelam Kothari Soni - Charity Event 2024',0,1,'2025-08-10 02:07:05','2025-08-10 02:07:05'),(673,7,'/storage/uploads/photos_in_galleries/1754773625_492230061_1219555566842947_4741548113554142721_n.jpg','Neelam Kothari Soni - Charity Event 2024',0,1,'2025-08-10 02:07:05','2025-08-10 02:07:05'),(674,7,'/storage/uploads/photos_in_galleries/1754773625_492241541_1219555606842943_5402605069989709872_n.jpg','Neelam Kothari Soni - Charity Event 2024',0,1,'2025-08-10 02:07:05','2025-08-10 02:07:05'),(675,7,'/storage/uploads/photos_in_galleries/1754773625_492248946_1219556820176155_555968286161223077_n.jpg','Neelam Kothari Soni - Charity Event 2024',0,1,'2025-08-10 02:07:05','2025-08-10 02:07:05'),(676,7,'/storage/uploads/photos_in_galleries/1754773625_492252893_1219555493509621_5488024447295180174_n.jpg','Neelam Kothari Soni - Charity Event 2024',0,1,'2025-08-10 02:07:05','2025-08-10 02:07:05'),(677,7,'/storage/uploads/photos_in_galleries/1754773625_492257827_1219555690176268_8268448247912567538_n.jpg','Neelam Kothari Soni - Charity Event 2024',0,1,'2025-08-10 02:07:05','2025-08-10 02:07:05'),(678,7,'/storage/uploads/photos_in_galleries/1754773625_492257830_1219556696842834_7326623630170164906_n.jpg','Neelam Kothari Soni - Charity Event 2024',0,1,'2025-08-10 02:07:05','2025-08-10 02:07:05'),(679,7,'/storage/uploads/photos_in_galleries/1754773625_492258768_1219555433509627_964470537275221511_n.jpg','Neelam Kothari Soni - Charity Event 2024',0,1,'2025-08-10 02:07:05','2025-08-10 02:07:05'),(680,7,'/storage/uploads/photos_in_galleries/1754773625_492261409_1219555630176274_1377663133472556085_n.jpg','Neelam Kothari Soni - Charity Event 2024',0,1,'2025-08-10 02:07:05','2025-08-10 02:07:05'),(681,7,'/storage/uploads/photos_in_galleries/1754773625_492261409_1219555780176259_4950142719421954917_n.jpg','Neelam Kothari Soni - Charity Event 2024',0,1,'2025-08-10 02:07:05','2025-08-10 02:07:05'),(682,7,'/storage/uploads/photos_in_galleries/1754773625_492266225_1219555640176273_7508632753717228853_n.jpg','Neelam Kothari Soni - Charity Event 2024',0,1,'2025-08-10 02:07:05','2025-08-10 02:07:05'),(683,7,'/storage/uploads/photos_in_galleries/1754773625_492293443_1219555866842917_5180463933332553415_n.jpg','Neelam Kothari Soni - Charity Event 2024',0,1,'2025-08-10 02:07:05','2025-08-10 02:07:05'),(684,7,'/storage/uploads/photos_in_galleries/1754773625_492293443_1219556766842827_5357976913962361989_n.jpg','Neelam Kothari Soni - Charity Event 2024',0,1,'2025-08-10 02:07:05','2025-08-10 02:07:05'),(685,7,'/storage/uploads/photos_in_galleries/1754773625_492300360_1219555790176258_2457684363060871054_n.jpg','Neelam Kothari Soni - Charity Event 2024',0,1,'2025-08-10 02:07:05','2025-08-10 02:07:05'),(686,7,'/storage/uploads/photos_in_galleries/1754773625_492303830_1219555906842913_5047587576608860896_n.jpg','Neelam Kothari Soni - Charity Event 2024',0,1,'2025-08-10 02:07:05','2025-08-10 02:07:05'),(687,7,'/storage/uploads/photos_in_galleries/1754773625_492325301_1219556793509491_3060806248300473169_n.jpg','Neelam Kothari Soni - Charity Event 2024',0,1,'2025-08-10 02:07:05','2025-08-10 02:07:05'),(688,7,'/storage/uploads/photos_in_galleries/1754773625_492332018_1219556796842824_3224302382689007585_n.jpg','Neelam Kothari Soni - Charity Event 2024',0,1,'2025-08-10 02:07:05','2025-08-10 02:07:05'),(689,7,'/storage/uploads/photos_in_galleries/1754773625_492348823_1219555570176280_8617939168290964703_n.jpg','Neelam Kothari Soni - Charity Event 2024',0,1,'2025-08-10 02:07:05','2025-08-10 02:07:05'),(690,7,'/storage/uploads/photos_in_galleries/1754773625_492350365_1219555750176262_1747927987828004667_n.jpg','Neelam Kothari Soni - Charity Event 2024',0,1,'2025-08-10 02:07:05','2025-08-10 02:07:05'),(691,7,'/storage/uploads/photos_in_galleries/1754773625_492350620_1219556706842833_2336812099951074104_n.jpg','Neelam Kothari Soni - Charity Event 2024',0,1,'2025-08-10 02:07:05','2025-08-10 02:07:05'),(692,7,'/storage/uploads/photos_in_galleries/1754773625_492353320_1219555590176278_2486174295794261798_n.jpg','Neelam Kothari Soni - Charity Event 2024',0,1,'2025-08-10 02:07:05','2025-08-10 02:07:05'),(693,7,'/storage/uploads/photos_in_galleries/1754773625_492353320_1219556773509493_7372040810231303080_n.jpg','Neelam Kothari Soni - Charity Event 2024',0,1,'2025-08-10 02:07:05','2025-08-10 02:07:05'),(694,7,'/storage/uploads/photos_in_galleries/1754773625_492365343_1219555473509623_4475266174700934905_n.jpg','Neelam Kothari Soni - Charity Event 2024',0,1,'2025-08-10 02:07:05','2025-08-10 02:07:05'),(695,7,'/storage/uploads/photos_in_galleries/1754773625_492365343_1219556770176160_2447240844948591797_n.jpg','Neelam Kothari Soni - Charity Event 2024',0,1,'2025-08-10 02:07:05','2025-08-10 02:07:05'),(696,7,'/storage/uploads/photos_in_galleries/1754773625_492367866_1219555533509617_2587660983406608948_n.jpg','Neelam Kothari Soni - Charity Event 2024',0,1,'2025-08-10 02:07:05','2025-08-10 02:07:05'),(697,7,'/storage/uploads/photos_in_galleries/1754773625_492368696_1219556600176177_5536789049583117932_n.jpg','Neelam Kothari Soni - Charity Event 2024',0,1,'2025-08-10 02:07:05','2025-08-10 02:07:05'),(698,7,'/storage/uploads/photos_in_galleries/1754773625_492401512_1219555513509619_645724253241579773_n.jpg','Neelam Kothari Soni - Charity Event 2024',0,1,'2025-08-10 02:07:05','2025-08-10 02:07:05'),(699,7,'/storage/uploads/photos_in_galleries/1754773625_492401512_1219555660176271_6571108675920784858_n.jpg','Neelam Kothari Soni - Charity Event 2024',0,1,'2025-08-10 02:07:05','2025-08-10 02:07:05'),(700,7,'/storage/uploads/photos_in_galleries/1754773625_492404130_1219555500176287_4155072603882505572_n.jpg','Neelam Kothari Soni - Charity Event 2024',0,1,'2025-08-10 02:07:05','2025-08-10 02:07:05'),(701,7,'/storage/uploads/photos_in_galleries/1754773625_492411711_1219556756842828_1479865819911850842_n.jpg','Neelam Kothari Soni - Charity Event 2024',0,1,'2025-08-10 02:07:05','2025-08-10 02:07:05'),(702,7,'/storage/uploads/photos_in_galleries/1754773625_492412320_1219555663509604_5959134931241171432_n.jpg','Neelam Kothari Soni - Charity Event 2024',0,1,'2025-08-10 02:07:05','2025-08-10 02:07:05'),(703,7,'/storage/uploads/photos_in_galleries/1754773625_492420418_1219555726842931_6288053267479562380_n.jpg','Neelam Kothari Soni - Charity Event 2024',0,1,'2025-08-10 02:07:05','2025-08-10 02:07:05'),(704,7,'/storage/uploads/photos_in_galleries/1754773625_492446229_1219555896842914_7602285032413585427_n.jpg','Neelam Kothari Soni - Charity Event 2024',0,1,'2025-08-10 02:07:05','2025-08-10 02:07:05'),(705,7,'/storage/uploads/photos_in_galleries/1754773625_492450561_1219555573509613_5906704537165906617_n.jpg','Neelam Kothari Soni - Charity Event 2024',0,1,'2025-08-10 02:07:05','2025-08-10 02:07:05'),(706,7,'/storage/uploads/photos_in_galleries/1754773625_492466345_1219555860176251_5907050320161250756_n.jpg','Neelam Kothari Soni - Charity Event 2024',0,1,'2025-08-10 02:07:05','2025-08-10 02:07:05'),(707,7,'/storage/uploads/photos_in_galleries/1754773625_492467963_1219555543509616_9113522590417874056_n.jpg','Neelam Kothari Soni - Charity Event 2024',0,1,'2025-08-10 02:07:05','2025-08-10 02:07:05'),(708,7,'/storage/uploads/photos_in_galleries/1754773625_492480986_1219556753509495_1503753066696687910_n.jpg','Neelam Kothari Soni - Charity Event 2024',0,1,'2025-08-10 02:07:05','2025-08-10 02:07:05'),(709,7,'/storage/uploads/photos_in_galleries/1754773625_492501547_1219555756842928_3077933164110717790_n.jpg','Neelam Kothari Soni - Charity Event 2024',0,1,'2025-08-10 02:07:05','2025-08-10 02:07:05'),(710,7,'/storage/uploads/photos_in_galleries/1754773626_492502471_1219555623509608_1448998261723027832_n.jpg','Neelam Kothari Soni - Charity Event 2024',0,1,'2025-08-10 02:07:06','2025-08-10 02:07:06'),(711,7,'/storage/uploads/photos_in_galleries/1754773626_492518029_1219556783509492_4873092018857006372_n.jpg','Neelam Kothari Soni - Charity Event 2024',0,1,'2025-08-10 02:07:06','2025-08-10 02:07:06'),(712,7,'/storage/uploads/photos_in_galleries/1754773626_492528055_1219556750176162_714823968879651309_n.jpg','Neelam Kothari Soni - Charity Event 2024',0,1,'2025-08-10 02:07:06','2025-08-10 02:07:06'),(713,7,'/storage/uploads/photos_in_galleries/1754773626_492542382_1219555796842924_4159596657402930411_n.jpg','Neelam Kothari Soni - Charity Event 2024',0,1,'2025-08-10 02:07:06','2025-08-10 02:07:06'),(714,7,'/storage/uploads/photos_in_galleries/1754773626_492552763_1219555706842933_6143565946147266411_n.jpg','Neelam Kothari Soni - Charity Event 2024',0,1,'2025-08-10 02:07:06','2025-08-10 02:07:06'),(715,7,'/storage/uploads/photos_in_galleries/1754773626_492560172_1219555563509614_6406848953458977525_n.jpg','Neelam Kothari Soni - Charity Event 2024',0,1,'2025-08-10 02:07:06','2025-08-10 02:07:06'),(716,7,'/storage/uploads/photos_in_galleries/1754773626_492578117_1219555733509597_6806928724566658309_n.jpg','Neelam Kothari Soni - Charity Event 2024',0,1,'2025-08-10 02:07:06','2025-08-10 02:07:06'),(717,7,'/storage/uploads/photos_in_galleries/1754773626_492592504_1219555863509584_2146232649536053584_n.jpg','Neelam Kothari Soni - Charity Event 2024',0,1,'2025-08-10 02:07:06','2025-08-10 02:07:06'),(718,7,'/storage/uploads/photos_in_galleries/1754773626_492611897_1219556760176161_1345839866932746634_n.jpg','Neelam Kothari Soni - Charity Event 2024',0,1,'2025-08-10 02:07:06','2025-08-10 02:07:06'),(719,7,'/storage/uploads/photos_in_galleries/1754773626_492689487_1219555656842938_2035836792598218564_n.jpg','Neelam Kothari Soni - Charity Event 2024',0,1,'2025-08-10 02:07:06','2025-08-10 02:07:06'),(720,7,'/storage/uploads/photos_in_galleries/1754773626_492713865_1219556540176183_4250685975119221198_n.jpg','Neelam Kothari Soni - Charity Event 2024',0,1,'2025-08-10 02:07:06','2025-08-10 02:07:06'),(721,7,'/storage/uploads/photos_in_galleries/1754773626_492747974_1219555713509599_3727405824273820090_n.jpg','Neelam Kothari Soni - Charity Event 2024',0,1,'2025-08-10 02:07:06','2025-08-10 02:07:06'),(722,7,'/storage/uploads/photos_in_galleries/1754773626_492751252_1219555480176289_5838505839705830730_n.jpg','Neelam Kothari Soni - Charity Event 2024',0,1,'2025-08-10 02:07:06','2025-08-10 02:07:06'),(723,7,'/storage/uploads/photos_in_galleries/1754773626_492770182_1219555646842939_9052137168959873553_n.jpg','Neelam Kothari Soni - Charity Event 2024',0,1,'2025-08-10 02:07:06','2025-08-10 02:07:06'),(724,7,'/storage/uploads/photos_in_galleries/1754773626_492770182_1219555776842926_8158226932318914792_n.jpg','Neelam Kothari Soni - Charity Event 2024',0,1,'2025-08-10 02:07:06','2025-08-10 02:07:06'),(725,7,'/storage/uploads/photos_in_galleries/1754773626_492880381_1219555680176269_4357763689172137509_n.jpg','Neelam Kothari Soni - Charity Event 2024',0,1,'2025-08-10 02:07:06','2025-08-10 02:07:06'),(726,7,'/storage/uploads/photos_in_galleries/1754773626_492918238_1219555683509602_8177600910835607179_n.jpg','Neelam Kothari Soni - Charity Event 2024',0,1,'2025-08-10 02:07:06','2025-08-10 02:07:06'),(727,7,'/storage/uploads/photos_in_galleries/1754773626_492927768_1219556713509499_5718361994849042636_n.jpg','Neelam Kothari Soni - Charity Event 2024',0,1,'2025-08-10 02:07:06','2025-08-10 02:07:06'),(728,7,'/storage/uploads/photos_in_galleries/1754773626_492932577_1219555703509600_3783609483656874835_n.jpg','Neelam Kothari Soni - Charity Event 2024',0,1,'2025-08-10 02:07:06','2025-08-10 02:07:06'),(729,7,'/storage/uploads/photos_in_galleries/1754773626_492943991_1219555870176250_4412070008715097363_n.jpg','Neelam Kothari Soni - Charity Event 2024',0,1,'2025-08-10 02:07:06','2025-08-10 02:07:06'),(730,7,'/storage/uploads/photos_in_galleries/1754773626_493137501_1219556553509515_993174927199448135_n.jpg','Neelam Kothari Soni - Charity Event 2024',0,1,'2025-08-10 02:07:06','2025-08-10 02:07:06'),(731,7,'/storage/uploads/photos_in_galleries/1754773626_493138736_1219555643509606_875837590437795696_n.jpg','Neelam Kothari Soni - Charity Event 2024',0,1,'2025-08-10 02:07:06','2025-08-10 02:07:06'),(732,7,'/storage/uploads/photos_in_galleries/1754773626_493138736_1219556586842845_8828066388501391528_n.jpg','Neelam Kothari Soni - Charity Event 2024',0,1,'2025-08-10 02:07:06','2025-08-10 02:07:06'),(733,7,'/storage/uploads/photos_in_galleries/1754773626_493196459_1219556650176172_5790573549259105429_n.jpg','Neelam Kothari Soni - Charity Event 2024',0,1,'2025-08-10 02:07:06','2025-08-10 02:07:06'),(734,7,'/storage/uploads/photos_in_galleries/1754773626_493274261_1219555503509620_5548850755832282177_n.jpg','Neelam Kothari Soni - Charity Event 2024',0,1,'2025-08-10 02:07:06','2025-08-10 02:07:06'),(735,7,'/storage/uploads/photos_in_galleries/1754773626_493307428_1219556780176159_6449682619391115338_n.jpg','Neelam Kothari Soni - Charity Event 2024',0,1,'2025-08-10 02:07:06','2025-08-10 02:07:06'),(736,7,'/storage/uploads/photos_in_galleries/1754773626_493402975_1219555806842923_3630042344082895837_n.jpg','Neelam Kothari Soni - Charity Event 2024',0,1,'2025-08-10 02:07:06','2025-08-10 02:07:06'),(737,7,'/storage/uploads/photos_in_galleries/1754773626_493404546_1219556700176167_8487221517564739045_n.jpg','Neelam Kothari Soni - Charity Event 2024',0,1,'2025-08-10 02:07:06','2025-08-10 02:07:06'),(738,7,'/storage/uploads/photos_in_galleries/1754773626_493414965_1219555510176286_4935752027186594687_n.jpg','Neelam Kothari Soni - Charity Event 2024',0,1,'2025-08-10 02:07:06','2025-08-10 02:07:06'),(739,7,'/storage/uploads/photos_in_galleries/1754773626_493456445_1219556673509503_8236982837506769721_n.jpg','Neelam Kothari Soni - Charity Event 2024',0,1,'2025-08-10 02:07:06','2025-08-10 02:07:06'),(740,7,'/storage/uploads/photos_in_galleries/1754773626_493514094_1219555686842935_4594473856155532436_n.jpg','Neelam Kothari Soni - Charity Event 2024',0,1,'2025-08-10 02:07:06','2025-08-10 02:07:06'),(741,7,'/storage/uploads/photos_in_galleries/1754773626_493517327_1219555616842942_6196796427792345557_n.jpg','Neelam Kothari Soni - Charity Event 2024',0,1,'2025-08-10 02:07:06','2025-08-10 02:07:06');
/*!40000 ALTER TABLE `photosin_galleries` ENABLE KEYS */;
UNLOCK TABLES;

--
-- Table structure for table `posters`
--

DROP TABLE IF EXISTS `posters`;
/*!40101 SET @saved_cs_client     = @@character_set_client */;
/*!50503 SET character_set_client = utf8mb4 */;
CREATE TABLE `posters` (
  `id` bigint unsigned NOT NULL AUTO_INCREMENT,
  `show_id` bigint unsigned NOT NULL,
  `title` varchar(255) CHARACTER SET utf8mb4 COLLATE utf8mb4_unicode_ci NOT NULL,
  `image` varchar(255) CHARACTER SET utf8mb4 COLLATE utf8mb4_unicode_ci NOT NULL,
  `description` text CHARACTER SET utf8mb4 COLLATE utf8mb4_unicode_ci,
  `display_order` int NOT NULL DEFAULT '0',
  `is_featured` tinyint(1) NOT NULL DEFAULT '0',
  `is_active` tinyint(1) NOT NULL DEFAULT '1',
  `created_at` timestamp NULL DEFAULT NULL,
  `updated_at` timestamp NULL DEFAULT NULL,
  PRIMARY KEY (`id`),
  KEY `posters_show_id_foreign` (`show_id`),
  CONSTRAINT `posters_show_id_foreign` FOREIGN KEY (`show_id`) REFERENCES `shows` (`id`) ON DELETE CASCADE
) ENGINE=InnoDB DEFAULT CHARSET=utf8mb4 COLLATE=utf8mb4_unicode_ci;
/*!40101 SET character_set_client = @saved_cs_client */;

--
-- Dumping data for table `posters`
--

LOCK TABLES `posters` WRITE;
/*!40000 ALTER TABLE `posters` DISABLE KEYS */;
/*!40000 ALTER TABLE `posters` ENABLE KEYS */;
UNLOCK TABLES;

--
-- Table structure for table `registrations`
--

DROP TABLE IF EXISTS `registrations`;
/*!40101 SET @saved_cs_client     = @@character_set_client */;
/*!50503 SET character_set_client = utf8mb4 */;
CREATE TABLE `registrations` (
  `id` bigint unsigned NOT NULL AUTO_INCREMENT,
  `full_name` varchar(255) CHARACTER SET utf8mb4 COLLATE utf8mb4_unicode_ci NOT NULL,
  `email` varchar(255) CHARACTER SET utf8mb4 COLLATE utf8mb4_unicode_ci NOT NULL,
  `phone` varchar(255) CHARACTER SET utf8mb4 COLLATE utf8mb4_unicode_ci NOT NULL,
  `city` varchar(255) CHARACTER SET utf8mb4 COLLATE utf8mb4_unicode_ci NOT NULL,
  `event` varchar(255) CHARACTER SET utf8mb4 COLLATE utf8mb4_unicode_ci NOT NULL,
  `source` varchar(255) CHARACTER SET utf8mb4 COLLATE utf8mb4_unicode_ci DEFAULT NULL,
  `status` varchar(255) CHARACTER SET utf8mb4 COLLATE utf8mb4_unicode_ci NOT NULL DEFAULT 'pending',
  `created_at` timestamp NULL DEFAULT NULL,
  `updated_at` timestamp NULL DEFAULT NULL,
  PRIMARY KEY (`id`),
  UNIQUE KEY `unique_email_per_event` (`email`,`event`),
  UNIQUE KEY `unique_phone_per_event` (`phone`,`event`),
  KEY `registrations_event_index` (`event`),
  KEY `registrations_status_index` (`status`),
  KEY `registrations_created_at_index` (`created_at`)
) ENGINE=InnoDB AUTO_INCREMENT=18 DEFAULT CHARSET=utf8mb4 COLLATE=utf8mb4_unicode_ci;
/*!40101 SET character_set_client = @saved_cs_client */;

--
-- Dumping data for table `registrations`
--

LOCK TABLES `registrations` WRITE;
/*!40000 ALTER TABLE `registrations` DISABLE KEYS */;
/*!40000 ALTER TABLE `registrations` ENABLE KEYS */;
UNLOCK TABLES;

--
-- Table structure for table `seat_categories`
--

DROP TABLE IF EXISTS `seat_categories`;
/*!40101 SET @saved_cs_client     = @@character_set_client */;
/*!50503 SET character_set_client = utf8mb4 */;
CREATE TABLE `seat_categories` (
  `id` bigint unsigned NOT NULL AUTO_INCREMENT,
  `name` varchar(255) CHARACTER SET utf8mb4 COLLATE utf8mb4_unicode_ci NOT NULL,
  `description` text CHARACTER SET utf8mb4 COLLATE utf8mb4_unicode_ci,
  `color_code` varchar(7) CHARACTER SET utf8mb4 COLLATE utf8mb4_unicode_ci DEFAULT NULL,
  `price` decimal(10,2) NOT NULL DEFAULT '0.00',
  `is_active` tinyint(1) NOT NULL DEFAULT '1',
  `display_order` int NOT NULL DEFAULT '0',
  `created_at` timestamp NULL DEFAULT NULL,
  `updated_at` timestamp NULL DEFAULT NULL,
  PRIMARY KEY (`id`)
) ENGINE=InnoDB AUTO_INCREMENT=3 DEFAULT CHARSET=utf8mb4 COLLATE=utf8mb4_unicode_ci;
/*!40101 SET character_set_client = @saved_cs_client */;

--
-- Dumping data for table `seat_categories`
--

LOCK TABLES `seat_categories` WRITE;
/*!40000 ALTER TABLE `seat_categories` DISABLE KEYS */;
INSERT INTO `seat_categories` VALUES (1,'Premium','Premium seating with best view','#FFD700',0.00,1,1,'2025-08-07 02:39:31','2025-08-07 02:39:31'),(2,'Standard','Standard seating','#87CEEB',0.00,1,2,'2025-08-07 02:39:31','2025-08-07 02:39:31');
/*!40000 ALTER TABLE `seat_categories` ENABLE KEYS */;
UNLOCK TABLES;

--
-- Table structure for table `seat_maps`
--

DROP TABLE IF EXISTS `seat_maps`;
/*!40101 SET @saved_cs_client     = @@character_set_client */;
/*!50503 SET character_set_client = utf8mb4 */;
CREATE TABLE `seat_maps` (
  `id` bigint unsigned NOT NULL AUTO_INCREMENT,
  `venue_id` bigint unsigned NOT NULL,
  `name` varchar(255) CHARACTER SET utf8mb4 COLLATE utf8mb4_unicode_ci NOT NULL,
  `description` text CHARACTER SET utf8mb4 COLLATE utf8mb4_unicode_ci,
  `map_data` longtext CHARACTER SET utf8mb4 COLLATE utf8mb4_bin,
  `image` varchar(255) CHARACTER SET utf8mb4 COLLATE utf8mb4_unicode_ci DEFAULT NULL,
  `is_active` tinyint(1) NOT NULL DEFAULT '1',
  `created_at` timestamp NULL DEFAULT NULL,
  `updated_at` timestamp NULL DEFAULT NULL,
  PRIMARY KEY (`id`),
  KEY `seat_maps_venue_id_foreign` (`venue_id`),
  CONSTRAINT `seat_maps_venue_id_foreign` FOREIGN KEY (`venue_id`) REFERENCES `venues` (`id`) ON DELETE CASCADE,
  CONSTRAINT `seat_maps_chk_1` CHECK (json_valid(`map_data`))
) ENGINE=InnoDB DEFAULT CHARSET=utf8mb4 COLLATE=utf8mb4_unicode_ci;
/*!40101 SET character_set_client = @saved_cs_client */;

--
-- Dumping data for table `seat_maps`
--

LOCK TABLES `seat_maps` WRITE;
/*!40000 ALTER TABLE `seat_maps` DISABLE KEYS */;
/*!40000 ALTER TABLE `seat_maps` ENABLE KEYS */;
UNLOCK TABLES;

--
-- Table structure for table `seat_reservations`
--

DROP TABLE IF EXISTS `seat_reservations`;
/*!40101 SET @saved_cs_client     = @@character_set_client */;
/*!50503 SET character_set_client = utf8mb4 */;
CREATE TABLE `seat_reservations` (
  `id` bigint unsigned NOT NULL AUTO_INCREMENT,
  `show_id` bigint unsigned NOT NULL,
  `seat_id` bigint unsigned NOT NULL,
  `ticket_id` bigint unsigned DEFAULT NULL,
  `ticket_type_id` bigint unsigned DEFAULT NULL,
  `booking_id` bigint unsigned DEFAULT NULL,
  `status` enum('temporary','reserved','booked','cancelled') CHARACTER SET utf8mb4 COLLATE utf8mb4_unicode_ci NOT NULL DEFAULT 'temporary',
  `reservation_type` enum('permanent','temporary','held') CHARACTER SET utf8mb4 COLLATE utf8mb4_unicode_ci NOT NULL DEFAULT 'permanent',
  `reserved_by` bigint unsigned DEFAULT NULL,
  `reserved_until` datetime DEFAULT NULL,
  `expires_at` timestamp NULL DEFAULT NULL,
  `notes` text CHARACTER SET utf8mb4 COLLATE utf8mb4_unicode_ci,
  `created_at` timestamp NULL DEFAULT NULL,
  `updated_at` timestamp NULL DEFAULT NULL,
  PRIMARY KEY (`id`),
  KEY `seat_reservations_ticket_type_id_foreign` (`ticket_type_id`),
  KEY `seat_reservations_show_id_status_reservation_type_index` (`show_id`,`status`,`reservation_type`),
  KEY `seat_reservations_expires_at_index` (`expires_at`),
  KEY `seat_reservations_show_id_status_index` (`show_id`,`status`),
  KEY `seat_reservations_seat_id_show_id_index` (`seat_id`,`show_id`),
  KEY `seat_reservations_reserved_by_status_index` (`reserved_by`,`status`),
  KEY `seat_reservations_booking_id_status_index` (`booking_id`,`status`),
  KEY `seat_reservations_reserved_until_status_index` (`reserved_until`,`status`),
  CONSTRAINT `seat_reservations_seat_id_foreign` FOREIGN KEY (`seat_id`) REFERENCES `seats` (`id`) ON DELETE CASCADE,
  CONSTRAINT `seat_reservations_show_id_foreign` FOREIGN KEY (`show_id`) REFERENCES `shows` (`id`) ON DELETE CASCADE,
  CONSTRAINT `seat_reservations_ticket_type_id_foreign` FOREIGN KEY (`ticket_type_id`) REFERENCES `ticket_types` (`id`) ON DELETE CASCADE
) ENGINE=InnoDB DEFAULT CHARSET=utf8mb4 COLLATE=utf8mb4_unicode_ci;
/*!40101 SET character_set_client = @saved_cs_client */;

--
-- Dumping data for table `seat_reservations`
--

LOCK TABLES `seat_reservations` WRITE;
/*!40000 ALTER TABLE `seat_reservations` DISABLE KEYS */;
/*!40000 ALTER TABLE `seat_reservations` ENABLE KEYS */;
UNLOCK TABLES;

--
-- Table structure for table `seats`
--

DROP TABLE IF EXISTS `seats`;
/*!40101 SET @saved_cs_client     = @@character_set_client */;
/*!50503 SET character_set_client = utf8mb4 */;
CREATE TABLE `seats` (
  `id` bigint unsigned NOT NULL AUTO_INCREMENT,
  `venue_id` bigint unsigned NOT NULL,
  `section` varchar(255) CHARACTER SET utf8mb4 COLLATE utf8mb4_unicode_ci NOT NULL,
  `row` varchar(255) CHARACTER SET utf8mb4 COLLATE utf8mb4_unicode_ci NOT NULL,
  `seat_number` varchar(255) CHARACTER SET utf8mb4 COLLATE utf8mb4_unicode_ci NOT NULL,
  `status` enum('available','reserved','sold','blocked') CHARACTER SET utf8mb4 COLLATE utf8mb4_unicode_ci NOT NULL DEFAULT 'available',
  `is_active` tinyint(1) NOT NULL DEFAULT '1',
  `created_at` timestamp NULL DEFAULT NULL,
  `updated_at` timestamp NULL DEFAULT NULL,
  `seat_category_id` bigint unsigned DEFAULT NULL,
  `coordinates_x` int DEFAULT NULL,
  `coordinates_y` int DEFAULT NULL,
  PRIMARY KEY (`id`),
  UNIQUE KEY `seats_venue_id_section_row_seat_number_unique` (`venue_id`,`section`,`row`,`seat_number`),
  KEY `seats_venue_id_status_is_active_index` (`venue_id`,`status`,`is_active`),
  KEY `seats_seat_category_id_status_index` (`seat_category_id`,`status`),
  KEY `seats_venue_id_is_active_index` (`venue_id`,`is_active`),
  KEY `seats_seat_category_id_is_active_index` (`seat_category_id`,`is_active`),
  CONSTRAINT `seats_seat_category_id_foreign` FOREIGN KEY (`seat_category_id`) REFERENCES `seat_categories` (`id`) ON DELETE SET NULL,
  CONSTRAINT `seats_venue_id_foreign` FOREIGN KEY (`venue_id`) REFERENCES `venues` (`id`) ON DELETE CASCADE
) ENGINE=InnoDB AUTO_INCREMENT=2001 DEFAULT CHARSET=utf8mb4 COLLATE=utf8mb4_unicode_ci;
/*!40101 SET character_set_client = @saved_cs_client */;

--
-- Dumping data for table `seats`
--

LOCK TABLES `seats` WRITE;
/*!40000 ALTER TABLE `seats` DISABLE KEYS */;
INSERT INTO `seats` VALUES (1,1,'A','1','1','available',1,'2025-08-07 02:39:31','2025-08-07 02:39:31',1,75,80),(2,1,'A','1','2','available',1,'2025-08-07 02:39:31','2025-08-07 02:39:31',1,100,80),(3,1,'A','1','3','available',1,'2025-08-07 02:39:31','2025-08-07 02:39:31',1,125,80),(4,1,'A','1','4','available',1,'2025-08-07 02:39:31','2025-08-07 02:39:31',1,150,80),(5,1,'A','1','5','available',1,'2025-08-07 02:39:31','2025-08-07 02:39:31',1,175,80),(6,1,'A','1','6','available',1,'2025-08-07 02:39:31','2025-08-07 02:39:31',1,200,80),(7,1,'A','1','7','available',1,'2025-08-07 02:39:31','2025-08-07 02:39:31',1,225,80),(8,1,'A','1','8','available',1,'2025-08-07 02:39:31','2025-08-07 02:39:31',1,250,80),(9,1,'A','1','9','available',1,'2025-08-07 02:39:31','2025-08-07 02:39:31',1,275,80),(10,1,'A','1','10','available',1,'2025-08-07 02:39:31','2025-08-07 02:39:31',1,300,80),(11,1,'A','2','1','available',1,'2025-08-07 02:39:31','2025-08-07 02:39:31',1,75,110),(12,1,'A','2','2','available',1,'2025-08-07 02:39:31','2025-08-07 02:39:31',1,100,110),(13,1,'A','2','3','available',1,'2025-08-07 02:39:31','2025-08-07 02:39:31',1,125,110),(14,1,'A','2','4','available',1,'2025-08-07 02:39:31','2025-08-07 02:39:31',1,150,110),(15,1,'A','2','5','available',1,'2025-08-07 02:39:31','2025-08-07 02:39:31',1,175,110),(16,1,'A','2','6','available',1,'2025-08-07 02:39:31','2025-08-07 02:39:31',1,200,110),(17,1,'A','2','7','available',1,'2025-08-07 02:39:31','2025-08-07 02:39:31',1,225,110),(18,1,'A','2','8','available',1,'2025-08-07 02:39:31','2025-08-07 02:39:31',1,250,110),(19,1,'A','2','9','available',1,'2025-08-07 02:39:31','2025-08-07 02:39:31',1,275,110),(20,1,'A','2','10','available',1,'2025-08-07 02:39:31','2025-08-07 02:39:31',1,300,110),(21,1,'A','3','1','available',1,'2025-08-07 02:39:31','2025-08-07 02:39:31',2,75,140),(22,1,'A','3','2','available',1,'2025-08-07 02:39:31','2025-08-07 02:39:31',2,100,140),(23,1,'A','3','3','available',1,'2025-08-07 02:39:31','2025-08-07 02:39:31',2,125,140),(24,1,'A','3','4','available',1,'2025-08-07 02:39:31','2025-08-07 02:39:31',2,150,140),(25,1,'A','3','5','available',1,'2025-08-07 02:39:31','2025-08-07 02:39:31',2,175,140),(26,1,'A','3','6','available',1,'2025-08-07 02:39:31','2025-08-07 02:39:31',2,200,140),(27,1,'A','3','7','available',1,'2025-08-07 02:39:31','2025-08-07 02:39:31',2,225,140),(28,1,'A','3','8','available',1,'2025-08-07 02:39:31','2025-08-07 02:39:31',2,250,140),(29,1,'A','3','9','available',1,'2025-08-07 02:39:31','2025-08-07 02:39:31',2,275,140),(30,1,'A','3','10','available',1,'2025-08-07 02:39:31','2025-08-07 02:39:31',2,300,140),(31,1,'A','4','1','available',1,'2025-08-07 02:39:31','2025-08-07 02:39:31',2,75,170),(32,1,'A','4','2','available',1,'2025-08-07 02:39:31','2025-08-07 02:39:31',2,100,170),(33,1,'A','4','3','available',1,'2025-08-07 02:39:31','2025-08-07 02:39:31',2,125,170),(34,1,'A','4','4','available',1,'2025-08-07 02:39:31','2025-08-07 02:39:31',2,150,170),(35,1,'A','4','5','available',1,'2025-08-07 02:39:31','2025-08-07 02:39:31',2,175,170),(36,1,'A','4','6','available',1,'2025-08-07 02:39:31','2025-08-07 02:39:31',2,200,170),(37,1,'A','4','7','available',1,'2025-08-07 02:39:31','2025-08-07 02:39:31',2,225,170),(38,1,'A','4','8','available',1,'2025-08-07 02:39:31','2025-08-07 02:39:31',2,250,170),(39,1,'A','4','9','available',1,'2025-08-07 02:39:31','2025-08-07 02:39:31',2,275,170),(40,1,'A','4','10','available',1,'2025-08-07 02:39:31','2025-08-07 02:39:31',2,300,170),(41,1,'A','5','1','available',1,'2025-08-07 02:39:31','2025-08-07 02:39:31',2,75,200),(42,1,'A','5','2','available',1,'2025-08-07 02:39:31','2025-08-07 02:39:31',2,100,200),(43,1,'A','5','3','available',1,'2025-08-07 02:39:31','2025-08-07 02:39:31',2,125,200),(44,1,'A','5','4','available',1,'2025-08-07 02:39:31','2025-08-07 02:39:31',2,150,200),(45,1,'A','5','5','available',1,'2025-08-07 02:39:31','2025-08-07 02:39:31',2,175,200),(46,1,'A','5','6','available',1,'2025-08-07 02:39:31','2025-08-07 02:39:31',2,200,200),(47,1,'A','5','7','available',1,'2025-08-07 02:39:31','2025-08-07 02:39:31',2,225,200),(48,1,'A','5','8','available',1,'2025-08-07 02:39:31','2025-08-07 02:39:31',2,250,200),(49,1,'A','5','9','available',1,'2025-08-07 02:39:31','2025-08-07 02:39:31',2,275,200),(50,1,'A','5','10','available',1,'2025-08-07 02:39:31','2025-08-07 02:39:31',2,300,200),(51,2,'A','1','1','available',1,'2025-08-07 02:39:31','2025-08-07 02:39:31',1,75,80),(52,2,'A','1','2','available',1,'2025-08-07 02:39:31','2025-08-07 02:39:31',1,100,80),(53,2,'A','1','3','available',1,'2025-08-07 02:39:31','2025-08-07 02:39:31',1,125,80),(54,2,'A','1','4','available',1,'2025-08-07 02:39:31','2025-08-07 02:39:31',1,150,80),(55,2,'A','1','5','available',1,'2025-08-07 02:39:31','2025-08-07 02:39:31',1,175,80),(56,2,'A','1','6','available',1,'2025-08-07 02:39:31','2025-08-07 02:39:31',1,200,80),(57,2,'A','1','7','available',1,'2025-08-07 02:39:31','2025-08-07 02:39:31',1,225,80),(58,2,'A','1','8','available',1,'2025-08-07 02:39:31','2025-08-07 02:39:31',1,250,80),(59,2,'A','1','9','available',1,'2025-08-07 02:39:31','2025-08-07 02:39:31',1,275,80),(60,2,'A','1','10','available',1,'2025-08-07 02:39:31','2025-08-07 02:39:31',1,300,80),(61,2,'A','2','1','available',1,'2025-08-07 02:39:31','2025-08-07 02:39:31',1,75,110),(62,2,'A','2','2','available',1,'2025-08-07 02:39:31','2025-08-07 02:39:31',1,100,110),(63,2,'A','2','3','available',1,'2025-08-07 02:39:31','2025-08-07 02:39:31',1,125,110),(64,2,'A','2','4','available',1,'2025-08-07 02:39:31','2025-08-07 02:39:31',1,150,110),(65,2,'A','2','5','available',1,'2025-08-07 02:39:31','2025-08-07 02:39:31',1,175,110),(66,2,'A','2','6','available',1,'2025-08-07 02:39:31','2025-08-07 02:39:31',1,200,110),(67,2,'A','2','7','available',1,'2025-08-07 02:39:31','2025-08-07 02:39:31',1,225,110),(68,2,'A','2','8','available',1,'2025-08-07 02:39:31','2025-08-07 02:39:31',1,250,110),(69,2,'A','2','9','available',1,'2025-08-07 02:39:31','2025-08-07 02:39:31',1,275,110),(70,2,'A','2','10','available',1,'2025-08-07 02:39:31','2025-08-07 02:39:31',1,300,110),(71,2,'A','3','1','available',1,'2025-08-07 02:39:31','2025-08-07 02:39:31',2,75,140),(72,2,'A','3','2','available',1,'2025-08-07 02:39:31','2025-08-07 02:39:31',2,100,140),(73,2,'A','3','3','available',1,'2025-08-07 02:39:31','2025-08-07 02:39:31',2,125,140),(74,2,'A','3','4','available',1,'2025-08-07 02:39:31','2025-08-07 02:39:31',2,150,140),(75,2,'A','3','5','available',1,'2025-08-07 02:39:31','2025-08-07 02:39:31',2,175,140),(76,2,'A','3','6','available',1,'2025-08-07 02:39:31','2025-08-07 02:39:31',2,200,140),(77,2,'A','3','7','available',1,'2025-08-07 02:39:31','2025-08-07 02:39:31',2,225,140),(78,2,'A','3','8','available',1,'2025-08-07 02:39:31','2025-08-07 02:39:31',2,250,140),(79,2,'A','3','9','available',1,'2025-08-07 02:39:31','2025-08-07 02:39:31',2,275,140),(80,2,'A','3','10','available',1,'2025-08-07 02:39:31','2025-08-07 02:39:31',2,300,140),(81,2,'A','4','1','available',1,'2025-08-07 02:39:31','2025-08-07 02:39:31',2,75,170),(82,2,'A','4','2','available',1,'2025-08-07 02:39:31','2025-08-07 02:39:31',2,100,170),(83,2,'A','4','3','available',1,'2025-08-07 02:39:31','2025-08-07 02:39:31',2,125,170),(84,2,'A','4','4','available',1,'2025-08-07 02:39:31','2025-08-07 02:39:31',2,150,170),(85,2,'A','4','5','available',1,'2025-08-07 02:39:31','2025-08-07 02:39:31',2,175,170),(86,2,'A','4','6','available',1,'2025-08-07 02:39:31','2025-08-07 02:39:31',2,200,170),(87,2,'A','4','7','available',1,'2025-08-07 02:39:31','2025-08-07 02:39:31',2,225,170),(88,2,'A','4','8','available',1,'2025-08-07 02:39:31','2025-08-07 02:39:31',2,250,170),(89,2,'A','4','9','available',1,'2025-08-07 02:39:31','2025-08-07 02:39:31',2,275,170),(90,2,'A','4','10','available',1,'2025-08-07 02:39:31','2025-08-07 02:39:31',2,300,170),(91,2,'A','5','1','available',1,'2025-08-07 02:39:31','2025-08-07 02:39:31',2,75,200),(92,2,'A','5','2','available',1,'2025-08-07 02:39:31','2025-08-07 02:39:31',2,100,200),(93,2,'A','5','3','available',1,'2025-08-07 02:39:31','2025-08-07 02:39:31',2,125,200),(94,2,'A','5','4','available',1,'2025-08-07 02:39:31','2025-08-07 02:39:31',2,150,200),(95,2,'A','5','5','available',1,'2025-08-07 02:39:31','2025-08-07 02:39:31',2,175,200),(96,2,'A','5','6','available',1,'2025-08-07 02:39:31','2025-08-07 02:39:31',2,200,200),(97,2,'A','5','7','available',1,'2025-08-07 02:39:31','2025-08-07 02:39:31',2,225,200),(98,2,'A','5','8','available',1,'2025-08-07 02:39:31','2025-08-07 02:39:31',2,250,200),(99,2,'A','5','9','available',1,'2025-08-07 02:39:31','2025-08-07 02:39:31',2,275,200),(100,2,'A','5','10','available',1,'2025-08-07 02:39:31','2025-08-07 02:39:31',2,300,200),(101,3,'A','1','1','available',1,'2025-08-07 02:39:31','2025-08-07 02:39:31',1,75,80),(102,3,'A','1','2','available',1,'2025-08-07 02:39:31','2025-08-07 02:39:31',1,100,80),(103,3,'A','1','3','available',1,'2025-08-07 02:39:31','2025-08-07 02:39:31',1,125,80),(104,3,'A','1','4','available',1,'2025-08-07 02:39:31','2025-08-07 02:39:31',1,150,80),(105,3,'A','1','5','available',1,'2025-08-07 02:39:31','2025-08-07 02:39:31',1,175,80),(106,3,'A','1','6','available',1,'2025-08-07 02:39:31','2025-08-07 02:39:31',1,200,80),(107,3,'A','1','7','available',1,'2025-08-07 02:39:31','2025-08-07 02:39:31',1,225,80),(108,3,'A','1','8','available',1,'2025-08-07 02:39:31','2025-08-07 02:39:31',1,250,80),(109,3,'A','1','9','available',1,'2025-08-07 02:39:31','2025-08-07 02:39:31',1,275,80),(110,3,'A','1','10','available',1,'2025-08-07 02:39:31','2025-08-07 02:39:31',1,300,80),(111,3,'A','2','1','available',1,'2025-08-07 02:39:31','2025-08-07 02:39:31',1,75,110),(112,3,'A','2','2','available',1,'2025-08-07 02:39:31','2025-08-07 02:39:31',1,100,110),(113,3,'A','2','3','available',1,'2025-08-07 02:39:31','2025-08-07 02:39:31',1,125,110),(114,3,'A','2','4','available',1,'2025-08-07 02:39:31','2025-08-07 02:39:31',1,150,110),(115,3,'A','2','5','available',1,'2025-08-07 02:39:31','2025-08-07 02:39:31',1,175,110),(116,3,'A','2','6','available',1,'2025-08-07 02:39:31','2025-08-07 02:39:31',1,200,110),(117,3,'A','2','7','available',1,'2025-08-07 02:39:31','2025-08-07 02:39:31',1,225,110),(118,3,'A','2','8','available',1,'2025-08-07 02:39:31','2025-08-07 02:39:31',1,250,110),(119,3,'A','2','9','available',1,'2025-08-07 02:39:31','2025-08-07 02:39:31',1,275,110),(120,3,'A','2','10','available',1,'2025-08-07 02:39:31','2025-08-07 02:39:31',1,300,110),(121,3,'A','3','1','available',1,'2025-08-07 02:39:31','2025-08-07 02:39:31',2,75,140),(122,3,'A','3','2','available',1,'2025-08-07 02:39:31','2025-08-07 02:39:31',2,100,140),(123,3,'A','3','3','available',1,'2025-08-07 02:39:31','2025-08-07 02:39:31',2,125,140),(124,3,'A','3','4','available',1,'2025-08-07 02:39:31','2025-08-07 02:39:31',2,150,140),(125,3,'A','3','5','available',1,'2025-08-07 02:39:31','2025-08-07 02:39:31',2,175,140),(126,3,'A','3','6','available',1,'2025-08-07 02:39:31','2025-08-07 02:39:31',2,200,140),(127,3,'A','3','7','available',1,'2025-08-07 02:39:31','2025-08-07 02:39:31',2,225,140),(128,3,'A','3','8','available',1,'2025-08-07 02:39:31','2025-08-07 02:39:31',2,250,140),(129,3,'A','3','9','available',1,'2025-08-07 02:39:31','2025-08-07 02:39:31',2,275,140),(130,3,'A','3','10','available',1,'2025-08-07 02:39:31','2025-08-07 02:39:31',2,300,140),(131,3,'A','4','1','available',1,'2025-08-07 02:39:31','2025-08-07 02:39:31',2,75,170),(132,3,'A','4','2','available',1,'2025-08-07 02:39:32','2025-08-07 02:39:32',2,100,170),(133,3,'A','4','3','available',1,'2025-08-07 02:39:32','2025-08-07 02:39:32',2,125,170),(134,3,'A','4','4','available',1,'2025-08-07 02:39:32','2025-08-07 02:39:32',2,150,170),(135,3,'A','4','5','available',1,'2025-08-07 02:39:32','2025-08-07 02:39:32',2,175,170),(136,3,'A','4','6','available',1,'2025-08-07 02:39:32','2025-08-07 02:39:32',2,200,170),(137,3,'A','4','7','available',1,'2025-08-07 02:39:32','2025-08-07 02:39:32',2,225,170),(138,3,'A','4','8','available',1,'2025-08-07 02:39:32','2025-08-07 02:39:32',2,250,170),(139,3,'A','4','9','available',1,'2025-08-07 02:39:32','2025-08-07 02:39:32',2,275,170),(140,3,'A','4','10','available',1,'2025-08-07 02:39:32','2025-08-07 02:39:32',2,300,170),(141,3,'A','5','1','available',1,'2025-08-07 02:39:32','2025-08-07 02:39:32',2,75,200),(142,3,'A','5','2','available',1,'2025-08-07 02:39:32','2025-08-07 02:39:32',2,100,200),(143,3,'A','5','3','available',1,'2025-08-07 02:39:32','2025-08-07 02:39:32',2,125,200),(144,3,'A','5','4','available',1,'2025-08-07 02:39:32','2025-08-07 02:39:32',2,150,200),(145,3,'A','5','5','available',1,'2025-08-07 02:39:32','2025-08-07 02:39:32',2,175,200),(146,3,'A','5','6','available',1,'2025-08-07 02:39:32','2025-08-07 02:39:32',2,200,200),(147,3,'A','5','7','available',1,'2025-08-07 02:39:32','2025-08-07 02:39:32',2,225,200),(148,3,'A','5','8','available',1,'2025-08-07 02:39:32','2025-08-07 02:39:32',2,250,200),(149,3,'A','5','9','available',1,'2025-08-07 02:39:32','2025-08-07 02:39:32',2,275,200),(150,3,'A','5','10','available',1,'2025-08-07 02:39:32','2025-08-07 02:39:32',2,300,200),(151,4,'A','1','1','available',1,'2025-08-07 02:39:32','2025-08-07 02:39:32',1,75,80),(152,4,'A','1','2','available',1,'2025-08-07 02:39:32','2025-08-07 02:39:32',1,100,80),(153,4,'A','1','3','available',1,'2025-08-07 02:39:32','2025-08-07 02:39:32',1,125,80),(154,4,'A','1','4','available',1,'2025-08-07 02:39:32','2025-08-07 02:39:32',1,150,80),(155,4,'A','1','5','available',1,'2025-08-07 02:39:32','2025-08-07 02:39:32',1,175,80),(156,4,'A','1','6','available',1,'2025-08-07 02:39:32','2025-08-07 02:39:32',1,200,80),(157,4,'A','1','7','available',1,'2025-08-07 02:39:32','2025-08-07 02:39:32',1,225,80),(158,4,'A','1','8','available',1,'2025-08-07 02:39:32','2025-08-07 02:39:32',1,250,80),(159,4,'A','1','9','available',1,'2025-08-07 02:39:32','2025-08-07 02:39:32',1,275,80),(160,4,'A','1','10','available',1,'2025-08-07 02:39:32','2025-08-07 02:39:32',1,300,80),(161,4,'A','2','1','available',1,'2025-08-07 02:39:32','2025-08-07 02:39:32',1,75,110),(162,4,'A','2','2','available',1,'2025-08-07 02:39:32','2025-08-07 02:39:32',1,100,110),(163,4,'A','2','3','available',1,'2025-08-07 02:39:32','2025-08-07 02:39:32',1,125,110),(164,4,'A','2','4','available',1,'2025-08-07 02:39:32','2025-08-07 02:39:32',1,150,110),(165,4,'A','2','5','available',1,'2025-08-07 02:39:32','2025-08-07 02:39:32',1,175,110),(166,4,'A','2','6','available',1,'2025-08-07 02:39:32','2025-08-07 02:39:32',1,200,110),(167,4,'A','2','7','available',1,'2025-08-07 02:39:32','2025-08-07 02:39:32',1,225,110),(168,4,'A','2','8','available',1,'2025-08-07 02:39:32','2025-08-07 02:39:32',1,250,110),(169,4,'A','2','9','available',1,'2025-08-07 02:39:32','2025-08-07 02:39:32',1,275,110),(170,4,'A','2','10','available',1,'2025-08-07 02:39:32','2025-08-07 02:39:32',1,300,110),(171,4,'A','3','1','available',1,'2025-08-07 02:39:32','2025-08-07 02:39:32',2,75,140),(172,4,'A','3','2','available',1,'2025-08-07 02:39:32','2025-08-07 02:39:32',2,100,140),(173,4,'A','3','3','available',1,'2025-08-07 02:39:32','2025-08-07 02:39:32',2,125,140),(174,4,'A','3','4','available',1,'2025-08-07 02:39:32','2025-08-07 02:39:32',2,150,140),(175,4,'A','3','5','available',1,'2025-08-07 02:39:32','2025-08-07 02:39:32',2,175,140),(176,4,'A','3','6','available',1,'2025-08-07 02:39:32','2025-08-07 02:39:32',2,200,140),(177,4,'A','3','7','available',1,'2025-08-07 02:39:32','2025-08-07 02:39:32',2,225,140),(178,4,'A','3','8','available',1,'2025-08-07 02:39:32','2025-08-07 02:39:32',2,250,140),(179,4,'A','3','9','available',1,'2025-08-07 02:39:32','2025-08-07 02:39:32',2,275,140),(180,4,'A','3','10','available',1,'2025-08-07 02:39:32','2025-08-07 02:39:32',2,300,140),(181,4,'A','4','1','available',1,'2025-08-07 02:39:32','2025-08-07 02:39:32',2,75,170),(182,4,'A','4','2','available',1,'2025-08-07 02:39:32','2025-08-07 02:39:32',2,100,170),(183,4,'A','4','3','available',1,'2025-08-07 02:39:32','2025-08-07 02:39:32',2,125,170),(184,4,'A','4','4','available',1,'2025-08-07 02:39:32','2025-08-07 02:39:32',2,150,170),(185,4,'A','4','5','available',1,'2025-08-07 02:39:32','2025-08-07 02:39:32',2,175,170),(186,4,'A','4','6','available',1,'2025-08-07 02:39:32','2025-08-07 02:39:32',2,200,170),(187,4,'A','4','7','available',1,'2025-08-07 02:39:32','2025-08-07 02:39:32',2,225,170),(188,4,'A','4','8','available',1,'2025-08-07 02:39:32','2025-08-07 02:39:32',2,250,170),(189,4,'A','4','9','available',1,'2025-08-07 02:39:32','2025-08-07 02:39:32',2,275,170),(190,4,'A','4','10','available',1,'2025-08-07 02:39:32','2025-08-07 02:39:32',2,300,170),(191,4,'A','5','1','available',1,'2025-08-07 02:39:32','2025-08-07 02:39:32',2,75,200),(192,4,'A','5','2','available',1,'2025-08-07 02:39:32','2025-08-07 02:39:32',2,100,200),(193,4,'A','5','3','available',1,'2025-08-07 02:39:32','2025-08-07 02:39:32',2,125,200),(194,4,'A','5','4','available',1,'2025-08-07 02:39:32','2025-08-07 02:39:32',2,150,200),(195,4,'A','5','5','available',1,'2025-08-07 02:39:32','2025-08-07 02:39:32',2,175,200),(196,4,'A','5','6','available',1,'2025-08-07 02:39:32','2025-08-07 02:39:32',2,200,200),(197,4,'A','5','7','available',1,'2025-08-07 02:39:32','2025-08-07 02:39:32',2,225,200),(198,4,'A','5','8','available',1,'2025-08-07 02:39:32','2025-08-07 02:39:32',2,250,200),(199,4,'A','5','9','available',1,'2025-08-07 02:39:32','2025-08-07 02:39:32',2,275,200),(200,4,'A','5','10','available',1,'2025-08-07 02:39:32','2025-08-07 02:39:32',2,300,200),(201,5,'A','1','1','available',1,'2025-08-07 02:39:32','2025-08-07 02:39:32',1,75,80),(202,5,'A','1','2','available',1,'2025-08-07 02:39:32','2025-08-07 02:39:32',1,100,80),(203,5,'A','1','3','available',1,'2025-08-07 02:39:32','2025-08-07 02:39:32',1,125,80),(204,5,'A','1','4','available',1,'2025-08-07 02:39:32','2025-08-07 02:39:32',1,150,80),(205,5,'A','1','5','available',1,'2025-08-07 02:39:32','2025-08-07 02:39:32',1,175,80),(206,5,'A','1','6','available',1,'2025-08-07 02:39:32','2025-08-07 02:39:32',1,200,80),(207,5,'A','1','7','available',1,'2025-08-07 02:39:32','2025-08-07 02:39:32',1,225,80),(208,5,'A','1','8','available',1,'2025-08-07 02:39:32','2025-08-07 02:39:32',1,250,80),(209,5,'A','1','9','available',1,'2025-08-07 02:39:32','2025-08-07 02:39:32',1,275,80),(210,5,'A','1','10','available',1,'2025-08-07 02:39:32','2025-08-07 02:39:32',1,300,80),(211,5,'A','2','1','available',1,'2025-08-07 02:39:32','2025-08-07 02:39:32',1,75,110),(212,5,'A','2','2','available',1,'2025-08-07 02:39:32','2025-08-07 02:39:32',1,100,110),(213,5,'A','2','3','available',1,'2025-08-07 02:39:32','2025-08-07 02:39:32',1,125,110),(214,5,'A','2','4','available',1,'2025-08-07 02:39:32','2025-08-07 02:39:32',1,150,110),(215,5,'A','2','5','available',1,'2025-08-07 02:39:32','2025-08-07 02:39:32',1,175,110),(216,5,'A','2','6','available',1,'2025-08-07 02:39:32','2025-08-07 02:39:32',1,200,110),(217,5,'A','2','7','available',1,'2025-08-07 02:39:32','2025-08-07 02:39:32',1,225,110),(218,5,'A','2','8','available',1,'2025-08-07 02:39:32','2025-08-07 02:39:32',1,250,110),(219,5,'A','2','9','available',1,'2025-08-07 02:39:32','2025-08-07 02:39:32',1,275,110),(220,5,'A','2','10','available',1,'2025-08-07 02:39:32','2025-08-07 02:39:32',1,300,110),(221,5,'A','3','1','available',1,'2025-08-07 02:39:32','2025-08-07 02:39:32',2,75,140),(222,5,'A','3','2','available',1,'2025-08-07 02:39:32','2025-08-07 02:39:32',2,100,140),(223,5,'A','3','3','available',1,'2025-08-07 02:39:32','2025-08-07 02:39:32',2,125,140),(224,5,'A','3','4','available',1,'2025-08-07 02:39:32','2025-08-07 02:39:32',2,150,140),(225,5,'A','3','5','available',1,'2025-08-07 02:39:32','2025-08-07 02:39:32',2,175,140),(226,5,'A','3','6','available',1,'2025-08-07 02:39:32','2025-08-07 02:39:32',2,200,140),(227,5,'A','3','7','available',1,'2025-08-07 02:39:32','2025-08-07 02:39:32',2,225,140),(228,5,'A','3','8','available',1,'2025-08-07 02:39:32','2025-08-07 02:39:32',2,250,140),(229,5,'A','3','9','available',1,'2025-08-07 02:39:32','2025-08-07 02:39:32',2,275,140),(230,5,'A','3','10','available',1,'2025-08-07 02:39:32','2025-08-07 02:39:32',2,300,140),(231,5,'A','4','1','available',1,'2025-08-07 02:39:32','2025-08-07 02:39:32',2,75,170),(232,5,'A','4','2','available',1,'2025-08-07 02:39:32','2025-08-07 02:39:32',2,100,170),(233,5,'A','4','3','available',1,'2025-08-07 02:39:32','2025-08-07 02:39:32',2,125,170),(234,5,'A','4','4','available',1,'2025-08-07 02:39:32','2025-08-07 02:39:32',2,150,170),(235,5,'A','4','5','available',1,'2025-08-07 02:39:32','2025-08-07 02:39:32',2,175,170),(236,5,'A','4','6','available',1,'2025-08-07 02:39:32','2025-08-07 02:39:32',2,200,170),(237,5,'A','4','7','available',1,'2025-08-07 02:39:32','2025-08-07 02:39:32',2,225,170),(238,5,'A','4','8','available',1,'2025-08-07 02:39:32','2025-08-07 02:39:32',2,250,170),(239,5,'A','4','9','available',1,'2025-08-07 02:39:32','2025-08-07 02:39:32',2,275,170),(240,5,'A','4','10','available',1,'2025-08-07 02:39:32','2025-08-07 02:39:32',2,300,170),(241,5,'A','5','1','available',1,'2025-08-07 02:39:32','2025-08-07 02:39:32',2,75,200),(242,5,'A','5','2','available',1,'2025-08-07 02:39:32','2025-08-07 02:39:32',2,100,200),(243,5,'A','5','3','available',1,'2025-08-07 02:39:32','2025-08-07 02:39:32',2,125,200),(244,5,'A','5','4','available',1,'2025-08-07 02:39:32','2025-08-07 02:39:32',2,150,200),(245,5,'A','5','5','available',1,'2025-08-07 02:39:32','2025-08-07 02:39:32',2,175,200),(246,5,'A','5','6','available',1,'2025-08-07 02:39:32','2025-08-07 02:39:32',2,200,200),(247,5,'A','5','7','available',1,'2025-08-07 02:39:32','2025-08-07 02:39:32',2,225,200),(248,5,'A','5','8','available',1,'2025-08-07 02:39:32','2025-08-07 02:39:32',2,250,200),(249,5,'A','5','9','available',1,'2025-08-07 02:39:32','2025-08-07 02:39:32',2,275,200),(250,5,'A','5','10','available',1,'2025-08-07 02:39:32','2025-08-07 02:39:32',2,300,200),(251,6,'A','1','1','available',1,'2025-08-07 02:39:32','2025-08-07 02:39:32',1,75,80),(252,6,'A','1','2','available',1,'2025-08-07 02:39:32','2025-08-07 02:39:32',1,100,80),(253,6,'A','1','3','available',1,'2025-08-07 02:39:32','2025-08-07 02:39:32',1,125,80),(254,6,'A','1','4','available',1,'2025-08-07 02:39:32','2025-08-07 02:39:32',1,150,80),(255,6,'A','1','5','available',1,'2025-08-07 02:39:32','2025-08-07 02:39:32',1,175,80),(256,6,'A','1','6','available',1,'2025-08-07 02:39:32','2025-08-07 02:39:32',1,200,80),(257,6,'A','1','7','available',1,'2025-08-07 02:39:32','2025-08-07 02:39:32',1,225,80),(258,6,'A','1','8','available',1,'2025-08-07 02:39:32','2025-08-07 02:39:32',1,250,80),(259,6,'A','1','9','available',1,'2025-08-07 02:39:32','2025-08-07 02:39:32',1,275,80),(260,6,'A','1','10','available',1,'2025-08-07 02:39:32','2025-08-07 02:39:32',1,300,80),(261,6,'A','2','1','available',1,'2025-08-07 02:39:32','2025-08-07 02:39:32',1,75,110),(262,6,'A','2','2','available',1,'2025-08-07 02:39:32','2025-08-07 02:39:32',1,100,110),(263,6,'A','2','3','available',1,'2025-08-07 02:39:32','2025-08-07 02:39:32',1,125,110),(264,6,'A','2','4','available',1,'2025-08-07 02:39:32','2025-08-07 02:39:32',1,150,110),(265,6,'A','2','5','available',1,'2025-08-07 02:39:32','2025-08-07 02:39:32',1,175,110),(266,6,'A','2','6','available',1,'2025-08-07 02:39:32','2025-08-07 02:39:32',1,200,110),(267,6,'A','2','7','available',1,'2025-08-07 02:39:32','2025-08-07 02:39:32',1,225,110),(268,6,'A','2','8','available',1,'2025-08-07 02:39:32','2025-08-07 02:39:32',1,250,110),(269,6,'A','2','9','available',1,'2025-08-07 02:39:32','2025-08-07 02:39:32',1,275,110),(270,6,'A','2','10','available',1,'2025-08-07 02:39:32','2025-08-07 02:39:32',1,300,110),(271,6,'A','3','1','available',1,'2025-08-07 02:39:32','2025-08-07 02:39:32',2,75,140),(272,6,'A','3','2','available',1,'2025-08-07 02:39:32','2025-08-07 02:39:32',2,100,140),(273,6,'A','3','3','available',1,'2025-08-07 02:39:32','2025-08-07 02:39:32',2,125,140),(274,6,'A','3','4','available',1,'2025-08-07 02:39:32','2025-08-07 02:39:32',2,150,140),(275,6,'A','3','5','available',1,'2025-08-07 02:39:32','2025-08-07 02:39:32',2,175,140),(276,6,'A','3','6','available',1,'2025-08-07 02:39:32','2025-08-07 02:39:32',2,200,140),(277,6,'A','3','7','available',1,'2025-08-07 02:39:33','2025-08-07 02:39:33',2,225,140),(278,6,'A','3','8','available',1,'2025-08-07 02:39:33','2025-08-07 02:39:33',2,250,140),(279,6,'A','3','9','available',1,'2025-08-07 02:39:33','2025-08-07 02:39:33',2,275,140),(280,6,'A','3','10','available',1,'2025-08-07 02:39:33','2025-08-07 02:39:33',2,300,140),(281,6,'A','4','1','available',1,'2025-08-07 02:39:33','2025-08-07 02:39:33',2,75,170),(282,6,'A','4','2','available',1,'2025-08-07 02:39:33','2025-08-07 02:39:33',2,100,170),(283,6,'A','4','3','available',1,'2025-08-07 02:39:33','2025-08-07 02:39:33',2,125,170),(284,6,'A','4','4','available',1,'2025-08-07 02:39:33','2025-08-07 02:39:33',2,150,170),(285,6,'A','4','5','available',1,'2025-08-07 02:39:33','2025-08-07 02:39:33',2,175,170),(286,6,'A','4','6','available',1,'2025-08-07 02:39:33','2025-08-07 02:39:33',2,200,170),(287,6,'A','4','7','available',1,'2025-08-07 02:39:33','2025-08-07 02:39:33',2,225,170),(288,6,'A','4','8','available',1,'2025-08-07 02:39:33','2025-08-07 02:39:33',2,250,170),(289,6,'A','4','9','available',1,'2025-08-07 02:39:33','2025-08-07 02:39:33',2,275,170),(290,6,'A','4','10','available',1,'2025-08-07 02:39:33','2025-08-07 02:39:33',2,300,170),(291,6,'A','5','1','available',1,'2025-08-07 02:39:33','2025-08-07 02:39:33',2,75,200),(292,6,'A','5','2','available',1,'2025-08-07 02:39:33','2025-08-07 02:39:33',2,100,200),(293,6,'A','5','3','available',1,'2025-08-07 02:39:33','2025-08-07 02:39:33',2,125,200),(294,6,'A','5','4','available',1,'2025-08-07 02:39:33','2025-08-07 02:39:33',2,150,200),(295,6,'A','5','5','available',1,'2025-08-07 02:39:33','2025-08-07 02:39:33',2,175,200),(296,6,'A','5','6','available',1,'2025-08-07 02:39:33','2025-08-07 02:39:33',2,200,200),(297,6,'A','5','7','available',1,'2025-08-07 02:39:33','2025-08-07 02:39:33',2,225,200),(298,6,'A','5','8','available',1,'2025-08-07 02:39:33','2025-08-07 02:39:33',2,250,200),(299,6,'A','5','9','available',1,'2025-08-07 02:39:33','2025-08-07 02:39:33',2,275,200),(300,6,'A','5','10','available',1,'2025-08-07 02:39:33','2025-08-07 02:39:33',2,300,200),(301,7,'A','1','1','available',1,'2025-08-07 02:39:33','2025-08-07 02:39:33',1,75,80),(302,7,'A','1','2','available',1,'2025-08-07 02:39:33','2025-08-07 02:39:33',1,100,80),(303,7,'A','1','3','available',1,'2025-08-07 02:39:33','2025-08-07 02:39:33',1,125,80),(304,7,'A','1','4','available',1,'2025-08-07 02:39:33','2025-08-07 02:39:33',1,150,80),(305,7,'A','1','5','available',1,'2025-08-07 02:39:33','2025-08-07 02:39:33',1,175,80),(306,7,'A','1','6','available',1,'2025-08-07 02:39:33','2025-08-07 02:39:33',1,200,80),(307,7,'A','1','7','available',1,'2025-08-07 02:39:33','2025-08-07 02:39:33',1,225,80),(308,7,'A','1','8','available',1,'2025-08-07 02:39:33','2025-08-07 02:39:33',1,250,80),(309,7,'A','1','9','available',1,'2025-08-07 02:39:33','2025-08-07 02:39:33',1,275,80),(310,7,'A','1','10','available',1,'2025-08-07 02:39:33','2025-08-07 02:39:33',1,300,80),(311,7,'A','2','1','available',1,'2025-08-07 02:39:33','2025-08-07 02:39:33',1,75,110),(312,7,'A','2','2','available',1,'2025-08-07 02:39:33','2025-08-07 02:39:33',1,100,110),(313,7,'A','2','3','available',1,'2025-08-07 02:39:33','2025-08-07 02:39:33',1,125,110),(314,7,'A','2','4','available',1,'2025-08-07 02:39:33','2025-08-07 02:39:33',1,150,110),(315,7,'A','2','5','available',1,'2025-08-07 02:39:33','2025-08-07 02:39:33',1,175,110),(316,7,'A','2','6','available',1,'2025-08-07 02:39:33','2025-08-07 02:39:33',1,200,110),(317,7,'A','2','7','available',1,'2025-08-07 02:39:33','2025-08-07 02:39:33',1,225,110),(318,7,'A','2','8','available',1,'2025-08-07 02:39:33','2025-08-07 02:39:33',1,250,110),(319,7,'A','2','9','available',1,'2025-08-07 02:39:33','2025-08-07 02:39:33',1,275,110),(320,7,'A','2','10','available',1,'2025-08-07 02:39:33','2025-08-07 02:39:33',1,300,110),(321,7,'A','3','1','available',1,'2025-08-07 02:39:33','2025-08-07 02:39:33',2,75,140),(322,7,'A','3','2','available',1,'2025-08-07 02:39:33','2025-08-07 02:39:33',2,100,140),(323,7,'A','3','3','available',1,'2025-08-07 02:39:33','2025-08-07 02:39:33',2,125,140),(324,7,'A','3','4','available',1,'2025-08-07 02:39:33','2025-08-07 02:39:33',2,150,140),(325,7,'A','3','5','available',1,'2025-08-07 02:39:33','2025-08-07 02:39:33',2,175,140),(326,7,'A','3','6','available',1,'2025-08-07 02:39:33','2025-08-07 02:39:33',2,200,140),(327,7,'A','3','7','available',1,'2025-08-07 02:39:33','2025-08-07 02:39:33',2,225,140),(328,7,'A','3','8','available',1,'2025-08-07 02:39:33','2025-08-07 02:39:33',2,250,140),(329,7,'A','3','9','available',1,'2025-08-07 02:39:33','2025-08-07 02:39:33',2,275,140),(330,7,'A','3','10','available',1,'2025-08-07 02:39:33','2025-08-07 02:39:33',2,300,140),(331,7,'A','4','1','available',1,'2025-08-07 02:39:33','2025-08-07 02:39:33',2,75,170),(332,7,'A','4','2','available',1,'2025-08-07 02:39:33','2025-08-07 02:39:33',2,100,170),(333,7,'A','4','3','available',1,'2025-08-07 02:39:33','2025-08-07 02:39:33',2,125,170),(334,7,'A','4','4','available',1,'2025-08-07 02:39:33','2025-08-07 02:39:33',2,150,170),(335,7,'A','4','5','available',1,'2025-08-07 02:39:33','2025-08-07 02:39:33',2,175,170),(336,7,'A','4','6','available',1,'2025-08-07 02:39:33','2025-08-07 02:39:33',2,200,170),(337,7,'A','4','7','available',1,'2025-08-07 02:39:33','2025-08-07 02:39:33',2,225,170),(338,7,'A','4','8','available',1,'2025-08-07 02:39:33','2025-08-07 02:39:33',2,250,170),(339,7,'A','4','9','available',1,'2025-08-07 02:39:33','2025-08-07 02:39:33',2,275,170),(340,7,'A','4','10','available',1,'2025-08-07 02:39:33','2025-08-07 02:39:33',2,300,170),(341,7,'A','5','1','available',1,'2025-08-07 02:39:33','2025-08-07 02:39:33',2,75,200),(342,7,'A','5','2','available',1,'2025-08-07 02:39:33','2025-08-07 02:39:33',2,100,200),(343,7,'A','5','3','available',1,'2025-08-07 02:39:33','2025-08-07 02:39:33',2,125,200),(344,7,'A','5','4','available',1,'2025-08-07 02:39:33','2025-08-07 02:39:33',2,150,200),(345,7,'A','5','5','available',1,'2025-08-07 02:39:33','2025-08-07 02:39:33',2,175,200),(346,7,'A','5','6','available',1,'2025-08-07 02:39:33','2025-08-07 02:39:33',2,200,200),(347,7,'A','5','7','available',1,'2025-08-07 02:39:33','2025-08-07 02:39:33',2,225,200),(348,7,'A','5','8','available',1,'2025-08-07 02:39:33','2025-08-07 02:39:33',2,250,200),(349,7,'A','5','9','available',1,'2025-08-07 02:39:33','2025-08-07 02:39:33',2,275,200),(350,7,'A','5','10','available',1,'2025-08-07 02:39:33','2025-08-07 02:39:33',2,300,200),(351,8,'A','1','1','available',1,'2025-08-07 02:39:33','2025-08-07 02:39:33',1,75,80),(352,8,'A','1','2','available',1,'2025-08-07 02:39:33','2025-08-07 02:39:33',1,100,80),(353,8,'A','1','3','available',1,'2025-08-07 02:39:33','2025-08-07 02:39:33',1,125,80),(354,8,'A','1','4','available',1,'2025-08-07 02:39:33','2025-08-07 02:39:33',1,150,80),(355,8,'A','1','5','available',1,'2025-08-07 02:39:33','2025-08-07 02:39:33',1,175,80),(356,8,'A','1','6','available',1,'2025-08-07 02:39:33','2025-08-07 02:39:33',1,200,80),(357,8,'A','1','7','available',1,'2025-08-07 02:39:33','2025-08-07 02:39:33',1,225,80),(358,8,'A','1','8','available',1,'2025-08-07 02:39:33','2025-08-07 02:39:33',1,250,80),(359,8,'A','1','9','available',1,'2025-08-07 02:39:33','2025-08-07 02:39:33',1,275,80),(360,8,'A','1','10','available',1,'2025-08-07 02:39:33','2025-08-07 02:39:33',1,300,80),(361,8,'A','2','1','available',1,'2025-08-07 02:39:33','2025-08-07 02:39:33',1,75,110),(362,8,'A','2','2','available',1,'2025-08-07 02:39:33','2025-08-07 02:39:33',1,100,110),(363,8,'A','2','3','available',1,'2025-08-07 02:39:33','2025-08-07 02:39:33',1,125,110),(364,8,'A','2','4','available',1,'2025-08-07 02:39:33','2025-08-07 02:39:33',1,150,110),(365,8,'A','2','5','available',1,'2025-08-07 02:39:33','2025-08-07 02:39:33',1,175,110),(366,8,'A','2','6','available',1,'2025-08-07 02:39:33','2025-08-07 02:39:33',1,200,110),(367,8,'A','2','7','available',1,'2025-08-07 02:39:33','2025-08-07 02:39:33',1,225,110),(368,8,'A','2','8','available',1,'2025-08-07 02:39:33','2025-08-07 02:39:33',1,250,110),(369,8,'A','2','9','available',1,'2025-08-07 02:39:33','2025-08-07 02:39:33',1,275,110),(370,8,'A','2','10','available',1,'2025-08-07 02:39:33','2025-08-07 02:39:33',1,300,110),(371,8,'A','3','1','available',1,'2025-08-07 02:39:33','2025-08-07 02:39:33',2,75,140),(372,8,'A','3','2','available',1,'2025-08-07 02:39:33','2025-08-07 02:39:33',2,100,140),(373,8,'A','3','3','available',1,'2025-08-07 02:39:33','2025-08-07 02:39:33',2,125,140),(374,8,'A','3','4','available',1,'2025-08-07 02:39:33','2025-08-07 02:39:33',2,150,140),(375,8,'A','3','5','available',1,'2025-08-07 02:39:33','2025-08-07 02:39:33',2,175,140),(376,8,'A','3','6','available',1,'2025-08-07 02:39:33','2025-08-07 02:39:33',2,200,140),(377,8,'A','3','7','available',1,'2025-08-07 02:39:33','2025-08-07 02:39:33',2,225,140),(378,8,'A','3','8','available',1,'2025-08-07 02:39:33','2025-08-07 02:39:33',2,250,140),(379,8,'A','3','9','available',1,'2025-08-07 02:39:33','2025-08-07 02:39:33',2,275,140),(380,8,'A','3','10','available',1,'2025-08-07 02:39:33','2025-08-07 02:39:33',2,300,140),(381,8,'A','4','1','available',1,'2025-08-07 02:39:33','2025-08-07 02:39:33',2,75,170),(382,8,'A','4','2','available',1,'2025-08-07 02:39:33','2025-08-07 02:39:33',2,100,170),(383,8,'A','4','3','available',1,'2025-08-07 02:39:33','2025-08-07 02:39:33',2,125,170),(384,8,'A','4','4','available',1,'2025-08-07 02:39:33','2025-08-07 02:39:33',2,150,170),(385,8,'A','4','5','available',1,'2025-08-07 02:39:33','2025-08-07 02:39:33',2,175,170),(386,8,'A','4','6','available',1,'2025-08-07 02:39:33','2025-08-07 02:39:33',2,200,170),(387,8,'A','4','7','available',1,'2025-08-07 02:39:33','2025-08-07 02:39:33',2,225,170),(388,8,'A','4','8','available',1,'2025-08-07 02:39:33','2025-08-07 02:39:33',2,250,170),(389,8,'A','4','9','available',1,'2025-08-07 02:39:33','2025-08-07 02:39:33',2,275,170),(390,8,'A','4','10','available',1,'2025-08-07 02:39:33','2025-08-07 02:39:33',2,300,170),(391,8,'A','5','1','available',1,'2025-08-07 02:39:33','2025-08-07 02:39:33',2,75,200),(392,8,'A','5','2','available',1,'2025-08-07 02:39:33','2025-08-07 02:39:33',2,100,200),(393,8,'A','5','3','available',1,'2025-08-07 02:39:33','2025-08-07 02:39:33',2,125,200),(394,8,'A','5','4','available',1,'2025-08-07 02:39:33','2025-08-07 02:39:33',2,150,200),(395,8,'A','5','5','available',1,'2025-08-07 02:39:33','2025-08-07 02:39:33',2,175,200),(396,8,'A','5','6','available',1,'2025-08-07 02:39:33','2025-08-07 02:39:33',2,200,200),(397,8,'A','5','7','available',1,'2025-08-07 02:39:33','2025-08-07 02:39:33',2,225,200),(398,8,'A','5','8','available',1,'2025-08-07 02:39:33','2025-08-07 02:39:33',2,250,200),(399,8,'A','5','9','available',1,'2025-08-07 02:39:33','2025-08-07 02:39:33',2,275,200),(400,8,'A','5','10','available',1,'2025-08-07 02:39:33','2025-08-07 02:39:33',2,300,200),(401,9,'A','1','1','available',1,'2025-08-07 02:39:33','2025-08-07 02:39:33',1,75,80),(402,9,'A','1','2','available',1,'2025-08-07 02:39:33','2025-08-07 02:39:33',1,100,80),(403,9,'A','1','3','available',1,'2025-08-07 02:39:33','2025-08-07 02:39:33',1,125,80),(404,9,'A','1','4','available',1,'2025-08-07 02:39:33','2025-08-07 02:39:33',1,150,80),(405,9,'A','1','5','available',1,'2025-08-07 02:39:33','2025-08-07 02:39:33',1,175,80),(406,9,'A','1','6','available',1,'2025-08-07 02:39:33','2025-08-07 02:39:33',1,200,80),(407,9,'A','1','7','available',1,'2025-08-07 02:39:33','2025-08-07 02:39:33',1,225,80),(408,9,'A','1','8','available',1,'2025-08-07 02:39:33','2025-08-07 02:39:33',1,250,80),(409,9,'A','1','9','available',1,'2025-08-07 02:39:33','2025-08-07 02:39:33',1,275,80),(410,9,'A','1','10','available',1,'2025-08-07 02:39:33','2025-08-07 02:39:33',1,300,80),(411,9,'A','2','1','available',1,'2025-08-07 02:39:33','2025-08-07 02:39:33',1,75,110),(412,9,'A','2','2','available',1,'2025-08-07 02:39:33','2025-08-07 02:39:33',1,100,110),(413,9,'A','2','3','available',1,'2025-08-07 02:39:33','2025-08-07 02:39:33',1,125,110),(414,9,'A','2','4','available',1,'2025-08-07 02:39:33','2025-08-07 02:39:33',1,150,110),(415,9,'A','2','5','available',1,'2025-08-07 02:39:33','2025-08-07 02:39:33',1,175,110),(416,9,'A','2','6','available',1,'2025-08-07 02:39:33','2025-08-07 02:39:33',1,200,110),(417,9,'A','2','7','available',1,'2025-08-07 02:39:33','2025-08-07 02:39:33',1,225,110),(418,9,'A','2','8','available',1,'2025-08-07 02:39:33','2025-08-07 02:39:33',1,250,110),(419,9,'A','2','9','available',1,'2025-08-07 02:39:33','2025-08-07 02:39:33',1,275,110),(420,9,'A','2','10','available',1,'2025-08-07 02:39:33','2025-08-07 02:39:33',1,300,110),(421,9,'A','3','1','available',1,'2025-08-07 02:39:33','2025-08-07 02:39:33',2,75,140),(422,9,'A','3','2','available',1,'2025-08-07 02:39:33','2025-08-07 02:39:33',2,100,140),(423,9,'A','3','3','available',1,'2025-08-07 02:39:33','2025-08-07 02:39:33',2,125,140),(424,9,'A','3','4','available',1,'2025-08-07 02:39:33','2025-08-07 02:39:33',2,150,140),(425,9,'A','3','5','available',1,'2025-08-07 02:39:34','2025-08-07 02:39:34',2,175,140),(426,9,'A','3','6','available',1,'2025-08-07 02:39:34','2025-08-07 02:39:34',2,200,140),(427,9,'A','3','7','available',1,'2025-08-07 02:39:34','2025-08-07 02:39:34',2,225,140),(428,9,'A','3','8','available',1,'2025-08-07 02:39:34','2025-08-07 02:39:34',2,250,140),(429,9,'A','3','9','available',1,'2025-08-07 02:39:34','2025-08-07 02:39:34',2,275,140),(430,9,'A','3','10','available',1,'2025-08-07 02:39:34','2025-08-07 02:39:34',2,300,140),(431,9,'A','4','1','available',1,'2025-08-07 02:39:34','2025-08-07 02:39:34',2,75,170),(432,9,'A','4','2','available',1,'2025-08-07 02:39:34','2025-08-07 02:39:34',2,100,170),(433,9,'A','4','3','available',1,'2025-08-07 02:39:34','2025-08-07 02:39:34',2,125,170),(434,9,'A','4','4','available',1,'2025-08-07 02:39:34','2025-08-07 02:39:34',2,150,170),(435,9,'A','4','5','available',1,'2025-08-07 02:39:34','2025-08-07 02:39:34',2,175,170),(436,9,'A','4','6','available',1,'2025-08-07 02:39:34','2025-08-07 02:39:34',2,200,170),(437,9,'A','4','7','available',1,'2025-08-07 02:39:34','2025-08-07 02:39:34',2,225,170),(438,9,'A','4','8','available',1,'2025-08-07 02:39:34','2025-08-07 02:39:34',2,250,170),(439,9,'A','4','9','available',1,'2025-08-07 02:39:34','2025-08-07 02:39:34',2,275,170),(440,9,'A','4','10','available',1,'2025-08-07 02:39:34','2025-08-07 02:39:34',2,300,170),(441,9,'A','5','1','available',1,'2025-08-07 02:39:34','2025-08-07 02:39:34',2,75,200),(442,9,'A','5','2','available',1,'2025-08-07 02:39:34','2025-08-07 02:39:34',2,100,200),(443,9,'A','5','3','available',1,'2025-08-07 02:39:34','2025-08-07 02:39:34',2,125,200),(444,9,'A','5','4','available',1,'2025-08-07 02:39:34','2025-08-07 02:39:34',2,150,200),(445,9,'A','5','5','available',1,'2025-08-07 02:39:34','2025-08-07 02:39:34',2,175,200),(446,9,'A','5','6','available',1,'2025-08-07 02:39:34','2025-08-07 02:39:34',2,200,200),(447,9,'A','5','7','available',1,'2025-08-07 02:39:34','2025-08-07 02:39:34',2,225,200),(448,9,'A','5','8','available',1,'2025-08-07 02:39:34','2025-08-07 02:39:34',2,250,200),(449,9,'A','5','9','available',1,'2025-08-07 02:39:34','2025-08-07 02:39:34',2,275,200),(450,9,'A','5','10','available',1,'2025-08-07 02:39:34','2025-08-07 02:39:34',2,300,200),(451,10,'A','1','1','available',1,'2025-08-07 02:39:34','2025-08-07 02:39:34',1,75,80),(452,10,'A','1','2','available',1,'2025-08-07 02:39:34','2025-08-07 02:39:34',1,100,80),(453,10,'A','1','3','available',1,'2025-08-07 02:39:34','2025-08-07 02:39:34',1,125,80),(454,10,'A','1','4','available',1,'2025-08-07 02:39:34','2025-08-07 02:39:34',1,150,80),(455,10,'A','1','5','available',1,'2025-08-07 02:39:34','2025-08-07 02:39:34',1,175,80),(456,10,'A','1','6','available',1,'2025-08-07 02:39:34','2025-08-07 02:39:34',1,200,80),(457,10,'A','1','7','available',1,'2025-08-07 02:39:34','2025-08-07 02:39:34',1,225,80),(458,10,'A','1','8','available',1,'2025-08-07 02:39:34','2025-08-07 02:39:34',1,250,80),(459,10,'A','1','9','available',1,'2025-08-07 02:39:34','2025-08-07 02:39:34',1,275,80),(460,10,'A','1','10','available',1,'2025-08-07 02:39:34','2025-08-07 02:39:34',1,300,80),(461,10,'A','2','1','available',1,'2025-08-07 02:39:34','2025-08-07 02:39:34',1,75,110),(462,10,'A','2','2','available',1,'2025-08-07 02:39:34','2025-08-07 02:39:34',1,100,110),(463,10,'A','2','3','available',1,'2025-08-07 02:39:34','2025-08-07 02:39:34',1,125,110),(464,10,'A','2','4','available',1,'2025-08-07 02:39:34','2025-08-07 02:39:34',1,150,110),(465,10,'A','2','5','available',1,'2025-08-07 02:39:34','2025-08-07 02:39:34',1,175,110),(466,10,'A','2','6','available',1,'2025-08-07 02:39:34','2025-08-07 02:39:34',1,200,110),(467,10,'A','2','7','available',1,'2025-08-07 02:39:34','2025-08-07 02:39:34',1,225,110),(468,10,'A','2','8','available',1,'2025-08-07 02:39:34','2025-08-07 02:39:34',1,250,110),(469,10,'A','2','9','available',1,'2025-08-07 02:39:34','2025-08-07 02:39:34',1,275,110),(470,10,'A','2','10','available',1,'2025-08-07 02:39:34','2025-08-07 02:39:34',1,300,110),(471,10,'A','3','1','available',1,'2025-08-07 02:39:34','2025-08-07 02:39:34',2,75,140),(472,10,'A','3','2','available',1,'2025-08-07 02:39:34','2025-08-07 02:39:34',2,100,140),(473,10,'A','3','3','available',1,'2025-08-07 02:39:34','2025-08-07 02:39:34',2,125,140),(474,10,'A','3','4','available',1,'2025-08-07 02:39:34','2025-08-07 02:39:34',2,150,140),(475,10,'A','3','5','available',1,'2025-08-07 02:39:34','2025-08-07 02:39:34',2,175,140),(476,10,'A','3','6','available',1,'2025-08-07 02:39:34','2025-08-07 02:39:34',2,200,140),(477,10,'A','3','7','available',1,'2025-08-07 02:39:34','2025-08-07 02:39:34',2,225,140),(478,10,'A','3','8','available',1,'2025-08-07 02:39:34','2025-08-07 02:39:34',2,250,140),(479,10,'A','3','9','available',1,'2025-08-07 02:39:34','2025-08-07 02:39:34',2,275,140),(480,10,'A','3','10','available',1,'2025-08-07 02:39:34','2025-08-07 02:39:34',2,300,140),(481,10,'A','4','1','available',1,'2025-08-07 02:39:34','2025-08-07 02:39:34',2,75,170),(482,10,'A','4','2','available',1,'2025-08-07 02:39:34','2025-08-07 02:39:34',2,100,170),(483,10,'A','4','3','available',1,'2025-08-07 02:39:34','2025-08-07 02:39:34',2,125,170),(484,10,'A','4','4','available',1,'2025-08-07 02:39:34','2025-08-07 02:39:34',2,150,170),(485,10,'A','4','5','available',1,'2025-08-07 02:39:34','2025-08-07 02:39:34',2,175,170),(486,10,'A','4','6','available',1,'2025-08-07 02:39:34','2025-08-07 02:39:34',2,200,170),(487,10,'A','4','7','available',1,'2025-08-07 02:39:34','2025-08-07 02:39:34',2,225,170),(488,10,'A','4','8','available',1,'2025-08-07 02:39:34','2025-08-07 02:39:34',2,250,170),(489,10,'A','4','9','available',1,'2025-08-07 02:39:34','2025-08-07 02:39:34',2,275,170),(490,10,'A','4','10','available',1,'2025-08-07 02:39:34','2025-08-07 02:39:34',2,300,170),(491,10,'A','5','1','available',1,'2025-08-07 02:39:34','2025-08-07 02:39:34',2,75,200),(492,10,'A','5','2','available',1,'2025-08-07 02:39:34','2025-08-07 02:39:34',2,100,200),(493,10,'A','5','3','available',1,'2025-08-07 02:39:34','2025-08-07 02:39:34',2,125,200),(494,10,'A','5','4','available',1,'2025-08-07 02:39:34','2025-08-07 02:39:34',2,150,200),(495,10,'A','5','5','available',1,'2025-08-07 02:39:34','2025-08-07 02:39:34',2,175,200),(496,10,'A','5','6','available',1,'2025-08-07 02:39:34','2025-08-07 02:39:34',2,200,200),(497,10,'A','5','7','available',1,'2025-08-07 02:39:34','2025-08-07 02:39:34',2,225,200),(498,10,'A','5','8','available',1,'2025-08-07 02:39:34','2025-08-07 02:39:34',2,250,200),(499,10,'A','5','9','available',1,'2025-08-07 02:39:34','2025-08-07 02:39:34',2,275,200),(500,10,'A','5','10','available',1,'2025-08-07 02:39:34','2025-08-07 02:39:34',2,300,200),(501,11,'A','1','1','available',1,'2025-08-07 02:39:34','2025-08-07 02:39:34',1,75,80),(502,11,'A','1','2','available',1,'2025-08-07 02:39:34','2025-08-07 02:39:34',1,100,80),(503,11,'A','1','3','available',1,'2025-08-07 02:39:34','2025-08-07 02:39:34',1,125,80),(504,11,'A','1','4','available',1,'2025-08-07 02:39:34','2025-08-07 02:39:34',1,150,80),(505,11,'A','1','5','available',1,'2025-08-07 02:39:34','2025-08-07 02:39:34',1,175,80),(506,11,'A','1','6','available',1,'2025-08-07 02:39:34','2025-08-07 02:39:34',1,200,80),(507,11,'A','1','7','available',1,'2025-08-07 02:39:34','2025-08-07 02:39:34',1,225,80),(508,11,'A','1','8','available',1,'2025-08-07 02:39:34','2025-08-07 02:39:34',1,250,80),(509,11,'A','1','9','available',1,'2025-08-07 02:39:34','2025-08-07 02:39:34',1,275,80),(510,11,'A','1','10','available',1,'2025-08-07 02:39:34','2025-08-07 02:39:34',1,300,80),(511,11,'A','2','1','available',1,'2025-08-07 02:39:34','2025-08-07 02:39:34',1,75,110),(512,11,'A','2','2','available',1,'2025-08-07 02:39:34','2025-08-07 02:39:34',1,100,110),(513,11,'A','2','3','available',1,'2025-08-07 02:39:34','2025-08-07 02:39:34',1,125,110),(514,11,'A','2','4','available',1,'2025-08-07 02:39:34','2025-08-07 02:39:34',1,150,110),(515,11,'A','2','5','available',1,'2025-08-07 02:39:34','2025-08-07 02:39:34',1,175,110),(516,11,'A','2','6','available',1,'2025-08-07 02:39:34','2025-08-07 02:39:34',1,200,110),(517,11,'A','2','7','available',1,'2025-08-07 02:39:34','2025-08-07 02:39:34',1,225,110),(518,11,'A','2','8','available',1,'2025-08-07 02:39:34','2025-08-07 02:39:34',1,250,110),(519,11,'A','2','9','available',1,'2025-08-07 02:39:34','2025-08-07 02:39:34',1,275,110),(520,11,'A','2','10','available',1,'2025-08-07 02:39:34','2025-08-07 02:39:34',1,300,110),(521,11,'A','3','1','available',1,'2025-08-07 02:39:34','2025-08-07 02:39:34',2,75,140),(522,11,'A','3','2','available',1,'2025-08-07 02:39:34','2025-08-07 02:39:34',2,100,140),(523,11,'A','3','3','available',1,'2025-08-07 02:39:34','2025-08-07 02:39:34',2,125,140),(524,11,'A','3','4','available',1,'2025-08-07 02:39:34','2025-08-07 02:39:34',2,150,140),(525,11,'A','3','5','available',1,'2025-08-07 02:39:34','2025-08-07 02:39:34',2,175,140),(526,11,'A','3','6','available',1,'2025-08-07 02:39:34','2025-08-07 02:39:34',2,200,140),(527,11,'A','3','7','available',1,'2025-08-07 02:39:34','2025-08-07 02:39:34',2,225,140),(528,11,'A','3','8','available',1,'2025-08-07 02:39:34','2025-08-07 02:39:34',2,250,140),(529,11,'A','3','9','available',1,'2025-08-07 02:39:34','2025-08-07 02:39:34',2,275,140),(530,11,'A','3','10','available',1,'2025-08-07 02:39:34','2025-08-07 02:39:34',2,300,140),(531,11,'A','4','1','available',1,'2025-08-07 02:39:34','2025-08-07 02:39:34',2,75,170),(532,11,'A','4','2','available',1,'2025-08-07 02:39:34','2025-08-07 02:39:34',2,100,170),(533,11,'A','4','3','available',1,'2025-08-07 02:39:34','2025-08-07 02:39:34',2,125,170),(534,11,'A','4','4','available',1,'2025-08-07 02:39:34','2025-08-07 02:39:34',2,150,170),(535,11,'A','4','5','available',1,'2025-08-07 02:39:34','2025-08-07 02:39:34',2,175,170),(536,11,'A','4','6','available',1,'2025-08-07 02:39:34','2025-08-07 02:39:34',2,200,170),(537,11,'A','4','7','available',1,'2025-08-07 02:39:34','2025-08-07 02:39:34',2,225,170),(538,11,'A','4','8','available',1,'2025-08-07 02:39:34','2025-08-07 02:39:34',2,250,170),(539,11,'A','4','9','available',1,'2025-08-07 02:39:34','2025-08-07 02:39:34',2,275,170),(540,11,'A','4','10','available',1,'2025-08-07 02:39:34','2025-08-07 02:39:34',2,300,170),(541,11,'A','5','1','available',1,'2025-08-07 02:39:34','2025-08-07 02:39:34',2,75,200),(542,11,'A','5','2','available',1,'2025-08-07 02:39:34','2025-08-07 02:39:34',2,100,200),(543,11,'A','5','3','available',1,'2025-08-07 02:39:34','2025-08-07 02:39:34',2,125,200),(544,11,'A','5','4','available',1,'2025-08-07 02:39:34','2025-08-07 02:39:34',2,150,200),(545,11,'A','5','5','available',1,'2025-08-07 02:39:34','2025-08-07 02:39:34',2,175,200),(546,11,'A','5','6','available',1,'2025-08-07 02:39:34','2025-08-07 02:39:34',2,200,200),(547,11,'A','5','7','available',1,'2025-08-07 02:39:34','2025-08-07 02:39:34',2,225,200),(548,11,'A','5','8','available',1,'2025-08-07 02:39:34','2025-08-07 02:39:34',2,250,200),(549,11,'A','5','9','available',1,'2025-08-07 02:39:34','2025-08-07 02:39:34',2,275,200),(550,11,'A','5','10','available',1,'2025-08-07 02:39:34','2025-08-07 02:39:34',2,300,200),(551,12,'A','1','1','available',1,'2025-08-07 02:39:34','2025-08-07 02:39:34',1,75,80),(552,12,'A','1','2','available',1,'2025-08-07 02:39:34','2025-08-07 02:39:34',1,100,80),(553,12,'A','1','3','available',1,'2025-08-07 02:39:34','2025-08-07 02:39:34',1,125,80),(554,12,'A','1','4','available',1,'2025-08-07 02:39:34','2025-08-07 02:39:34',1,150,80),(555,12,'A','1','5','available',1,'2025-08-07 02:39:34','2025-08-07 02:39:34',1,175,80),(556,12,'A','1','6','available',1,'2025-08-07 02:39:34','2025-08-07 02:39:34',1,200,80),(557,12,'A','1','7','available',1,'2025-08-07 02:39:34','2025-08-07 02:39:34',1,225,80),(558,12,'A','1','8','available',1,'2025-08-07 02:39:34','2025-08-07 02:39:34',1,250,80),(559,12,'A','1','9','available',1,'2025-08-07 02:39:34','2025-08-07 02:39:34',1,275,80),(560,12,'A','1','10','available',1,'2025-08-07 02:39:34','2025-08-07 02:39:34',1,300,80),(561,12,'A','2','1','available',1,'2025-08-07 02:39:34','2025-08-07 02:39:34',1,75,110),(562,12,'A','2','2','available',1,'2025-08-07 02:39:34','2025-08-07 02:39:34',1,100,110),(563,12,'A','2','3','available',1,'2025-08-07 02:39:34','2025-08-07 02:39:34',1,125,110),(564,12,'A','2','4','available',1,'2025-08-07 02:39:34','2025-08-07 02:39:34',1,150,110),(565,12,'A','2','5','available',1,'2025-08-07 02:39:34','2025-08-07 02:39:34',1,175,110),(566,12,'A','2','6','available',1,'2025-08-07 02:39:34','2025-08-07 02:39:34',1,200,110),(567,12,'A','2','7','available',1,'2025-08-07 02:39:34','2025-08-07 02:39:34',1,225,110),(568,12,'A','2','8','available',1,'2025-08-07 02:39:34','2025-08-07 02:39:34',1,250,110),(569,12,'A','2','9','available',1,'2025-08-07 02:39:34','2025-08-07 02:39:34',1,275,110),(570,12,'A','2','10','available',1,'2025-08-07 02:39:34','2025-08-07 02:39:34',1,300,110),(571,12,'A','3','1','available',1,'2025-08-07 02:39:34','2025-08-07 02:39:34',2,75,140),(572,12,'A','3','2','available',1,'2025-08-07 02:39:34','2025-08-07 02:39:34',2,100,140),(573,12,'A','3','3','available',1,'2025-08-07 02:39:34','2025-08-07 02:39:34',2,125,140),(574,12,'A','3','4','available',1,'2025-08-07 02:39:34','2025-08-07 02:39:34',2,150,140),(575,12,'A','3','5','available',1,'2025-08-07 02:39:34','2025-08-07 02:39:34',2,175,140),(576,12,'A','3','6','available',1,'2025-08-07 02:39:34','2025-08-07 02:39:34',2,200,140),(577,12,'A','3','7','available',1,'2025-08-07 02:39:34','2025-08-07 02:39:34',2,225,140),(578,12,'A','3','8','available',1,'2025-08-07 02:39:35','2025-08-07 02:39:35',2,250,140),(579,12,'A','3','9','available',1,'2025-08-07 02:39:35','2025-08-07 02:39:35',2,275,140),(580,12,'A','3','10','available',1,'2025-08-07 02:39:35','2025-08-07 02:39:35',2,300,140),(581,12,'A','4','1','available',1,'2025-08-07 02:39:35','2025-08-07 02:39:35',2,75,170),(582,12,'A','4','2','available',1,'2025-08-07 02:39:35','2025-08-07 02:39:35',2,100,170),(583,12,'A','4','3','available',1,'2025-08-07 02:39:35','2025-08-07 02:39:35',2,125,170),(584,12,'A','4','4','available',1,'2025-08-07 02:39:35','2025-08-07 02:39:35',2,150,170),(585,12,'A','4','5','available',1,'2025-08-07 02:39:35','2025-08-07 02:39:35',2,175,170),(586,12,'A','4','6','available',1,'2025-08-07 02:39:35','2025-08-07 02:39:35',2,200,170),(587,12,'A','4','7','available',1,'2025-08-07 02:39:35','2025-08-07 02:39:35',2,225,170),(588,12,'A','4','8','available',1,'2025-08-07 02:39:35','2025-08-07 02:39:35',2,250,170),(589,12,'A','4','9','available',1,'2025-08-07 02:39:35','2025-08-07 02:39:35',2,275,170),(590,12,'A','4','10','available',1,'2025-08-07 02:39:35','2025-08-07 02:39:35',2,300,170),(591,12,'A','5','1','available',1,'2025-08-07 02:39:35','2025-08-07 02:39:35',2,75,200),(592,12,'A','5','2','available',1,'2025-08-07 02:39:35','2025-08-07 02:39:35',2,100,200),(593,12,'A','5','3','available',1,'2025-08-07 02:39:35','2025-08-07 02:39:35',2,125,200),(594,12,'A','5','4','available',1,'2025-08-07 02:39:35','2025-08-07 02:39:35',2,150,200),(595,12,'A','5','5','available',1,'2025-08-07 02:39:35','2025-08-07 02:39:35',2,175,200),(596,12,'A','5','6','available',1,'2025-08-07 02:39:35','2025-08-07 02:39:35',2,200,200),(597,12,'A','5','7','available',1,'2025-08-07 02:39:35','2025-08-07 02:39:35',2,225,200),(598,12,'A','5','8','available',1,'2025-08-07 02:39:35','2025-08-07 02:39:35',2,250,200),(599,12,'A','5','9','available',1,'2025-08-07 02:39:35','2025-08-07 02:39:35',2,275,200),(600,12,'A','5','10','available',1,'2025-08-07 02:39:35','2025-08-07 02:39:35',2,300,200),(601,13,'A','1','1','available',1,'2025-08-07 02:39:35','2025-08-07 02:39:35',1,75,80),(602,13,'A','1','2','available',1,'2025-08-07 02:39:35','2025-08-07 02:39:35',1,100,80),(603,13,'A','1','3','available',1,'2025-08-07 02:39:35','2025-08-07 02:39:35',1,125,80),(604,13,'A','1','4','available',1,'2025-08-07 02:39:35','2025-08-07 02:39:35',1,150,80),(605,13,'A','1','5','available',1,'2025-08-07 02:39:35','2025-08-07 02:39:35',1,175,80),(606,13,'A','1','6','available',1,'2025-08-07 02:39:35','2025-08-07 02:39:35',1,200,80),(607,13,'A','1','7','available',1,'2025-08-07 02:39:35','2025-08-07 02:39:35',1,225,80),(608,13,'A','1','8','available',1,'2025-08-07 02:39:35','2025-08-07 02:39:35',1,250,80),(609,13,'A','1','9','available',1,'2025-08-07 02:39:35','2025-08-07 02:39:35',1,275,80),(610,13,'A','1','10','available',1,'2025-08-07 02:39:35','2025-08-07 02:39:35',1,300,80),(611,13,'A','2','1','available',1,'2025-08-07 02:39:35','2025-08-07 02:39:35',1,75,110),(612,13,'A','2','2','available',1,'2025-08-07 02:39:35','2025-08-07 02:39:35',1,100,110),(613,13,'A','2','3','available',1,'2025-08-07 02:39:35','2025-08-07 02:39:35',1,125,110),(614,13,'A','2','4','available',1,'2025-08-07 02:39:35','2025-08-07 02:39:35',1,150,110),(615,13,'A','2','5','available',1,'2025-08-07 02:39:35','2025-08-07 02:39:35',1,175,110),(616,13,'A','2','6','available',1,'2025-08-07 02:39:35','2025-08-07 02:39:35',1,200,110),(617,13,'A','2','7','available',1,'2025-08-07 02:39:35','2025-08-07 02:39:35',1,225,110),(618,13,'A','2','8','available',1,'2025-08-07 02:39:35','2025-08-07 02:39:35',1,250,110),(619,13,'A','2','9','available',1,'2025-08-07 02:39:35','2025-08-07 02:39:35',1,275,110),(620,13,'A','2','10','available',1,'2025-08-07 02:39:35','2025-08-07 02:39:35',1,300,110),(621,13,'A','3','1','available',1,'2025-08-07 02:39:35','2025-08-07 02:39:35',2,75,140),(622,13,'A','3','2','available',1,'2025-08-07 02:39:35','2025-08-07 02:39:35',2,100,140),(623,13,'A','3','3','available',1,'2025-08-07 02:39:35','2025-08-07 02:39:35',2,125,140),(624,13,'A','3','4','available',1,'2025-08-07 02:39:35','2025-08-07 02:39:35',2,150,140),(625,13,'A','3','5','available',1,'2025-08-07 02:39:35','2025-08-07 02:39:35',2,175,140),(626,13,'A','3','6','available',1,'2025-08-07 02:39:35','2025-08-07 02:39:35',2,200,140),(627,13,'A','3','7','available',1,'2025-08-07 02:39:35','2025-08-07 02:39:35',2,225,140),(628,13,'A','3','8','available',1,'2025-08-07 02:39:35','2025-08-07 02:39:35',2,250,140),(629,13,'A','3','9','available',1,'2025-08-07 02:39:35','2025-08-07 02:39:35',2,275,140),(630,13,'A','3','10','available',1,'2025-08-07 02:39:35','2025-08-07 02:39:35',2,300,140),(631,13,'A','4','1','available',1,'2025-08-07 02:39:35','2025-08-07 02:39:35',2,75,170),(632,13,'A','4','2','available',1,'2025-08-07 02:39:35','2025-08-07 02:39:35',2,100,170),(633,13,'A','4','3','available',1,'2025-08-07 02:39:35','2025-08-07 02:39:35',2,125,170),(634,13,'A','4','4','available',1,'2025-08-07 02:39:35','2025-08-07 02:39:35',2,150,170),(635,13,'A','4','5','available',1,'2025-08-07 02:39:35','2025-08-07 02:39:35',2,175,170),(636,13,'A','4','6','available',1,'2025-08-07 02:39:35','2025-08-07 02:39:35',2,200,170),(637,13,'A','4','7','available',1,'2025-08-07 02:39:35','2025-08-07 02:39:35',2,225,170),(638,13,'A','4','8','available',1,'2025-08-07 02:39:35','2025-08-07 02:39:35',2,250,170),(639,13,'A','4','9','available',1,'2025-08-07 02:39:35','2025-08-07 02:39:35',2,275,170),(640,13,'A','4','10','available',1,'2025-08-07 02:39:35','2025-08-07 02:39:35',2,300,170),(641,13,'A','5','1','available',1,'2025-08-07 02:39:35','2025-08-07 02:39:35',2,75,200),(642,13,'A','5','2','available',1,'2025-08-07 02:39:35','2025-08-07 02:39:35',2,100,200),(643,13,'A','5','3','available',1,'2025-08-07 02:39:35','2025-08-07 02:39:35',2,125,200),(644,13,'A','5','4','available',1,'2025-08-07 02:39:35','2025-08-07 02:39:35',2,150,200),(645,13,'A','5','5','available',1,'2025-08-07 02:39:35','2025-08-07 02:39:35',2,175,200),(646,13,'A','5','6','available',1,'2025-08-07 02:39:35','2025-08-07 02:39:35',2,200,200),(647,13,'A','5','7','available',1,'2025-08-07 02:39:35','2025-08-07 02:39:35',2,225,200),(648,13,'A','5','8','available',1,'2025-08-07 02:39:35','2025-08-07 02:39:35',2,250,200),(649,13,'A','5','9','available',1,'2025-08-07 02:39:35','2025-08-07 02:39:35',2,275,200),(650,13,'A','5','10','available',1,'2025-08-07 02:39:35','2025-08-07 02:39:35',2,300,200),(651,14,'A','1','1','available',1,'2025-08-07 02:39:35','2025-08-07 02:39:35',1,75,80),(652,14,'A','1','2','available',1,'2025-08-07 02:39:35','2025-08-07 02:39:35',1,100,80),(653,14,'A','1','3','available',1,'2025-08-07 02:39:35','2025-08-07 02:39:35',1,125,80),(654,14,'A','1','4','available',1,'2025-08-07 02:39:35','2025-08-07 02:39:35',1,150,80),(655,14,'A','1','5','available',1,'2025-08-07 02:39:35','2025-08-07 02:39:35',1,175,80),(656,14,'A','1','6','available',1,'2025-08-07 02:39:35','2025-08-07 02:39:35',1,200,80),(657,14,'A','1','7','available',1,'2025-08-07 02:39:35','2025-08-07 02:39:35',1,225,80),(658,14,'A','1','8','available',1,'2025-08-07 02:39:35','2025-08-07 02:39:35',1,250,80),(659,14,'A','1','9','available',1,'2025-08-07 02:39:35','2025-08-07 02:39:35',1,275,80),(660,14,'A','1','10','available',1,'2025-08-07 02:39:35','2025-08-07 02:39:35',1,300,80),(661,14,'A','2','1','available',1,'2025-08-07 02:39:35','2025-08-07 02:39:35',1,75,110),(662,14,'A','2','2','available',1,'2025-08-07 02:39:35','2025-08-07 02:39:35',1,100,110),(663,14,'A','2','3','available',1,'2025-08-07 02:39:35','2025-08-07 02:39:35',1,125,110),(664,14,'A','2','4','available',1,'2025-08-07 02:39:35','2025-08-07 02:39:35',1,150,110),(665,14,'A','2','5','available',1,'2025-08-07 02:39:35','2025-08-07 02:39:35',1,175,110),(666,14,'A','2','6','available',1,'2025-08-07 02:39:35','2025-08-07 02:39:35',1,200,110),(667,14,'A','2','7','available',1,'2025-08-07 02:39:35','2025-08-07 02:39:35',1,225,110),(668,14,'A','2','8','available',1,'2025-08-07 02:39:35','2025-08-07 02:39:35',1,250,110),(669,14,'A','2','9','available',1,'2025-08-07 02:39:35','2025-08-07 02:39:35',1,275,110),(670,14,'A','2','10','available',1,'2025-08-07 02:39:35','2025-08-07 02:39:35',1,300,110),(671,14,'A','3','1','available',1,'2025-08-07 02:39:35','2025-08-07 02:39:35',2,75,140),(672,14,'A','3','2','available',1,'2025-08-07 02:39:35','2025-08-07 02:39:35',2,100,140),(673,14,'A','3','3','available',1,'2025-08-07 02:39:35','2025-08-07 02:39:35',2,125,140),(674,14,'A','3','4','available',1,'2025-08-07 02:39:35','2025-08-07 02:39:35',2,150,140),(675,14,'A','3','5','available',1,'2025-08-07 02:39:35','2025-08-07 02:39:35',2,175,140),(676,14,'A','3','6','available',1,'2025-08-07 02:39:35','2025-08-07 02:39:35',2,200,140),(677,14,'A','3','7','available',1,'2025-08-07 02:39:35','2025-08-07 02:39:35',2,225,140),(678,14,'A','3','8','available',1,'2025-08-07 02:39:35','2025-08-07 02:39:35',2,250,140),(679,14,'A','3','9','available',1,'2025-08-07 02:39:35','2025-08-07 02:39:35',2,275,140),(680,14,'A','3','10','available',1,'2025-08-07 02:39:35','2025-08-07 02:39:35',2,300,140),(681,14,'A','4','1','available',1,'2025-08-07 02:39:35','2025-08-07 02:39:35',2,75,170),(682,14,'A','4','2','available',1,'2025-08-07 02:39:35','2025-08-07 02:39:35',2,100,170),(683,14,'A','4','3','available',1,'2025-08-07 02:39:35','2025-08-07 02:39:35',2,125,170),(684,14,'A','4','4','available',1,'2025-08-07 02:39:35','2025-08-07 02:39:35',2,150,170),(685,14,'A','4','5','available',1,'2025-08-07 02:39:35','2025-08-07 02:39:35',2,175,170),(686,14,'A','4','6','available',1,'2025-08-07 02:39:35','2025-08-07 02:39:35',2,200,170),(687,14,'A','4','7','available',1,'2025-08-07 02:39:35','2025-08-07 02:39:35',2,225,170),(688,14,'A','4','8','available',1,'2025-08-07 02:39:35','2025-08-07 02:39:35',2,250,170),(689,14,'A','4','9','available',1,'2025-08-07 02:39:35','2025-08-07 02:39:35',2,275,170),(690,14,'A','4','10','available',1,'2025-08-07 02:39:35','2025-08-07 02:39:35',2,300,170),(691,14,'A','5','1','available',1,'2025-08-07 02:39:35','2025-08-07 02:39:35',2,75,200),(692,14,'A','5','2','available',1,'2025-08-07 02:39:35','2025-08-07 02:39:35',2,100,200),(693,14,'A','5','3','available',1,'2025-08-07 02:39:35','2025-08-07 02:39:35',2,125,200),(694,14,'A','5','4','available',1,'2025-08-07 02:39:35','2025-08-07 02:39:35',2,150,200),(695,14,'A','5','5','available',1,'2025-08-07 02:39:35','2025-08-07 02:39:35',2,175,200),(696,14,'A','5','6','available',1,'2025-08-07 02:39:35','2025-08-07 02:39:35',2,200,200),(697,14,'A','5','7','available',1,'2025-08-07 02:39:35','2025-08-07 02:39:35',2,225,200),(698,14,'A','5','8','available',1,'2025-08-07 02:39:35','2025-08-07 02:39:35',2,250,200),(699,14,'A','5','9','available',1,'2025-08-07 02:39:35','2025-08-07 02:39:35',2,275,200),(700,14,'A','5','10','available',1,'2025-08-07 02:39:35','2025-08-07 02:39:35',2,300,200),(701,15,'A','1','1','available',1,'2025-08-07 02:39:35','2025-08-07 02:39:35',1,75,80),(702,15,'A','1','2','available',1,'2025-08-07 02:39:35','2025-08-07 02:39:35',1,100,80),(703,15,'A','1','3','available',1,'2025-08-07 02:39:35','2025-08-07 02:39:35',1,125,80),(704,15,'A','1','4','available',1,'2025-08-07 02:39:35','2025-08-07 02:39:35',1,150,80),(705,15,'A','1','5','available',1,'2025-08-07 02:39:35','2025-08-07 02:39:35',1,175,80),(706,15,'A','1','6','available',1,'2025-08-07 02:39:35','2025-08-07 02:39:35',1,200,80),(707,15,'A','1','7','available',1,'2025-08-07 02:39:35','2025-08-07 02:39:35',1,225,80),(708,15,'A','1','8','available',1,'2025-08-07 02:39:35','2025-08-07 02:39:35',1,250,80),(709,15,'A','1','9','available',1,'2025-08-07 02:39:35','2025-08-07 02:39:35',1,275,80),(710,15,'A','1','10','available',1,'2025-08-07 02:39:35','2025-08-07 02:39:35',1,300,80),(711,15,'A','2','1','available',1,'2025-08-07 02:39:35','2025-08-07 02:39:35',1,75,110),(712,15,'A','2','2','available',1,'2025-08-07 02:39:35','2025-08-07 02:39:35',1,100,110),(713,15,'A','2','3','available',1,'2025-08-07 02:39:35','2025-08-07 02:39:35',1,125,110),(714,15,'A','2','4','available',1,'2025-08-07 02:39:35','2025-08-07 02:39:35',1,150,110),(715,15,'A','2','5','available',1,'2025-08-07 02:39:35','2025-08-07 02:39:35',1,175,110),(716,15,'A','2','6','available',1,'2025-08-07 02:39:35','2025-08-07 02:39:35',1,200,110),(717,15,'A','2','7','available',1,'2025-08-07 02:39:35','2025-08-07 02:39:35',1,225,110),(718,15,'A','2','8','available',1,'2025-08-07 02:39:35','2025-08-07 02:39:35',1,250,110),(719,15,'A','2','9','available',1,'2025-08-07 02:39:35','2025-08-07 02:39:35',1,275,110),(720,15,'A','2','10','available',1,'2025-08-07 02:39:35','2025-08-07 02:39:35',1,300,110),(721,15,'A','3','1','available',1,'2025-08-07 02:39:35','2025-08-07 02:39:35',2,75,140),(722,15,'A','3','2','available',1,'2025-08-07 02:39:35','2025-08-07 02:39:35',2,100,140),(723,15,'A','3','3','available',1,'2025-08-07 02:39:35','2025-08-07 02:39:35',2,125,140),(724,15,'A','3','4','available',1,'2025-08-07 02:39:35','2025-08-07 02:39:35',2,150,140),(725,15,'A','3','5','available',1,'2025-08-07 02:39:35','2025-08-07 02:39:35',2,175,140),(726,15,'A','3','6','available',1,'2025-08-07 02:39:35','2025-08-07 02:39:35',2,200,140),(727,15,'A','3','7','available',1,'2025-08-07 02:39:35','2025-08-07 02:39:35',2,225,140),(728,15,'A','3','8','available',1,'2025-08-07 02:39:36','2025-08-07 02:39:36',2,250,140),(729,15,'A','3','9','available',1,'2025-08-07 02:39:36','2025-08-07 02:39:36',2,275,140),(730,15,'A','3','10','available',1,'2025-08-07 02:39:36','2025-08-07 02:39:36',2,300,140),(731,15,'A','4','1','available',1,'2025-08-07 02:39:36','2025-08-07 02:39:36',2,75,170),(732,15,'A','4','2','available',1,'2025-08-07 02:39:36','2025-08-07 02:39:36',2,100,170),(733,15,'A','4','3','available',1,'2025-08-07 02:39:36','2025-08-07 02:39:36',2,125,170),(734,15,'A','4','4','available',1,'2025-08-07 02:39:36','2025-08-07 02:39:36',2,150,170),(735,15,'A','4','5','available',1,'2025-08-07 02:39:36','2025-08-07 02:39:36',2,175,170),(736,15,'A','4','6','available',1,'2025-08-07 02:39:36','2025-08-07 02:39:36',2,200,170),(737,15,'A','4','7','available',1,'2025-08-07 02:39:36','2025-08-07 02:39:36',2,225,170),(738,15,'A','4','8','available',1,'2025-08-07 02:39:36','2025-08-07 02:39:36',2,250,170),(739,15,'A','4','9','available',1,'2025-08-07 02:39:36','2025-08-07 02:39:36',2,275,170),(740,15,'A','4','10','available',1,'2025-08-07 02:39:36','2025-08-07 02:39:36',2,300,170),(741,15,'A','5','1','available',1,'2025-08-07 02:39:36','2025-08-07 02:39:36',2,75,200),(742,15,'A','5','2','available',1,'2025-08-07 02:39:36','2025-08-07 02:39:36',2,100,200),(743,15,'A','5','3','available',1,'2025-08-07 02:39:36','2025-08-07 02:39:36',2,125,200),(744,15,'A','5','4','available',1,'2025-08-07 02:39:36','2025-08-07 02:39:36',2,150,200),(745,15,'A','5','5','available',1,'2025-08-07 02:39:36','2025-08-07 02:39:36',2,175,200),(746,15,'A','5','6','available',1,'2025-08-07 02:39:36','2025-08-07 02:39:36',2,200,200),(747,15,'A','5','7','available',1,'2025-08-07 02:39:36','2025-08-07 02:39:36',2,225,200),(748,15,'A','5','8','available',1,'2025-08-07 02:39:36','2025-08-07 02:39:36',2,250,200),(749,15,'A','5','9','available',1,'2025-08-07 02:39:36','2025-08-07 02:39:36',2,275,200),(750,15,'A','5','10','available',1,'2025-08-07 02:39:36','2025-08-07 02:39:36',2,300,200),(751,16,'A','1','1','available',1,'2025-08-07 02:39:36','2025-08-07 02:39:36',1,75,80),(752,16,'A','1','2','available',1,'2025-08-07 02:39:36','2025-08-07 02:39:36',1,100,80),(753,16,'A','1','3','available',1,'2025-08-07 02:39:36','2025-08-07 02:39:36',1,125,80),(754,16,'A','1','4','available',1,'2025-08-07 02:39:36','2025-08-07 02:39:36',1,150,80),(755,16,'A','1','5','available',1,'2025-08-07 02:39:36','2025-08-07 02:39:36',1,175,80),(756,16,'A','1','6','available',1,'2025-08-07 02:39:36','2025-08-07 02:39:36',1,200,80),(757,16,'A','1','7','available',1,'2025-08-07 02:39:36','2025-08-07 02:39:36',1,225,80),(758,16,'A','1','8','available',1,'2025-08-07 02:39:36','2025-08-07 02:39:36',1,250,80),(759,16,'A','1','9','available',1,'2025-08-07 02:39:36','2025-08-07 02:39:36',1,275,80),(760,16,'A','1','10','available',1,'2025-08-07 02:39:36','2025-08-07 02:39:36',1,300,80),(761,16,'A','2','1','available',1,'2025-08-07 02:39:36','2025-08-07 02:39:36',1,75,110),(762,16,'A','2','2','available',1,'2025-08-07 02:39:36','2025-08-07 02:39:36',1,100,110),(763,16,'A','2','3','available',1,'2025-08-07 02:39:36','2025-08-07 02:39:36',1,125,110),(764,16,'A','2','4','available',1,'2025-08-07 02:39:36','2025-08-07 02:39:36',1,150,110),(765,16,'A','2','5','available',1,'2025-08-07 02:39:36','2025-08-07 02:39:36',1,175,110),(766,16,'A','2','6','available',1,'2025-08-07 02:39:36','2025-08-07 02:39:36',1,200,110),(767,16,'A','2','7','available',1,'2025-08-07 02:39:36','2025-08-07 02:39:36',1,225,110),(768,16,'A','2','8','available',1,'2025-08-07 02:39:36','2025-08-07 02:39:36',1,250,110),(769,16,'A','2','9','available',1,'2025-08-07 02:39:36','2025-08-07 02:39:36',1,275,110),(770,16,'A','2','10','available',1,'2025-08-07 02:39:36','2025-08-07 02:39:36',1,300,110),(771,16,'A','3','1','available',1,'2025-08-07 02:39:36','2025-08-07 02:39:36',2,75,140),(772,16,'A','3','2','available',1,'2025-08-07 02:39:36','2025-08-07 02:39:36',2,100,140),(773,16,'A','3','3','available',1,'2025-08-07 02:39:36','2025-08-07 02:39:36',2,125,140),(774,16,'A','3','4','available',1,'2025-08-07 02:39:36','2025-08-07 02:39:36',2,150,140),(775,16,'A','3','5','available',1,'2025-08-07 02:39:36','2025-08-07 02:39:36',2,175,140),(776,16,'A','3','6','available',1,'2025-08-07 02:39:36','2025-08-07 02:39:36',2,200,140),(777,16,'A','3','7','available',1,'2025-08-07 02:39:36','2025-08-07 02:39:36',2,225,140),(778,16,'A','3','8','available',1,'2025-08-07 02:39:36','2025-08-07 02:39:36',2,250,140),(779,16,'A','3','9','available',1,'2025-08-07 02:39:36','2025-08-07 02:39:36',2,275,140),(780,16,'A','3','10','available',1,'2025-08-07 02:39:36','2025-08-07 02:39:36',2,300,140),(781,16,'A','4','1','available',1,'2025-08-07 02:39:36','2025-08-07 02:39:36',2,75,170),(782,16,'A','4','2','available',1,'2025-08-07 02:39:36','2025-08-07 02:39:36',2,100,170),(783,16,'A','4','3','available',1,'2025-08-07 02:39:36','2025-08-07 02:39:36',2,125,170),(784,16,'A','4','4','available',1,'2025-08-07 02:39:36','2025-08-07 02:39:36',2,150,170),(785,16,'A','4','5','available',1,'2025-08-07 02:39:36','2025-08-07 02:39:36',2,175,170),(786,16,'A','4','6','available',1,'2025-08-07 02:39:36','2025-08-07 02:39:36',2,200,170),(787,16,'A','4','7','available',1,'2025-08-07 02:39:36','2025-08-07 02:39:36',2,225,170),(788,16,'A','4','8','available',1,'2025-08-07 02:39:36','2025-08-07 02:39:36',2,250,170),(789,16,'A','4','9','available',1,'2025-08-07 02:39:36','2025-08-07 02:39:36',2,275,170),(790,16,'A','4','10','available',1,'2025-08-07 02:39:36','2025-08-07 02:39:36',2,300,170),(791,16,'A','5','1','available',1,'2025-08-07 02:39:36','2025-08-07 02:39:36',2,75,200),(792,16,'A','5','2','available',1,'2025-08-07 02:39:36','2025-08-07 02:39:36',2,100,200),(793,16,'A','5','3','available',1,'2025-08-07 02:39:36','2025-08-07 02:39:36',2,125,200),(794,16,'A','5','4','available',1,'2025-08-07 02:39:36','2025-08-07 02:39:36',2,150,200),(795,16,'A','5','5','available',1,'2025-08-07 02:39:36','2025-08-07 02:39:36',2,175,200),(796,16,'A','5','6','available',1,'2025-08-07 02:39:36','2025-08-07 02:39:36',2,200,200),(797,16,'A','5','7','available',1,'2025-08-07 02:39:36','2025-08-07 02:39:36',2,225,200),(798,16,'A','5','8','available',1,'2025-08-07 02:39:36','2025-08-07 02:39:36',2,250,200),(799,16,'A','5','9','available',1,'2025-08-07 02:39:36','2025-08-07 02:39:36',2,275,200),(800,16,'A','5','10','available',1,'2025-08-07 02:39:36','2025-08-07 02:39:36',2,300,200),(801,17,'A','1','1','available',1,'2025-08-07 02:39:36','2025-08-07 02:39:36',1,75,80),(802,17,'A','1','2','available',1,'2025-08-07 02:39:36','2025-08-07 02:39:36',1,100,80),(803,17,'A','1','3','available',1,'2025-08-07 02:39:36','2025-08-07 02:39:36',1,125,80),(804,17,'A','1','4','available',1,'2025-08-07 02:39:36','2025-08-07 02:39:36',1,150,80),(805,17,'A','1','5','available',1,'2025-08-07 02:39:36','2025-08-07 02:39:36',1,175,80),(806,17,'A','1','6','available',1,'2025-08-07 02:39:36','2025-08-07 02:39:36',1,200,80),(807,17,'A','1','7','available',1,'2025-08-07 02:39:36','2025-08-07 02:39:36',1,225,80),(808,17,'A','1','8','available',1,'2025-08-07 02:39:36','2025-08-07 02:39:36',1,250,80),(809,17,'A','1','9','available',1,'2025-08-07 02:39:36','2025-08-07 02:39:36',1,275,80),(810,17,'A','1','10','available',1,'2025-08-07 02:39:36','2025-08-07 02:39:36',1,300,80),(811,17,'A','2','1','available',1,'2025-08-07 02:39:36','2025-08-07 02:39:36',1,75,110),(812,17,'A','2','2','available',1,'2025-08-07 02:39:36','2025-08-07 02:39:36',1,100,110),(813,17,'A','2','3','available',1,'2025-08-07 02:39:36','2025-08-07 02:39:36',1,125,110),(814,17,'A','2','4','available',1,'2025-08-07 02:39:36','2025-08-07 02:39:36',1,150,110),(815,17,'A','2','5','available',1,'2025-08-07 02:39:36','2025-08-07 02:39:36',1,175,110),(816,17,'A','2','6','available',1,'2025-08-07 02:39:36','2025-08-07 02:39:36',1,200,110),(817,17,'A','2','7','available',1,'2025-08-07 02:39:36','2025-08-07 02:39:36',1,225,110),(818,17,'A','2','8','available',1,'2025-08-07 02:39:36','2025-08-07 02:39:36',1,250,110),(819,17,'A','2','9','available',1,'2025-08-07 02:39:36','2025-08-07 02:39:36',1,275,110),(820,17,'A','2','10','available',1,'2025-08-07 02:39:36','2025-08-07 02:39:36',1,300,110),(821,17,'A','3','1','available',1,'2025-08-07 02:39:36','2025-08-07 02:39:36',2,75,140),(822,17,'A','3','2','available',1,'2025-08-07 02:39:36','2025-08-07 02:39:36',2,100,140),(823,17,'A','3','3','available',1,'2025-08-07 02:39:36','2025-08-07 02:39:36',2,125,140),(824,17,'A','3','4','available',1,'2025-08-07 02:39:36','2025-08-07 02:39:36',2,150,140),(825,17,'A','3','5','available',1,'2025-08-07 02:39:36','2025-08-07 02:39:36',2,175,140),(826,17,'A','3','6','available',1,'2025-08-07 02:39:36','2025-08-07 02:39:36',2,200,140),(827,17,'A','3','7','available',1,'2025-08-07 02:39:36','2025-08-07 02:39:36',2,225,140),(828,17,'A','3','8','available',1,'2025-08-07 02:39:36','2025-08-07 02:39:36',2,250,140),(829,17,'A','3','9','available',1,'2025-08-07 02:39:36','2025-08-07 02:39:36',2,275,140),(830,17,'A','3','10','available',1,'2025-08-07 02:39:36','2025-08-07 02:39:36',2,300,140),(831,17,'A','4','1','available',1,'2025-08-07 02:39:36','2025-08-07 02:39:36',2,75,170),(832,17,'A','4','2','available',1,'2025-08-07 02:39:36','2025-08-07 02:39:36',2,100,170),(833,17,'A','4','3','available',1,'2025-08-07 02:39:36','2025-08-07 02:39:36',2,125,170),(834,17,'A','4','4','available',1,'2025-08-07 02:39:36','2025-08-07 02:39:36',2,150,170),(835,17,'A','4','5','available',1,'2025-08-07 02:39:36','2025-08-07 02:39:36',2,175,170),(836,17,'A','4','6','available',1,'2025-08-07 02:39:36','2025-08-07 02:39:36',2,200,170),(837,17,'A','4','7','available',1,'2025-08-07 02:39:36','2025-08-07 02:39:36',2,225,170),(838,17,'A','4','8','available',1,'2025-08-07 02:39:36','2025-08-07 02:39:36',2,250,170),(839,17,'A','4','9','available',1,'2025-08-07 02:39:36','2025-08-07 02:39:36',2,275,170),(840,17,'A','4','10','available',1,'2025-08-07 02:39:36','2025-08-07 02:39:36',2,300,170),(841,17,'A','5','1','available',1,'2025-08-07 02:39:36','2025-08-07 02:39:36',2,75,200),(842,17,'A','5','2','available',1,'2025-08-07 02:39:36','2025-08-07 02:39:36',2,100,200),(843,17,'A','5','3','available',1,'2025-08-07 02:39:36','2025-08-07 02:39:36',2,125,200),(844,17,'A','5','4','available',1,'2025-08-07 02:39:36','2025-08-07 02:39:36',2,150,200),(845,17,'A','5','5','available',1,'2025-08-07 02:39:36','2025-08-07 02:39:36',2,175,200),(846,17,'A','5','6','available',1,'2025-08-07 02:39:36','2025-08-07 02:39:36',2,200,200),(847,17,'A','5','7','available',1,'2025-08-07 02:39:36','2025-08-07 02:39:36',2,225,200),(848,17,'A','5','8','available',1,'2025-08-07 02:39:36','2025-08-07 02:39:36',2,250,200),(849,17,'A','5','9','available',1,'2025-08-07 02:39:36','2025-08-07 02:39:36',2,275,200),(850,17,'A','5','10','available',1,'2025-08-07 02:39:36','2025-08-07 02:39:36',2,300,200),(851,18,'A','1','1','available',1,'2025-08-07 02:39:36','2025-08-07 02:39:36',1,75,80),(852,18,'A','1','2','available',1,'2025-08-07 02:39:36','2025-08-07 02:39:36',1,100,80),(853,18,'A','1','3','available',1,'2025-08-07 02:39:36','2025-08-07 02:39:36',1,125,80),(854,18,'A','1','4','available',1,'2025-08-07 02:39:36','2025-08-07 02:39:36',1,150,80),(855,18,'A','1','5','available',1,'2025-08-07 02:39:36','2025-08-07 02:39:36',1,175,80),(856,18,'A','1','6','available',1,'2025-08-07 02:39:36','2025-08-07 02:39:36',1,200,80),(857,18,'A','1','7','available',1,'2025-08-07 02:39:36','2025-08-07 02:39:36',1,225,80),(858,18,'A','1','8','available',1,'2025-08-07 02:39:36','2025-08-07 02:39:36',1,250,80),(859,18,'A','1','9','available',1,'2025-08-07 02:39:36','2025-08-07 02:39:36',1,275,80),(860,18,'A','1','10','available',1,'2025-08-07 02:39:36','2025-08-07 02:39:36',1,300,80),(861,18,'A','2','1','available',1,'2025-08-07 02:39:36','2025-08-07 02:39:36',1,75,110),(862,18,'A','2','2','available',1,'2025-08-07 02:39:36','2025-08-07 02:39:36',1,100,110),(863,18,'A','2','3','available',1,'2025-08-07 02:39:36','2025-08-07 02:39:36',1,125,110),(864,18,'A','2','4','available',1,'2025-08-07 02:39:36','2025-08-07 02:39:36',1,150,110),(865,18,'A','2','5','available',1,'2025-08-07 02:39:36','2025-08-07 02:39:36',1,175,110),(866,18,'A','2','6','available',1,'2025-08-07 02:39:36','2025-08-07 02:39:36',1,200,110),(867,18,'A','2','7','available',1,'2025-08-07 02:39:36','2025-08-07 02:39:36',1,225,110),(868,18,'A','2','8','available',1,'2025-08-07 02:39:36','2025-08-07 02:39:36',1,250,110),(869,18,'A','2','9','available',1,'2025-08-07 02:39:36','2025-08-07 02:39:36',1,275,110),(870,18,'A','2','10','available',1,'2025-08-07 02:39:36','2025-08-07 02:39:36',1,300,110),(871,18,'A','3','1','available',1,'2025-08-07 02:39:36','2025-08-07 02:39:36',2,75,140),(872,18,'A','3','2','available',1,'2025-08-07 02:39:36','2025-08-07 02:39:36',2,100,140),(873,18,'A','3','3','available',1,'2025-08-07 02:39:36','2025-08-07 02:39:36',2,125,140),(874,18,'A','3','4','available',1,'2025-08-07 02:39:36','2025-08-07 02:39:36',2,150,140),(875,18,'A','3','5','available',1,'2025-08-07 02:39:36','2025-08-07 02:39:36',2,175,140),(876,18,'A','3','6','available',1,'2025-08-07 02:39:36','2025-08-07 02:39:36',2,200,140),(877,18,'A','3','7','available',1,'2025-08-07 02:39:36','2025-08-07 02:39:36',2,225,140),(878,18,'A','3','8','available',1,'2025-08-07 02:39:36','2025-08-07 02:39:36',2,250,140),(879,18,'A','3','9','available',1,'2025-08-07 02:39:36','2025-08-07 02:39:36',2,275,140),(880,18,'A','3','10','available',1,'2025-08-07 02:39:36','2025-08-07 02:39:36',2,300,140),(881,18,'A','4','1','available',1,'2025-08-07 02:39:36','2025-08-07 02:39:36',2,75,170),(882,18,'A','4','2','available',1,'2025-08-07 02:39:36','2025-08-07 02:39:36',2,100,170),(883,18,'A','4','3','available',1,'2025-08-07 02:39:36','2025-08-07 02:39:36',2,125,170),(884,18,'A','4','4','available',1,'2025-08-07 02:39:36','2025-08-07 02:39:36',2,150,170),(885,18,'A','4','5','available',1,'2025-08-07 02:39:36','2025-08-07 02:39:36',2,175,170),(886,18,'A','4','6','available',1,'2025-08-07 02:39:37','2025-08-07 02:39:37',2,200,170),(887,18,'A','4','7','available',1,'2025-08-07 02:39:37','2025-08-07 02:39:37',2,225,170),(888,18,'A','4','8','available',1,'2025-08-07 02:39:37','2025-08-07 02:39:37',2,250,170),(889,18,'A','4','9','available',1,'2025-08-07 02:39:37','2025-08-07 02:39:37',2,275,170),(890,18,'A','4','10','available',1,'2025-08-07 02:39:37','2025-08-07 02:39:37',2,300,170),(891,18,'A','5','1','available',1,'2025-08-07 02:39:37','2025-08-07 02:39:37',2,75,200),(892,18,'A','5','2','available',1,'2025-08-07 02:39:37','2025-08-07 02:39:37',2,100,200),(893,18,'A','5','3','available',1,'2025-08-07 02:39:37','2025-08-07 02:39:37',2,125,200),(894,18,'A','5','4','available',1,'2025-08-07 02:39:37','2025-08-07 02:39:37',2,150,200),(895,18,'A','5','5','available',1,'2025-08-07 02:39:37','2025-08-07 02:39:37',2,175,200),(896,18,'A','5','6','available',1,'2025-08-07 02:39:37','2025-08-07 02:39:37',2,200,200),(897,18,'A','5','7','available',1,'2025-08-07 02:39:37','2025-08-07 02:39:37',2,225,200),(898,18,'A','5','8','available',1,'2025-08-07 02:39:37','2025-08-07 02:39:37',2,250,200),(899,18,'A','5','9','available',1,'2025-08-07 02:39:37','2025-08-07 02:39:37',2,275,200),(900,18,'A','5','10','available',1,'2025-08-07 02:39:37','2025-08-07 02:39:37',2,300,200),(901,19,'A','1','1','available',1,'2025-08-07 02:39:37','2025-08-07 02:39:37',1,75,80),(902,19,'A','1','2','available',1,'2025-08-07 02:39:37','2025-08-07 02:39:37',1,100,80),(903,19,'A','1','3','available',1,'2025-08-07 02:39:37','2025-08-07 02:39:37',1,125,80),(904,19,'A','1','4','available',1,'2025-08-07 02:39:37','2025-08-07 02:39:37',1,150,80),(905,19,'A','1','5','available',1,'2025-08-07 02:39:37','2025-08-07 02:39:37',1,175,80),(906,19,'A','1','6','available',1,'2025-08-07 02:39:37','2025-08-07 02:39:37',1,200,80),(907,19,'A','1','7','available',1,'2025-08-07 02:39:37','2025-08-07 02:39:37',1,225,80),(908,19,'A','1','8','available',1,'2025-08-07 02:39:37','2025-08-07 02:39:37',1,250,80),(909,19,'A','1','9','available',1,'2025-08-07 02:39:37','2025-08-07 02:39:37',1,275,80),(910,19,'A','1','10','available',1,'2025-08-07 02:39:37','2025-08-07 02:39:37',1,300,80),(911,19,'A','2','1','available',1,'2025-08-07 02:39:37','2025-08-07 02:39:37',1,75,110),(912,19,'A','2','2','available',1,'2025-08-07 02:39:37','2025-08-07 02:39:37',1,100,110),(913,19,'A','2','3','available',1,'2025-08-07 02:39:37','2025-08-07 02:39:37',1,125,110),(914,19,'A','2','4','available',1,'2025-08-07 02:39:37','2025-08-07 02:39:37',1,150,110),(915,19,'A','2','5','available',1,'2025-08-07 02:39:37','2025-08-07 02:39:37',1,175,110),(916,19,'A','2','6','available',1,'2025-08-07 02:39:37','2025-08-07 02:39:37',1,200,110),(917,19,'A','2','7','available',1,'2025-08-07 02:39:37','2025-08-07 02:39:37',1,225,110),(918,19,'A','2','8','available',1,'2025-08-07 02:39:37','2025-08-07 02:39:37',1,250,110),(919,19,'A','2','9','available',1,'2025-08-07 02:39:37','2025-08-07 02:39:37',1,275,110),(920,19,'A','2','10','available',1,'2025-08-07 02:39:37','2025-08-07 02:39:37',1,300,110),(921,19,'A','3','1','available',1,'2025-08-07 02:39:37','2025-08-07 02:39:37',2,75,140),(922,19,'A','3','2','available',1,'2025-08-07 02:39:37','2025-08-07 02:39:37',2,100,140),(923,19,'A','3','3','available',1,'2025-08-07 02:39:37','2025-08-07 02:39:37',2,125,140),(924,19,'A','3','4','available',1,'2025-08-07 02:39:37','2025-08-07 02:39:37',2,150,140),(925,19,'A','3','5','available',1,'2025-08-07 02:39:37','2025-08-07 02:39:37',2,175,140),(926,19,'A','3','6','available',1,'2025-08-07 02:39:37','2025-08-07 02:39:37',2,200,140),(927,19,'A','3','7','available',1,'2025-08-07 02:39:37','2025-08-07 02:39:37',2,225,140),(928,19,'A','3','8','available',1,'2025-08-07 02:39:37','2025-08-07 02:39:37',2,250,140),(929,19,'A','3','9','available',1,'2025-08-07 02:39:37','2025-08-07 02:39:37',2,275,140),(930,19,'A','3','10','available',1,'2025-08-07 02:39:37','2025-08-07 02:39:37',2,300,140),(931,19,'A','4','1','available',1,'2025-08-07 02:39:37','2025-08-07 02:39:37',2,75,170),(932,19,'A','4','2','available',1,'2025-08-07 02:39:37','2025-08-07 02:39:37',2,100,170),(933,19,'A','4','3','available',1,'2025-08-07 02:39:37','2025-08-07 02:39:37',2,125,170),(934,19,'A','4','4','available',1,'2025-08-07 02:39:37','2025-08-07 02:39:37',2,150,170),(935,19,'A','4','5','available',1,'2025-08-07 02:39:37','2025-08-07 02:39:37',2,175,170),(936,19,'A','4','6','available',1,'2025-08-07 02:39:37','2025-08-07 02:39:37',2,200,170),(937,19,'A','4','7','available',1,'2025-08-07 02:39:37','2025-08-07 02:39:37',2,225,170),(938,19,'A','4','8','available',1,'2025-08-07 02:39:37','2025-08-07 02:39:37',2,250,170),(939,19,'A','4','9','available',1,'2025-08-07 02:39:37','2025-08-07 02:39:37',2,275,170),(940,19,'A','4','10','available',1,'2025-08-07 02:39:37','2025-08-07 02:39:37',2,300,170),(941,19,'A','5','1','available',1,'2025-08-07 02:39:37','2025-08-07 02:39:37',2,75,200),(942,19,'A','5','2','available',1,'2025-08-07 02:39:37','2025-08-07 02:39:37',2,100,200),(943,19,'A','5','3','available',1,'2025-08-07 02:39:37','2025-08-07 02:39:37',2,125,200),(944,19,'A','5','4','available',1,'2025-08-07 02:39:37','2025-08-07 02:39:37',2,150,200),(945,19,'A','5','5','available',1,'2025-08-07 02:39:37','2025-08-07 02:39:37',2,175,200),(946,19,'A','5','6','available',1,'2025-08-07 02:39:37','2025-08-07 02:39:37',2,200,200),(947,19,'A','5','7','available',1,'2025-08-07 02:39:37','2025-08-07 02:39:37',2,225,200),(948,19,'A','5','8','available',1,'2025-08-07 02:39:37','2025-08-07 02:39:37',2,250,200),(949,19,'A','5','9','available',1,'2025-08-07 02:39:37','2025-08-07 02:39:37',2,275,200),(950,19,'A','5','10','available',1,'2025-08-07 02:39:37','2025-08-07 02:39:37',2,300,200),(951,20,'A','1','1','available',1,'2025-08-07 02:39:37','2025-08-07 02:39:37',1,75,80),(952,20,'A','1','2','available',1,'2025-08-07 02:39:37','2025-08-07 02:39:37',1,100,80),(953,20,'A','1','3','available',1,'2025-08-07 02:39:37','2025-08-07 02:39:37',1,125,80),(954,20,'A','1','4','available',1,'2025-08-07 02:39:37','2025-08-07 02:39:37',1,150,80),(955,20,'A','1','5','available',1,'2025-08-07 02:39:37','2025-08-07 02:39:37',1,175,80),(956,20,'A','1','6','available',1,'2025-08-07 02:39:37','2025-08-07 02:39:37',1,200,80),(957,20,'A','1','7','available',1,'2025-08-07 02:39:37','2025-08-07 02:39:37',1,225,80),(958,20,'A','1','8','available',1,'2025-08-07 02:39:37','2025-08-07 02:39:37',1,250,80),(959,20,'A','1','9','available',1,'2025-08-07 02:39:37','2025-08-07 02:39:37',1,275,80),(960,20,'A','1','10','available',1,'2025-08-07 02:39:37','2025-08-07 02:39:37',1,300,80),(961,20,'A','2','1','available',1,'2025-08-07 02:39:37','2025-08-07 02:39:37',1,75,110),(962,20,'A','2','2','available',1,'2025-08-07 02:39:37','2025-08-07 02:39:37',1,100,110),(963,20,'A','2','3','available',1,'2025-08-07 02:39:37','2025-08-07 02:39:37',1,125,110),(964,20,'A','2','4','available',1,'2025-08-07 02:39:37','2025-08-07 02:39:37',1,150,110),(965,20,'A','2','5','available',1,'2025-08-07 02:39:37','2025-08-07 02:39:37',1,175,110),(966,20,'A','2','6','available',1,'2025-08-07 02:39:37','2025-08-07 02:39:37',1,200,110),(967,20,'A','2','7','available',1,'2025-08-07 02:39:37','2025-08-07 02:39:37',1,225,110),(968,20,'A','2','8','available',1,'2025-08-07 02:39:37','2025-08-07 02:39:37',1,250,110),(969,20,'A','2','9','available',1,'2025-08-07 02:39:37','2025-08-07 02:39:37',1,275,110),(970,20,'A','2','10','available',1,'2025-08-07 02:39:37','2025-08-07 02:39:37',1,300,110),(971,20,'A','3','1','available',1,'2025-08-07 02:39:37','2025-08-07 02:39:37',2,75,140),(972,20,'A','3','2','available',1,'2025-08-07 02:39:37','2025-08-07 02:39:37',2,100,140),(973,20,'A','3','3','available',1,'2025-08-07 02:39:37','2025-08-07 02:39:37',2,125,140),(974,20,'A','3','4','available',1,'2025-08-07 02:39:37','2025-08-07 02:39:37',2,150,140),(975,20,'A','3','5','available',1,'2025-08-07 02:39:37','2025-08-07 02:39:37',2,175,140),(976,20,'A','3','6','available',1,'2025-08-07 02:39:37','2025-08-07 02:39:37',2,200,140),(977,20,'A','3','7','available',1,'2025-08-07 02:39:37','2025-08-07 02:39:37',2,225,140),(978,20,'A','3','8','available',1,'2025-08-07 02:39:37','2025-08-07 02:39:37',2,250,140),(979,20,'A','3','9','available',1,'2025-08-07 02:39:37','2025-08-07 02:39:37',2,275,140),(980,20,'A','3','10','available',1,'2025-08-07 02:39:37','2025-08-07 02:39:37',2,300,140),(981,20,'A','4','1','available',1,'2025-08-07 02:39:37','2025-08-07 02:39:37',2,75,170),(982,20,'A','4','2','available',1,'2025-08-07 02:39:37','2025-08-07 02:39:37',2,100,170),(983,20,'A','4','3','available',1,'2025-08-07 02:39:37','2025-08-07 02:39:37',2,125,170),(984,20,'A','4','4','available',1,'2025-08-07 02:39:37','2025-08-07 02:39:37',2,150,170),(985,20,'A','4','5','available',1,'2025-08-07 02:39:37','2025-08-07 02:39:37',2,175,170),(986,20,'A','4','6','available',1,'2025-08-07 02:39:37','2025-08-07 02:39:37',2,200,170),(987,20,'A','4','7','available',1,'2025-08-07 02:39:37','2025-08-07 02:39:37',2,225,170),(988,20,'A','4','8','available',1,'2025-08-07 02:39:37','2025-08-07 02:39:37',2,250,170),(989,20,'A','4','9','available',1,'2025-08-07 02:39:37','2025-08-07 02:39:37',2,275,170),(990,20,'A','4','10','available',1,'2025-08-07 02:39:37','2025-08-07 02:39:37',2,300,170),(991,20,'A','5','1','available',1,'2025-08-07 02:39:37','2025-08-07 02:39:37',2,75,200),(992,20,'A','5','2','available',1,'2025-08-07 02:39:37','2025-08-07 02:39:37',2,100,200),(993,20,'A','5','3','available',1,'2025-08-07 02:39:37','2025-08-07 02:39:37',2,125,200),(994,20,'A','5','4','available',1,'2025-08-07 02:39:37','2025-08-07 02:39:37',2,150,200),(995,20,'A','5','5','available',1,'2025-08-07 02:39:37','2025-08-07 02:39:37',2,175,200),(996,20,'A','5','6','available',1,'2025-08-07 02:39:37','2025-08-07 02:39:37',2,200,200),(997,20,'A','5','7','available',1,'2025-08-07 02:39:37','2025-08-07 02:39:37',2,225,200),(998,20,'A','5','8','available',1,'2025-08-07 02:39:37','2025-08-07 02:39:37',2,250,200),(999,20,'A','5','9','available',1,'2025-08-07 02:39:37','2025-08-07 02:39:37',2,275,200),(1000,20,'A','5','10','available',1,'2025-08-07 02:39:37','2025-08-07 02:39:37',2,300,200),(1001,21,'A','1','1','available',1,'2025-08-07 02:39:37','2025-08-07 02:39:37',1,75,80),(1002,21,'A','1','2','available',1,'2025-08-07 02:39:37','2025-08-07 02:39:37',1,100,80),(1003,21,'A','1','3','available',1,'2025-08-07 02:39:37','2025-08-07 02:39:37',1,125,80),(1004,21,'A','1','4','available',1,'2025-08-07 02:39:37','2025-08-07 02:39:37',1,150,80),(1005,21,'A','1','5','available',1,'2025-08-07 02:39:37','2025-08-07 02:39:37',1,175,80),(1006,21,'A','1','6','available',1,'2025-08-07 02:39:37','2025-08-07 02:39:37',1,200,80),(1007,21,'A','1','7','available',1,'2025-08-07 02:39:37','2025-08-07 02:39:37',1,225,80),(1008,21,'A','1','8','available',1,'2025-08-07 02:39:37','2025-08-07 02:39:37',1,250,80),(1009,21,'A','1','9','available',1,'2025-08-07 02:39:37','2025-08-07 02:39:37',1,275,80),(1010,21,'A','1','10','available',1,'2025-08-07 02:39:37','2025-08-07 02:39:37',1,300,80),(1011,21,'A','2','1','available',1,'2025-08-07 02:39:37','2025-08-07 02:39:37',1,75,110),(1012,21,'A','2','2','available',1,'2025-08-07 02:39:37','2025-08-07 02:39:37',1,100,110),(1013,21,'A','2','3','available',1,'2025-08-07 02:39:37','2025-08-07 02:39:37',1,125,110),(1014,21,'A','2','4','available',1,'2025-08-07 02:39:37','2025-08-07 02:39:37',1,150,110),(1015,21,'A','2','5','available',1,'2025-08-07 02:39:37','2025-08-07 02:39:37',1,175,110),(1016,21,'A','2','6','available',1,'2025-08-07 02:39:37','2025-08-07 02:39:37',1,200,110),(1017,21,'A','2','7','available',1,'2025-08-07 02:39:37','2025-08-07 02:39:37',1,225,110),(1018,21,'A','2','8','available',1,'2025-08-07 02:39:37','2025-08-07 02:39:37',1,250,110),(1019,21,'A','2','9','available',1,'2025-08-07 02:39:37','2025-08-07 02:39:37',1,275,110),(1020,21,'A','2','10','available',1,'2025-08-07 02:39:37','2025-08-07 02:39:37',1,300,110),(1021,21,'A','3','1','available',1,'2025-08-07 02:39:37','2025-08-07 02:39:37',2,75,140),(1022,21,'A','3','2','available',1,'2025-08-07 02:39:37','2025-08-07 02:39:37',2,100,140),(1023,21,'A','3','3','available',1,'2025-08-07 02:39:37','2025-08-07 02:39:37',2,125,140),(1024,21,'A','3','4','available',1,'2025-08-07 02:39:37','2025-08-07 02:39:37',2,150,140),(1025,21,'A','3','5','available',1,'2025-08-07 02:39:37','2025-08-07 02:39:37',2,175,140),(1026,21,'A','3','6','available',1,'2025-08-07 02:39:37','2025-08-07 02:39:37',2,200,140),(1027,21,'A','3','7','available',1,'2025-08-07 02:39:37','2025-08-07 02:39:37',2,225,140),(1028,21,'A','3','8','available',1,'2025-08-07 02:39:37','2025-08-07 02:39:37',2,250,140),(1029,21,'A','3','9','available',1,'2025-08-07 02:39:37','2025-08-07 02:39:37',2,275,140),(1030,21,'A','3','10','available',1,'2025-08-07 02:39:37','2025-08-07 02:39:37',2,300,140),(1031,21,'A','4','1','available',1,'2025-08-07 02:39:37','2025-08-07 02:39:37',2,75,170),(1032,21,'A','4','2','available',1,'2025-08-07 02:39:37','2025-08-07 02:39:37',2,100,170),(1033,21,'A','4','3','available',1,'2025-08-07 02:39:37','2025-08-07 02:39:37',2,125,170),(1034,21,'A','4','4','available',1,'2025-08-07 02:39:37','2025-08-07 02:39:37',2,150,170),(1035,21,'A','4','5','available',1,'2025-08-07 02:39:37','2025-08-07 02:39:37',2,175,170),(1036,21,'A','4','6','available',1,'2025-08-07 02:39:37','2025-08-07 02:39:37',2,200,170),(1037,21,'A','4','7','available',1,'2025-08-07 02:39:37','2025-08-07 02:39:37',2,225,170),(1038,21,'A','4','8','available',1,'2025-08-07 02:39:37','2025-08-07 02:39:37',2,250,170),(1039,21,'A','4','9','available',1,'2025-08-07 02:39:37','2025-08-07 02:39:37',2,275,170),(1040,21,'A','4','10','available',1,'2025-08-07 02:39:37','2025-08-07 02:39:37',2,300,170),(1041,21,'A','5','1','available',1,'2025-08-07 02:39:37','2025-08-07 02:39:37',2,75,200),(1042,21,'A','5','2','available',1,'2025-08-07 02:39:37','2025-08-07 02:39:37',2,100,200),(1043,21,'A','5','3','available',1,'2025-08-07 02:39:37','2025-08-07 02:39:37',2,125,200),(1044,21,'A','5','4','available',1,'2025-08-07 02:39:37','2025-08-07 02:39:37',2,150,200),(1045,21,'A','5','5','available',1,'2025-08-07 02:39:37','2025-08-07 02:39:37',2,175,200),(1046,21,'A','5','6','available',1,'2025-08-07 02:39:37','2025-08-07 02:39:37',2,200,200),(1047,21,'A','5','7','available',1,'2025-08-07 02:39:37','2025-08-07 02:39:37',2,225,200),(1048,21,'A','5','8','available',1,'2025-08-07 02:39:37','2025-08-07 02:39:37',2,250,200),(1049,21,'A','5','9','available',1,'2025-08-07 02:39:37','2025-08-07 02:39:37',2,275,200),(1050,21,'A','5','10','available',1,'2025-08-07 02:39:37','2025-08-07 02:39:37',2,300,200),(1051,22,'A','1','1','available',1,'2025-08-07 02:39:37','2025-08-07 02:39:37',1,75,80),(1052,22,'A','1','2','available',1,'2025-08-07 02:39:37','2025-08-07 02:39:37',1,100,80),(1053,22,'A','1','3','available',1,'2025-08-07 02:39:37','2025-08-07 02:39:37',1,125,80),(1054,22,'A','1','4','available',1,'2025-08-07 02:39:37','2025-08-07 02:39:37',1,150,80),(1055,22,'A','1','5','available',1,'2025-08-07 02:39:37','2025-08-07 02:39:37',1,175,80),(1056,22,'A','1','6','available',1,'2025-08-07 02:39:37','2025-08-07 02:39:37',1,200,80),(1057,22,'A','1','7','available',1,'2025-08-07 02:39:37','2025-08-07 02:39:37',1,225,80),(1058,22,'A','1','8','available',1,'2025-08-07 02:39:37','2025-08-07 02:39:37',1,250,80),(1059,22,'A','1','9','available',1,'2025-08-07 02:39:37','2025-08-07 02:39:37',1,275,80),(1060,22,'A','1','10','available',1,'2025-08-07 02:39:37','2025-08-07 02:39:37',1,300,80),(1061,22,'A','2','1','available',1,'2025-08-07 02:39:37','2025-08-07 02:39:37',1,75,110),(1062,22,'A','2','2','available',1,'2025-08-07 02:39:37','2025-08-07 02:39:37',1,100,110),(1063,22,'A','2','3','available',1,'2025-08-07 02:39:37','2025-08-07 02:39:37',1,125,110),(1064,22,'A','2','4','available',1,'2025-08-07 02:39:38','2025-08-07 02:39:38',1,150,110),(1065,22,'A','2','5','available',1,'2025-08-07 02:39:38','2025-08-07 02:39:38',1,175,110),(1066,22,'A','2','6','available',1,'2025-08-07 02:39:38','2025-08-07 02:39:38',1,200,110),(1067,22,'A','2','7','available',1,'2025-08-07 02:39:38','2025-08-07 02:39:38',1,225,110),(1068,22,'A','2','8','available',1,'2025-08-07 02:39:38','2025-08-07 02:39:38',1,250,110),(1069,22,'A','2','9','available',1,'2025-08-07 02:39:38','2025-08-07 02:39:38',1,275,110),(1070,22,'A','2','10','available',1,'2025-08-07 02:39:38','2025-08-07 02:39:38',1,300,110),(1071,22,'A','3','1','available',1,'2025-08-07 02:39:38','2025-08-07 02:39:38',2,75,140),(1072,22,'A','3','2','available',1,'2025-08-07 02:39:38','2025-08-07 02:39:38',2,100,140),(1073,22,'A','3','3','available',1,'2025-08-07 02:39:38','2025-08-07 02:39:38',2,125,140),(1074,22,'A','3','4','available',1,'2025-08-07 02:39:38','2025-08-07 02:39:38',2,150,140),(1075,22,'A','3','5','available',1,'2025-08-07 02:39:38','2025-08-07 02:39:38',2,175,140),(1076,22,'A','3','6','available',1,'2025-08-07 02:39:38','2025-08-07 02:39:38',2,200,140),(1077,22,'A','3','7','available',1,'2025-08-07 02:39:38','2025-08-07 02:39:38',2,225,140),(1078,22,'A','3','8','available',1,'2025-08-07 02:39:38','2025-08-07 02:39:38',2,250,140),(1079,22,'A','3','9','available',1,'2025-08-07 02:39:38','2025-08-07 02:39:38',2,275,140),(1080,22,'A','3','10','available',1,'2025-08-07 02:39:38','2025-08-07 02:39:38',2,300,140),(1081,22,'A','4','1','available',1,'2025-08-07 02:39:38','2025-08-07 02:39:38',2,75,170),(1082,22,'A','4','2','available',1,'2025-08-07 02:39:38','2025-08-07 02:39:38',2,100,170),(1083,22,'A','4','3','available',1,'2025-08-07 02:39:38','2025-08-07 02:39:38',2,125,170),(1084,22,'A','4','4','available',1,'2025-08-07 02:39:38','2025-08-07 02:39:38',2,150,170),(1085,22,'A','4','5','available',1,'2025-08-07 02:39:38','2025-08-07 02:39:38',2,175,170),(1086,22,'A','4','6','available',1,'2025-08-07 02:39:38','2025-08-07 02:39:38',2,200,170),(1087,22,'A','4','7','available',1,'2025-08-07 02:39:38','2025-08-07 02:39:38',2,225,170),(1088,22,'A','4','8','available',1,'2025-08-07 02:39:38','2025-08-07 02:39:38',2,250,170),(1089,22,'A','4','9','available',1,'2025-08-07 02:39:38','2025-08-07 02:39:38',2,275,170),(1090,22,'A','4','10','available',1,'2025-08-07 02:39:38','2025-08-07 02:39:38',2,300,170),(1091,22,'A','5','1','available',1,'2025-08-07 02:39:38','2025-08-07 02:39:38',2,75,200),(1092,22,'A','5','2','available',1,'2025-08-07 02:39:38','2025-08-07 02:39:38',2,100,200),(1093,22,'A','5','3','available',1,'2025-08-07 02:39:38','2025-08-07 02:39:38',2,125,200),(1094,22,'A','5','4','available',1,'2025-08-07 02:39:38','2025-08-07 02:39:38',2,150,200),(1095,22,'A','5','5','available',1,'2025-08-07 02:39:38','2025-08-07 02:39:38',2,175,200),(1096,22,'A','5','6','available',1,'2025-08-07 02:39:38','2025-08-07 02:39:38',2,200,200),(1097,22,'A','5','7','available',1,'2025-08-07 02:39:38','2025-08-07 02:39:38',2,225,200),(1098,22,'A','5','8','available',1,'2025-08-07 02:39:38','2025-08-07 02:39:38',2,250,200),(1099,22,'A','5','9','available',1,'2025-08-07 02:39:38','2025-08-07 02:39:38',2,275,200),(1100,22,'A','5','10','available',1,'2025-08-07 02:39:38','2025-08-07 02:39:38',2,300,200),(1101,23,'A','1','1','available',1,'2025-08-07 02:39:38','2025-08-07 02:39:38',1,75,80),(1102,23,'A','1','2','available',1,'2025-08-07 02:39:38','2025-08-07 02:39:38',1,100,80),(1103,23,'A','1','3','available',1,'2025-08-07 02:39:38','2025-08-07 02:39:38',1,125,80),(1104,23,'A','1','4','available',1,'2025-08-07 02:39:38','2025-08-07 02:39:38',1,150,80),(1105,23,'A','1','5','available',1,'2025-08-07 02:39:38','2025-08-07 02:39:38',1,175,80),(1106,23,'A','1','6','available',1,'2025-08-07 02:39:38','2025-08-07 02:39:38',1,200,80),(1107,23,'A','1','7','available',1,'2025-08-07 02:39:38','2025-08-07 02:39:38',1,225,80),(1108,23,'A','1','8','available',1,'2025-08-07 02:39:38','2025-08-07 02:39:38',1,250,80),(1109,23,'A','1','9','available',1,'2025-08-07 02:39:38','2025-08-07 02:39:38',1,275,80),(1110,23,'A','1','10','available',1,'2025-08-07 02:39:38','2025-08-07 02:39:38',1,300,80),(1111,23,'A','2','1','available',1,'2025-08-07 02:39:38','2025-08-07 02:39:38',1,75,110),(1112,23,'A','2','2','available',1,'2025-08-07 02:39:38','2025-08-07 02:39:38',1,100,110),(1113,23,'A','2','3','available',1,'2025-08-07 02:39:38','2025-08-07 02:39:38',1,125,110),(1114,23,'A','2','4','available',1,'2025-08-07 02:39:38','2025-08-07 02:39:38',1,150,110),(1115,23,'A','2','5','available',1,'2025-08-07 02:39:38','2025-08-07 02:39:38',1,175,110),(1116,23,'A','2','6','available',1,'2025-08-07 02:39:38','2025-08-07 02:39:38',1,200,110),(1117,23,'A','2','7','available',1,'2025-08-07 02:39:38','2025-08-07 02:39:38',1,225,110),(1118,23,'A','2','8','available',1,'2025-08-07 02:39:38','2025-08-07 02:39:38',1,250,110),(1119,23,'A','2','9','available',1,'2025-08-07 02:39:38','2025-08-07 02:39:38',1,275,110),(1120,23,'A','2','10','available',1,'2025-08-07 02:39:38','2025-08-07 02:39:38',1,300,110),(1121,23,'A','3','1','available',1,'2025-08-07 02:39:38','2025-08-07 02:39:38',2,75,140),(1122,23,'A','3','2','available',1,'2025-08-07 02:39:38','2025-08-07 02:39:38',2,100,140),(1123,23,'A','3','3','available',1,'2025-08-07 02:39:38','2025-08-07 02:39:38',2,125,140),(1124,23,'A','3','4','available',1,'2025-08-07 02:39:38','2025-08-07 02:39:38',2,150,140),(1125,23,'A','3','5','available',1,'2025-08-07 02:39:38','2025-08-07 02:39:38',2,175,140),(1126,23,'A','3','6','available',1,'2025-08-07 02:39:38','2025-08-07 02:39:38',2,200,140),(1127,23,'A','3','7','available',1,'2025-08-07 02:39:38','2025-08-07 02:39:38',2,225,140),(1128,23,'A','3','8','available',1,'2025-08-07 02:39:38','2025-08-07 02:39:38',2,250,140),(1129,23,'A','3','9','available',1,'2025-08-07 02:39:38','2025-08-07 02:39:38',2,275,140),(1130,23,'A','3','10','available',1,'2025-08-07 02:39:38','2025-08-07 02:39:38',2,300,140),(1131,23,'A','4','1','available',1,'2025-08-07 02:39:38','2025-08-07 02:39:38',2,75,170),(1132,23,'A','4','2','available',1,'2025-08-07 02:39:38','2025-08-07 02:39:38',2,100,170),(1133,23,'A','4','3','available',1,'2025-08-07 02:39:38','2025-08-07 02:39:38',2,125,170),(1134,23,'A','4','4','available',1,'2025-08-07 02:39:38','2025-08-07 02:39:38',2,150,170),(1135,23,'A','4','5','available',1,'2025-08-07 02:39:38','2025-08-07 02:39:38',2,175,170),(1136,23,'A','4','6','available',1,'2025-08-07 02:39:38','2025-08-07 02:39:38',2,200,170),(1137,23,'A','4','7','available',1,'2025-08-07 02:39:38','2025-08-07 02:39:38',2,225,170),(1138,23,'A','4','8','available',1,'2025-08-07 02:39:38','2025-08-07 02:39:38',2,250,170),(1139,23,'A','4','9','available',1,'2025-08-07 02:39:38','2025-08-07 02:39:38',2,275,170),(1140,23,'A','4','10','available',1,'2025-08-07 02:39:38','2025-08-07 02:39:38',2,300,170),(1141,23,'A','5','1','available',1,'2025-08-07 02:39:38','2025-08-07 02:39:38',2,75,200),(1142,23,'A','5','2','available',1,'2025-08-07 02:39:38','2025-08-07 02:39:38',2,100,200),(1143,23,'A','5','3','available',1,'2025-08-07 02:39:38','2025-08-07 02:39:38',2,125,200),(1144,23,'A','5','4','available',1,'2025-08-07 02:39:38','2025-08-07 02:39:38',2,150,200),(1145,23,'A','5','5','available',1,'2025-08-07 02:39:38','2025-08-07 02:39:38',2,175,200),(1146,23,'A','5','6','available',1,'2025-08-07 02:39:38','2025-08-07 02:39:38',2,200,200),(1147,23,'A','5','7','available',1,'2025-08-07 02:39:38','2025-08-07 02:39:38',2,225,200),(1148,23,'A','5','8','available',1,'2025-08-07 02:39:38','2025-08-07 02:39:38',2,250,200),(1149,23,'A','5','9','available',1,'2025-08-07 02:39:38','2025-08-07 02:39:38',2,275,200),(1150,23,'A','5','10','available',1,'2025-08-07 02:39:38','2025-08-07 02:39:38',2,300,200),(1151,24,'A','1','1','available',1,'2025-08-07 02:39:38','2025-08-07 02:39:38',1,75,80),(1152,24,'A','1','2','available',1,'2025-08-07 02:39:38','2025-08-07 02:39:38',1,100,80),(1153,24,'A','1','3','available',1,'2025-08-07 02:39:38','2025-08-07 02:39:38',1,125,80),(1154,24,'A','1','4','available',1,'2025-08-07 02:39:38','2025-08-07 02:39:38',1,150,80),(1155,24,'A','1','5','available',1,'2025-08-07 02:39:38','2025-08-07 02:39:38',1,175,80),(1156,24,'A','1','6','available',1,'2025-08-07 02:39:38','2025-08-07 02:39:38',1,200,80),(1157,24,'A','1','7','available',1,'2025-08-07 02:39:38','2025-08-07 02:39:38',1,225,80),(1158,24,'A','1','8','available',1,'2025-08-07 02:39:38','2025-08-07 02:39:38',1,250,80),(1159,24,'A','1','9','available',1,'2025-08-07 02:39:38','2025-08-07 02:39:38',1,275,80),(1160,24,'A','1','10','available',1,'2025-08-07 02:39:38','2025-08-07 02:39:38',1,300,80),(1161,24,'A','2','1','available',1,'2025-08-07 02:39:38','2025-08-07 02:39:38',1,75,110),(1162,24,'A','2','2','available',1,'2025-08-07 02:39:38','2025-08-07 02:39:38',1,100,110),(1163,24,'A','2','3','available',1,'2025-08-07 02:39:38','2025-08-07 02:39:38',1,125,110),(1164,24,'A','2','4','available',1,'2025-08-07 02:39:38','2025-08-07 02:39:38',1,150,110),(1165,24,'A','2','5','available',1,'2025-08-07 02:39:38','2025-08-07 02:39:38',1,175,110),(1166,24,'A','2','6','available',1,'2025-08-07 02:39:38','2025-08-07 02:39:38',1,200,110),(1167,24,'A','2','7','available',1,'2025-08-07 02:39:38','2025-08-07 02:39:38',1,225,110),(1168,24,'A','2','8','available',1,'2025-08-07 02:39:38','2025-08-07 02:39:38',1,250,110),(1169,24,'A','2','9','available',1,'2025-08-07 02:39:38','2025-08-07 02:39:38',1,275,110),(1170,24,'A','2','10','available',1,'2025-08-07 02:39:38','2025-08-07 02:39:38',1,300,110),(1171,24,'A','3','1','available',1,'2025-08-07 02:39:38','2025-08-07 02:39:38',2,75,140),(1172,24,'A','3','2','available',1,'2025-08-07 02:39:38','2025-08-07 02:39:38',2,100,140),(1173,24,'A','3','3','available',1,'2025-08-07 02:39:38','2025-08-07 02:39:38',2,125,140),(1174,24,'A','3','4','available',1,'2025-08-07 02:39:38','2025-08-07 02:39:38',2,150,140),(1175,24,'A','3','5','available',1,'2025-08-07 02:39:38','2025-08-07 02:39:38',2,175,140),(1176,24,'A','3','6','available',1,'2025-08-07 02:39:38','2025-08-07 02:39:38',2,200,140),(1177,24,'A','3','7','available',1,'2025-08-07 02:39:38','2025-08-07 02:39:38',2,225,140),(1178,24,'A','3','8','available',1,'2025-08-07 02:39:38','2025-08-07 02:39:38',2,250,140),(1179,24,'A','3','9','available',1,'2025-08-07 02:39:38','2025-08-07 02:39:38',2,275,140),(1180,24,'A','3','10','available',1,'2025-08-07 02:39:38','2025-08-07 02:39:38',2,300,140),(1181,24,'A','4','1','available',1,'2025-08-07 02:39:38','2025-08-07 02:39:38',2,75,170),(1182,24,'A','4','2','available',1,'2025-08-07 02:39:38','2025-08-07 02:39:38',2,100,170),(1183,24,'A','4','3','available',1,'2025-08-07 02:39:38','2025-08-07 02:39:38',2,125,170),(1184,24,'A','4','4','available',1,'2025-08-07 02:39:38','2025-08-07 02:39:38',2,150,170),(1185,24,'A','4','5','available',1,'2025-08-07 02:39:38','2025-08-07 02:39:38',2,175,170),(1186,24,'A','4','6','available',1,'2025-08-07 02:39:38','2025-08-07 02:39:38',2,200,170),(1187,24,'A','4','7','available',1,'2025-08-07 02:39:38','2025-08-07 02:39:38',2,225,170),(1188,24,'A','4','8','available',1,'2025-08-07 02:39:38','2025-08-07 02:39:38',2,250,170),(1189,24,'A','4','9','available',1,'2025-08-07 02:39:38','2025-08-07 02:39:38',2,275,170),(1190,24,'A','4','10','available',1,'2025-08-07 02:39:38','2025-08-07 02:39:38',2,300,170),(1191,24,'A','5','1','available',1,'2025-08-07 02:39:38','2025-08-07 02:39:38',2,75,200),(1192,24,'A','5','2','available',1,'2025-08-07 02:39:38','2025-08-07 02:39:38',2,100,200),(1193,24,'A','5','3','available',1,'2025-08-07 02:39:38','2025-08-07 02:39:38',2,125,200),(1194,24,'A','5','4','available',1,'2025-08-07 02:39:38','2025-08-07 02:39:38',2,150,200),(1195,24,'A','5','5','available',1,'2025-08-07 02:39:38','2025-08-07 02:39:38',2,175,200),(1196,24,'A','5','6','available',1,'2025-08-07 02:39:38','2025-08-07 02:39:38',2,200,200),(1197,24,'A','5','7','available',1,'2025-08-07 02:39:38','2025-08-07 02:39:38',2,225,200),(1198,24,'A','5','8','available',1,'2025-08-07 02:39:38','2025-08-07 02:39:38',2,250,200),(1199,24,'A','5','9','available',1,'2025-08-07 02:39:38','2025-08-07 02:39:38',2,275,200),(1200,24,'A','5','10','available',1,'2025-08-07 02:39:38','2025-08-07 02:39:38',2,300,200),(1201,25,'A','1','1','available',1,'2025-08-07 02:39:38','2025-08-07 02:39:38',1,75,80),(1202,25,'A','1','2','available',1,'2025-08-07 02:39:38','2025-08-07 02:39:38',1,100,80),(1203,25,'A','1','3','available',1,'2025-08-07 02:39:38','2025-08-07 02:39:38',1,125,80),(1204,25,'A','1','4','available',1,'2025-08-07 02:39:38','2025-08-07 02:39:38',1,150,80),(1205,25,'A','1','5','available',1,'2025-08-07 02:39:38','2025-08-07 02:39:38',1,175,80),(1206,25,'A','1','6','available',1,'2025-08-07 02:39:38','2025-08-07 02:39:38',1,200,80),(1207,25,'A','1','7','available',1,'2025-08-07 02:39:38','2025-08-07 02:39:38',1,225,80),(1208,25,'A','1','8','available',1,'2025-08-07 02:39:38','2025-08-07 02:39:38',1,250,80),(1209,25,'A','1','9','available',1,'2025-08-07 02:39:38','2025-08-07 02:39:38',1,275,80),(1210,25,'A','1','10','available',1,'2025-08-07 02:39:38','2025-08-07 02:39:38',1,300,80),(1211,25,'A','2','1','available',1,'2025-08-07 02:39:38','2025-08-07 02:39:38',1,75,110),(1212,25,'A','2','2','available',1,'2025-08-07 02:39:38','2025-08-07 02:39:38',1,100,110),(1213,25,'A','2','3','available',1,'2025-08-07 02:39:38','2025-08-07 02:39:38',1,125,110),(1214,25,'A','2','4','available',1,'2025-08-07 02:39:38','2025-08-07 02:39:38',1,150,110),(1215,25,'A','2','5','available',1,'2025-08-07 02:39:38','2025-08-07 02:39:38',1,175,110),(1216,25,'A','2','6','available',1,'2025-08-07 02:39:38','2025-08-07 02:39:38',1,200,110),(1217,25,'A','2','7','available',1,'2025-08-07 02:39:38','2025-08-07 02:39:38',1,225,110),(1218,25,'A','2','8','available',1,'2025-08-07 02:39:38','2025-08-07 02:39:38',1,250,110),(1219,25,'A','2','9','available',1,'2025-08-07 02:39:38','2025-08-07 02:39:38',1,275,110),(1220,25,'A','2','10','available',1,'2025-08-07 02:39:38','2025-08-07 02:39:38',1,300,110),(1221,25,'A','3','1','available',1,'2025-08-07 02:39:38','2025-08-07 02:39:38',2,75,140),(1222,25,'A','3','2','available',1,'2025-08-07 02:39:38','2025-08-07 02:39:38',2,100,140),(1223,25,'A','3','3','available',1,'2025-08-07 02:39:39','2025-08-07 02:39:39',2,125,140),(1224,25,'A','3','4','available',1,'2025-08-07 02:39:39','2025-08-07 02:39:39',2,150,140),(1225,25,'A','3','5','available',1,'2025-08-07 02:39:39','2025-08-07 02:39:39',2,175,140),(1226,25,'A','3','6','available',1,'2025-08-07 02:39:39','2025-08-07 02:39:39',2,200,140),(1227,25,'A','3','7','available',1,'2025-08-07 02:39:39','2025-08-07 02:39:39',2,225,140),(1228,25,'A','3','8','available',1,'2025-08-07 02:39:39','2025-08-07 02:39:39',2,250,140),(1229,25,'A','3','9','available',1,'2025-08-07 02:39:39','2025-08-07 02:39:39',2,275,140),(1230,25,'A','3','10','available',1,'2025-08-07 02:39:39','2025-08-07 02:39:39',2,300,140),(1231,25,'A','4','1','available',1,'2025-08-07 02:39:39','2025-08-07 02:39:39',2,75,170),(1232,25,'A','4','2','available',1,'2025-08-07 02:39:39','2025-08-07 02:39:39',2,100,170),(1233,25,'A','4','3','available',1,'2025-08-07 02:39:39','2025-08-07 02:39:39',2,125,170),(1234,25,'A','4','4','available',1,'2025-08-07 02:39:39','2025-08-07 02:39:39',2,150,170),(1235,25,'A','4','5','available',1,'2025-08-07 02:39:39','2025-08-07 02:39:39',2,175,170),(1236,25,'A','4','6','available',1,'2025-08-07 02:39:39','2025-08-07 02:39:39',2,200,170),(1237,25,'A','4','7','available',1,'2025-08-07 02:39:39','2025-08-07 02:39:39',2,225,170),(1238,25,'A','4','8','available',1,'2025-08-07 02:39:39','2025-08-07 02:39:39',2,250,170),(1239,25,'A','4','9','available',1,'2025-08-07 02:39:39','2025-08-07 02:39:39',2,275,170),(1240,25,'A','4','10','available',1,'2025-08-07 02:39:39','2025-08-07 02:39:39',2,300,170),(1241,25,'A','5','1','available',1,'2025-08-07 02:39:39','2025-08-07 02:39:39',2,75,200),(1242,25,'A','5','2','available',1,'2025-08-07 02:39:39','2025-08-07 02:39:39',2,100,200),(1243,25,'A','5','3','available',1,'2025-08-07 02:39:39','2025-08-07 02:39:39',2,125,200),(1244,25,'A','5','4','available',1,'2025-08-07 02:39:39','2025-08-07 02:39:39',2,150,200),(1245,25,'A','5','5','available',1,'2025-08-07 02:39:39','2025-08-07 02:39:39',2,175,200),(1246,25,'A','5','6','available',1,'2025-08-07 02:39:39','2025-08-07 02:39:39',2,200,200),(1247,25,'A','5','7','available',1,'2025-08-07 02:39:39','2025-08-07 02:39:39',2,225,200),(1248,25,'A','5','8','available',1,'2025-08-07 02:39:39','2025-08-07 02:39:39',2,250,200),(1249,25,'A','5','9','available',1,'2025-08-07 02:39:39','2025-08-07 02:39:39',2,275,200),(1250,25,'A','5','10','available',1,'2025-08-07 02:39:39','2025-08-07 02:39:39',2,300,200),(1251,26,'A','1','1','available',1,'2025-08-07 02:39:39','2025-08-07 02:39:39',1,75,80),(1252,26,'A','1','2','available',1,'2025-08-07 02:39:39','2025-08-07 02:39:39',1,100,80),(1253,26,'A','1','3','available',1,'2025-08-07 02:39:39','2025-08-07 02:39:39',1,125,80),(1254,26,'A','1','4','available',1,'2025-08-07 02:39:39','2025-08-07 02:39:39',1,150,80),(1255,26,'A','1','5','available',1,'2025-08-07 02:39:39','2025-08-07 02:39:39',1,175,80),(1256,26,'A','1','6','available',1,'2025-08-07 02:39:39','2025-08-07 02:39:39',1,200,80),(1257,26,'A','1','7','available',1,'2025-08-07 02:39:39','2025-08-07 02:39:39',1,225,80),(1258,26,'A','1','8','available',1,'2025-08-07 02:39:39','2025-08-07 02:39:39',1,250,80),(1259,26,'A','1','9','available',1,'2025-08-07 02:39:39','2025-08-07 02:39:39',1,275,80),(1260,26,'A','1','10','available',1,'2025-08-07 02:39:39','2025-08-07 02:39:39',1,300,80),(1261,26,'A','2','1','available',1,'2025-08-07 02:39:39','2025-08-07 02:39:39',1,75,110),(1262,26,'A','2','2','available',1,'2025-08-07 02:39:39','2025-08-07 02:39:39',1,100,110),(1263,26,'A','2','3','available',1,'2025-08-07 02:39:39','2025-08-07 02:39:39',1,125,110),(1264,26,'A','2','4','available',1,'2025-08-07 02:39:39','2025-08-07 02:39:39',1,150,110),(1265,26,'A','2','5','available',1,'2025-08-07 02:39:39','2025-08-07 02:39:39',1,175,110),(1266,26,'A','2','6','available',1,'2025-08-07 02:39:39','2025-08-07 02:39:39',1,200,110),(1267,26,'A','2','7','available',1,'2025-08-07 02:39:39','2025-08-07 02:39:39',1,225,110),(1268,26,'A','2','8','available',1,'2025-08-07 02:39:39','2025-08-07 02:39:39',1,250,110),(1269,26,'A','2','9','available',1,'2025-08-07 02:39:39','2025-08-07 02:39:39',1,275,110),(1270,26,'A','2','10','available',1,'2025-08-07 02:39:39','2025-08-07 02:39:39',1,300,110),(1271,26,'A','3','1','available',1,'2025-08-07 02:39:39','2025-08-07 02:39:39',2,75,140),(1272,26,'A','3','2','available',1,'2025-08-07 02:39:39','2025-08-07 02:39:39',2,100,140),(1273,26,'A','3','3','available',1,'2025-08-07 02:39:39','2025-08-07 02:39:39',2,125,140),(1274,26,'A','3','4','available',1,'2025-08-07 02:39:39','2025-08-07 02:39:39',2,150,140),(1275,26,'A','3','5','available',1,'2025-08-07 02:39:39','2025-08-07 02:39:39',2,175,140),(1276,26,'A','3','6','available',1,'2025-08-07 02:39:39','2025-08-07 02:39:39',2,200,140),(1277,26,'A','3','7','available',1,'2025-08-07 02:39:39','2025-08-07 02:39:39',2,225,140),(1278,26,'A','3','8','available',1,'2025-08-07 02:39:39','2025-08-07 02:39:39',2,250,140),(1279,26,'A','3','9','available',1,'2025-08-07 02:39:39','2025-08-07 02:39:39',2,275,140),(1280,26,'A','3','10','available',1,'2025-08-07 02:39:39','2025-08-07 02:39:39',2,300,140),(1281,26,'A','4','1','available',1,'2025-08-07 02:39:39','2025-08-07 02:39:39',2,75,170),(1282,26,'A','4','2','available',1,'2025-08-07 02:39:39','2025-08-07 02:39:39',2,100,170),(1283,26,'A','4','3','available',1,'2025-08-07 02:39:39','2025-08-07 02:39:39',2,125,170),(1284,26,'A','4','4','available',1,'2025-08-07 02:39:39','2025-08-07 02:39:39',2,150,170),(1285,26,'A','4','5','available',1,'2025-08-07 02:39:39','2025-08-07 02:39:39',2,175,170),(1286,26,'A','4','6','available',1,'2025-08-07 02:39:39','2025-08-07 02:39:39',2,200,170),(1287,26,'A','4','7','available',1,'2025-08-07 02:39:39','2025-08-07 02:39:39',2,225,170),(1288,26,'A','4','8','available',1,'2025-08-07 02:39:39','2025-08-07 02:39:39',2,250,170),(1289,26,'A','4','9','available',1,'2025-08-07 02:39:39','2025-08-07 02:39:39',2,275,170),(1290,26,'A','4','10','available',1,'2025-08-07 02:39:39','2025-08-07 02:39:39',2,300,170),(1291,26,'A','5','1','available',1,'2025-08-07 02:39:39','2025-08-07 02:39:39',2,75,200),(1292,26,'A','5','2','available',1,'2025-08-07 02:39:39','2025-08-07 02:39:39',2,100,200),(1293,26,'A','5','3','available',1,'2025-08-07 02:39:39','2025-08-07 02:39:39',2,125,200),(1294,26,'A','5','4','available',1,'2025-08-07 02:39:39','2025-08-07 02:39:39',2,150,200),(1295,26,'A','5','5','available',1,'2025-08-07 02:39:39','2025-08-07 02:39:39',2,175,200),(1296,26,'A','5','6','available',1,'2025-08-07 02:39:39','2025-08-07 02:39:39',2,200,200),(1297,26,'A','5','7','available',1,'2025-08-07 02:39:39','2025-08-07 02:39:39',2,225,200),(1298,26,'A','5','8','available',1,'2025-08-07 02:39:39','2025-08-07 02:39:39',2,250,200),(1299,26,'A','5','9','available',1,'2025-08-07 02:39:39','2025-08-07 02:39:39',2,275,200),(1300,26,'A','5','10','available',1,'2025-08-07 02:39:39','2025-08-07 02:39:39',2,300,200),(1301,27,'A','1','1','available',1,'2025-08-07 02:39:39','2025-08-07 02:39:39',1,75,80),(1302,27,'A','1','2','available',1,'2025-08-07 02:39:39','2025-08-07 02:39:39',1,100,80),(1303,27,'A','1','3','available',1,'2025-08-07 02:39:39','2025-08-07 02:39:39',1,125,80),(1304,27,'A','1','4','available',1,'2025-08-07 02:39:39','2025-08-07 02:39:39',1,150,80),(1305,27,'A','1','5','available',1,'2025-08-07 02:39:39','2025-08-07 02:39:39',1,175,80),(1306,27,'A','1','6','available',1,'2025-08-07 02:39:39','2025-08-07 02:39:39',1,200,80),(1307,27,'A','1','7','available',1,'2025-08-07 02:39:39','2025-08-07 02:39:39',1,225,80),(1308,27,'A','1','8','available',1,'2025-08-07 02:39:39','2025-08-07 02:39:39',1,250,80),(1309,27,'A','1','9','available',1,'2025-08-07 02:39:39','2025-08-07 02:39:39',1,275,80),(1310,27,'A','1','10','available',1,'2025-08-07 02:39:39','2025-08-07 02:39:39',1,300,80),(1311,27,'A','2','1','available',1,'2025-08-07 02:39:39','2025-08-07 02:39:39',1,75,110),(1312,27,'A','2','2','available',1,'2025-08-07 02:39:39','2025-08-07 02:39:39',1,100,110),(1313,27,'A','2','3','available',1,'2025-08-07 02:39:39','2025-08-07 02:39:39',1,125,110),(1314,27,'A','2','4','available',1,'2025-08-07 02:39:39','2025-08-07 02:39:39',1,150,110),(1315,27,'A','2','5','available',1,'2025-08-07 02:39:39','2025-08-07 02:39:39',1,175,110),(1316,27,'A','2','6','available',1,'2025-08-07 02:39:39','2025-08-07 02:39:39',1,200,110),(1317,27,'A','2','7','available',1,'2025-08-07 02:39:39','2025-08-07 02:39:39',1,225,110),(1318,27,'A','2','8','available',1,'2025-08-07 02:39:39','2025-08-07 02:39:39',1,250,110),(1319,27,'A','2','9','available',1,'2025-08-07 02:39:39','2025-08-07 02:39:39',1,275,110),(1320,27,'A','2','10','available',1,'2025-08-07 02:39:39','2025-08-07 02:39:39',1,300,110),(1321,27,'A','3','1','available',1,'2025-08-07 02:39:39','2025-08-07 02:39:39',2,75,140),(1322,27,'A','3','2','available',1,'2025-08-07 02:39:39','2025-08-07 02:39:39',2,100,140),(1323,27,'A','3','3','available',1,'2025-08-07 02:39:39','2025-08-07 02:39:39',2,125,140),(1324,27,'A','3','4','available',1,'2025-08-07 02:39:39','2025-08-07 02:39:39',2,150,140),(1325,27,'A','3','5','available',1,'2025-08-07 02:39:39','2025-08-07 02:39:39',2,175,140),(1326,27,'A','3','6','available',1,'2025-08-07 02:39:39','2025-08-07 02:39:39',2,200,140),(1327,27,'A','3','7','available',1,'2025-08-07 02:39:39','2025-08-07 02:39:39',2,225,140),(1328,27,'A','3','8','available',1,'2025-08-07 02:39:39','2025-08-07 02:39:39',2,250,140),(1329,27,'A','3','9','available',1,'2025-08-07 02:39:39','2025-08-07 02:39:39',2,275,140),(1330,27,'A','3','10','available',1,'2025-08-07 02:39:39','2025-08-07 02:39:39',2,300,140),(1331,27,'A','4','1','available',1,'2025-08-07 02:39:39','2025-08-07 02:39:39',2,75,170),(1332,27,'A','4','2','available',1,'2025-08-07 02:39:39','2025-08-07 02:39:39',2,100,170),(1333,27,'A','4','3','available',1,'2025-08-07 02:39:39','2025-08-07 02:39:39',2,125,170),(1334,27,'A','4','4','available',1,'2025-08-07 02:39:39','2025-08-07 02:39:39',2,150,170),(1335,27,'A','4','5','available',1,'2025-08-07 02:39:39','2025-08-07 02:39:39',2,175,170),(1336,27,'A','4','6','available',1,'2025-08-07 02:39:39','2025-08-07 02:39:39',2,200,170),(1337,27,'A','4','7','available',1,'2025-08-07 02:39:39','2025-08-07 02:39:39',2,225,170),(1338,27,'A','4','8','available',1,'2025-08-07 02:39:39','2025-08-07 02:39:39',2,250,170),(1339,27,'A','4','9','available',1,'2025-08-07 02:39:39','2025-08-07 02:39:39',2,275,170),(1340,27,'A','4','10','available',1,'2025-08-07 02:39:39','2025-08-07 02:39:39',2,300,170),(1341,27,'A','5','1','available',1,'2025-08-07 02:39:39','2025-08-07 02:39:39',2,75,200),(1342,27,'A','5','2','available',1,'2025-08-07 02:39:39','2025-08-07 02:39:39',2,100,200),(1343,27,'A','5','3','available',1,'2025-08-07 02:39:39','2025-08-07 02:39:39',2,125,200),(1344,27,'A','5','4','available',1,'2025-08-07 02:39:39','2025-08-07 02:39:39',2,150,200),(1345,27,'A','5','5','available',1,'2025-08-07 02:39:39','2025-08-07 02:39:39',2,175,200),(1346,27,'A','5','6','available',1,'2025-08-07 02:39:39','2025-08-07 02:39:39',2,200,200),(1347,27,'A','5','7','available',1,'2025-08-07 02:39:39','2025-08-07 02:39:39',2,225,200),(1348,27,'A','5','8','available',1,'2025-08-07 02:39:39','2025-08-07 02:39:39',2,250,200),(1349,27,'A','5','9','available',1,'2025-08-07 02:39:39','2025-08-07 02:39:39',2,275,200),(1350,27,'A','5','10','available',1,'2025-08-07 02:39:39','2025-08-07 02:39:39',2,300,200),(1351,28,'A','1','1','available',1,'2025-08-07 02:39:39','2025-08-07 02:39:39',1,75,80),(1352,28,'A','1','2','available',1,'2025-08-07 02:39:39','2025-08-07 02:39:39',1,100,80),(1353,28,'A','1','3','available',1,'2025-08-07 02:39:39','2025-08-07 02:39:39',1,125,80),(1354,28,'A','1','4','available',1,'2025-08-07 02:39:39','2025-08-07 02:39:39',1,150,80),(1355,28,'A','1','5','available',1,'2025-08-07 02:39:39','2025-08-07 02:39:39',1,175,80),(1356,28,'A','1','6','available',1,'2025-08-07 02:39:39','2025-08-07 02:39:39',1,200,80),(1357,28,'A','1','7','available',1,'2025-08-07 02:39:39','2025-08-07 02:39:39',1,225,80),(1358,28,'A','1','8','available',1,'2025-08-07 02:39:39','2025-08-07 02:39:39',1,250,80),(1359,28,'A','1','9','available',1,'2025-08-07 02:39:39','2025-08-07 02:39:39',1,275,80),(1360,28,'A','1','10','available',1,'2025-08-07 02:39:39','2025-08-07 02:39:39',1,300,80),(1361,28,'A','2','1','available',1,'2025-08-07 02:39:39','2025-08-07 02:39:39',1,75,110),(1362,28,'A','2','2','available',1,'2025-08-07 02:39:39','2025-08-07 02:39:39',1,100,110),(1363,28,'A','2','3','available',1,'2025-08-07 02:39:39','2025-08-07 02:39:39',1,125,110),(1364,28,'A','2','4','available',1,'2025-08-07 02:39:39','2025-08-07 02:39:39',1,150,110),(1365,28,'A','2','5','available',1,'2025-08-07 02:39:39','2025-08-07 02:39:39',1,175,110),(1366,28,'A','2','6','available',1,'2025-08-07 02:39:39','2025-08-07 02:39:39',1,200,110),(1367,28,'A','2','7','available',1,'2025-08-07 02:39:39','2025-08-07 02:39:39',1,225,110),(1368,28,'A','2','8','available',1,'2025-08-07 02:39:39','2025-08-07 02:39:39',1,250,110),(1369,28,'A','2','9','available',1,'2025-08-07 02:39:39','2025-08-07 02:39:39',1,275,110),(1370,28,'A','2','10','available',1,'2025-08-07 02:39:39','2025-08-07 02:39:39',1,300,110),(1371,28,'A','3','1','available',1,'2025-08-07 02:39:39','2025-08-07 02:39:39',2,75,140),(1372,28,'A','3','2','available',1,'2025-08-07 02:39:39','2025-08-07 02:39:39',2,100,140),(1373,28,'A','3','3','available',1,'2025-08-07 02:39:39','2025-08-07 02:39:39',2,125,140),(1374,28,'A','3','4','available',1,'2025-08-07 02:39:39','2025-08-07 02:39:39',2,150,140),(1375,28,'A','3','5','available',1,'2025-08-07 02:39:39','2025-08-07 02:39:39',2,175,140),(1376,28,'A','3','6','available',1,'2025-08-07 02:39:39','2025-08-07 02:39:39',2,200,140),(1377,28,'A','3','7','available',1,'2025-08-07 02:39:39','2025-08-07 02:39:39',2,225,140),(1378,28,'A','3','8','available',1,'2025-08-07 02:39:39','2025-08-07 02:39:39',2,250,140),(1379,28,'A','3','9','available',1,'2025-08-07 02:39:39','2025-08-07 02:39:39',2,275,140),(1380,28,'A','3','10','available',1,'2025-08-07 02:39:39','2025-08-07 02:39:39',2,300,140),(1381,28,'A','4','1','available',1,'2025-08-07 02:39:40','2025-08-07 02:39:40',2,75,170),(1382,28,'A','4','2','available',1,'2025-08-07 02:39:40','2025-08-07 02:39:40',2,100,170),(1383,28,'A','4','3','available',1,'2025-08-07 02:39:40','2025-08-07 02:39:40',2,125,170),(1384,28,'A','4','4','available',1,'2025-08-07 02:39:40','2025-08-07 02:39:40',2,150,170),(1385,28,'A','4','5','available',1,'2025-08-07 02:39:40','2025-08-07 02:39:40',2,175,170),(1386,28,'A','4','6','available',1,'2025-08-07 02:39:40','2025-08-07 02:39:40',2,200,170),(1387,28,'A','4','7','available',1,'2025-08-07 02:39:40','2025-08-07 02:39:40',2,225,170),(1388,28,'A','4','8','available',1,'2025-08-07 02:39:40','2025-08-07 02:39:40',2,250,170),(1389,28,'A','4','9','available',1,'2025-08-07 02:39:40','2025-08-07 02:39:40',2,275,170),(1390,28,'A','4','10','available',1,'2025-08-07 02:39:40','2025-08-07 02:39:40',2,300,170),(1391,28,'A','5','1','available',1,'2025-08-07 02:39:40','2025-08-07 02:39:40',2,75,200),(1392,28,'A','5','2','available',1,'2025-08-07 02:39:40','2025-08-07 02:39:40',2,100,200),(1393,28,'A','5','3','available',1,'2025-08-07 02:39:40','2025-08-07 02:39:40',2,125,200),(1394,28,'A','5','4','available',1,'2025-08-07 02:39:40','2025-08-07 02:39:40',2,150,200),(1395,28,'A','5','5','available',1,'2025-08-07 02:39:40','2025-08-07 02:39:40',2,175,200),(1396,28,'A','5','6','available',1,'2025-08-07 02:39:40','2025-08-07 02:39:40',2,200,200),(1397,28,'A','5','7','available',1,'2025-08-07 02:39:40','2025-08-07 02:39:40',2,225,200),(1398,28,'A','5','8','available',1,'2025-08-07 02:39:40','2025-08-07 02:39:40',2,250,200),(1399,28,'A','5','9','available',1,'2025-08-07 02:39:40','2025-08-07 02:39:40',2,275,200),(1400,28,'A','5','10','available',1,'2025-08-07 02:39:40','2025-08-07 02:39:40',2,300,200),(1401,29,'A','1','1','available',1,'2025-08-07 02:39:40','2025-08-07 02:39:40',1,75,80),(1402,29,'A','1','2','available',1,'2025-08-07 02:39:40','2025-08-07 02:39:40',1,100,80),(1403,29,'A','1','3','available',1,'2025-08-07 02:39:40','2025-08-07 02:39:40',1,125,80),(1404,29,'A','1','4','available',1,'2025-08-07 02:39:40','2025-08-07 02:39:40',1,150,80),(1405,29,'A','1','5','available',1,'2025-08-07 02:39:40','2025-08-07 02:39:40',1,175,80),(1406,29,'A','1','6','available',1,'2025-08-07 02:39:40','2025-08-07 02:39:40',1,200,80),(1407,29,'A','1','7','available',1,'2025-08-07 02:39:40','2025-08-07 02:39:40',1,225,80),(1408,29,'A','1','8','available',1,'2025-08-07 02:39:40','2025-08-07 02:39:40',1,250,80),(1409,29,'A','1','9','available',1,'2025-08-07 02:39:40','2025-08-07 02:39:40',1,275,80),(1410,29,'A','1','10','available',1,'2025-08-07 02:39:40','2025-08-07 02:39:40',1,300,80),(1411,29,'A','2','1','available',1,'2025-08-07 02:39:40','2025-08-07 02:39:40',1,75,110),(1412,29,'A','2','2','available',1,'2025-08-07 02:39:40','2025-08-07 02:39:40',1,100,110),(1413,29,'A','2','3','available',1,'2025-08-07 02:39:40','2025-08-07 02:39:40',1,125,110),(1414,29,'A','2','4','available',1,'2025-08-07 02:39:40','2025-08-07 02:39:40',1,150,110),(1415,29,'A','2','5','available',1,'2025-08-07 02:39:40','2025-08-07 02:39:40',1,175,110),(1416,29,'A','2','6','available',1,'2025-08-07 02:39:40','2025-08-07 02:39:40',1,200,110),(1417,29,'A','2','7','available',1,'2025-08-07 02:39:40','2025-08-07 02:39:40',1,225,110),(1418,29,'A','2','8','available',1,'2025-08-07 02:39:40','2025-08-07 02:39:40',1,250,110),(1419,29,'A','2','9','available',1,'2025-08-07 02:39:40','2025-08-07 02:39:40',1,275,110),(1420,29,'A','2','10','available',1,'2025-08-07 02:39:40','2025-08-07 02:39:40',1,300,110),(1421,29,'A','3','1','available',1,'2025-08-07 02:39:40','2025-08-07 02:39:40',2,75,140),(1422,29,'A','3','2','available',1,'2025-08-07 02:39:40','2025-08-07 02:39:40',2,100,140),(1423,29,'A','3','3','available',1,'2025-08-07 02:39:40','2025-08-07 02:39:40',2,125,140),(1424,29,'A','3','4','available',1,'2025-08-07 02:39:40','2025-08-07 02:39:40',2,150,140),(1425,29,'A','3','5','available',1,'2025-08-07 02:39:40','2025-08-07 02:39:40',2,175,140),(1426,29,'A','3','6','available',1,'2025-08-07 02:39:40','2025-08-07 02:39:40',2,200,140),(1427,29,'A','3','7','available',1,'2025-08-07 02:39:40','2025-08-07 02:39:40',2,225,140),(1428,29,'A','3','8','available',1,'2025-08-07 02:39:40','2025-08-07 02:39:40',2,250,140),(1429,29,'A','3','9','available',1,'2025-08-07 02:39:40','2025-08-07 02:39:40',2,275,140),(1430,29,'A','3','10','available',1,'2025-08-07 02:39:40','2025-08-07 02:39:40',2,300,140),(1431,29,'A','4','1','available',1,'2025-08-07 02:39:40','2025-08-07 02:39:40',2,75,170),(1432,29,'A','4','2','available',1,'2025-08-07 02:39:40','2025-08-07 02:39:40',2,100,170),(1433,29,'A','4','3','available',1,'2025-08-07 02:39:40','2025-08-07 02:39:40',2,125,170),(1434,29,'A','4','4','available',1,'2025-08-07 02:39:40','2025-08-07 02:39:40',2,150,170),(1435,29,'A','4','5','available',1,'2025-08-07 02:39:40','2025-08-07 02:39:40',2,175,170),(1436,29,'A','4','6','available',1,'2025-08-07 02:39:40','2025-08-07 02:39:40',2,200,170),(1437,29,'A','4','7','available',1,'2025-08-07 02:39:40','2025-08-07 02:39:40',2,225,170),(1438,29,'A','4','8','available',1,'2025-08-07 02:39:40','2025-08-07 02:39:40',2,250,170),(1439,29,'A','4','9','available',1,'2025-08-07 02:39:40','2025-08-07 02:39:40',2,275,170),(1440,29,'A','4','10','available',1,'2025-08-07 02:39:40','2025-08-07 02:39:40',2,300,170),(1441,29,'A','5','1','available',1,'2025-08-07 02:39:40','2025-08-07 02:39:40',2,75,200),(1442,29,'A','5','2','available',1,'2025-08-07 02:39:40','2025-08-07 02:39:40',2,100,200),(1443,29,'A','5','3','available',1,'2025-08-07 02:39:40','2025-08-07 02:39:40',2,125,200),(1444,29,'A','5','4','available',1,'2025-08-07 02:39:40','2025-08-07 02:39:40',2,150,200),(1445,29,'A','5','5','available',1,'2025-08-07 02:39:40','2025-08-07 02:39:40',2,175,200),(1446,29,'A','5','6','available',1,'2025-08-07 02:39:40','2025-08-07 02:39:40',2,200,200),(1447,29,'A','5','7','available',1,'2025-08-07 02:39:40','2025-08-07 02:39:40',2,225,200),(1448,29,'A','5','8','available',1,'2025-08-07 02:39:40','2025-08-07 02:39:40',2,250,200),(1449,29,'A','5','9','available',1,'2025-08-07 02:39:40','2025-08-07 02:39:40',2,275,200),(1450,29,'A','5','10','available',1,'2025-08-07 02:39:40','2025-08-07 02:39:40',2,300,200),(1451,30,'A','1','1','available',1,'2025-08-07 02:39:40','2025-08-07 02:39:40',1,75,80),(1452,30,'A','1','2','available',1,'2025-08-07 02:39:40','2025-08-07 02:39:40',1,100,80),(1453,30,'A','1','3','available',1,'2025-08-07 02:39:40','2025-08-07 02:39:40',1,125,80),(1454,30,'A','1','4','available',1,'2025-08-07 02:39:40','2025-08-07 02:39:40',1,150,80),(1455,30,'A','1','5','available',1,'2025-08-07 02:39:40','2025-08-07 02:39:40',1,175,80),(1456,30,'A','1','6','available',1,'2025-08-07 02:39:40','2025-08-07 02:39:40',1,200,80),(1457,30,'A','1','7','available',1,'2025-08-07 02:39:40','2025-08-07 02:39:40',1,225,80),(1458,30,'A','1','8','available',1,'2025-08-07 02:39:40','2025-08-07 02:39:40',1,250,80),(1459,30,'A','1','9','available',1,'2025-08-07 02:39:40','2025-08-07 02:39:40',1,275,80),(1460,30,'A','1','10','available',1,'2025-08-07 02:39:40','2025-08-07 02:39:40',1,300,80),(1461,30,'A','2','1','available',1,'2025-08-07 02:39:40','2025-08-07 02:39:40',1,75,110),(1462,30,'A','2','2','available',1,'2025-08-07 02:39:40','2025-08-07 02:39:40',1,100,110),(1463,30,'A','2','3','available',1,'2025-08-07 02:39:40','2025-08-07 02:39:40',1,125,110),(1464,30,'A','2','4','available',1,'2025-08-07 02:39:40','2025-08-07 02:39:40',1,150,110),(1465,30,'A','2','5','available',1,'2025-08-07 02:39:40','2025-08-07 02:39:40',1,175,110),(1466,30,'A','2','6','available',1,'2025-08-07 02:39:40','2025-08-07 02:39:40',1,200,110),(1467,30,'A','2','7','available',1,'2025-08-07 02:39:40','2025-08-07 02:39:40',1,225,110),(1468,30,'A','2','8','available',1,'2025-08-07 02:39:40','2025-08-07 02:39:40',1,250,110),(1469,30,'A','2','9','available',1,'2025-08-07 02:39:40','2025-08-07 02:39:40',1,275,110),(1470,30,'A','2','10','available',1,'2025-08-07 02:39:40','2025-08-07 02:39:40',1,300,110),(1471,30,'A','3','1','available',1,'2025-08-07 02:39:40','2025-08-07 02:39:40',2,75,140),(1472,30,'A','3','2','available',1,'2025-08-07 02:39:40','2025-08-07 02:39:40',2,100,140),(1473,30,'A','3','3','available',1,'2025-08-07 02:39:40','2025-08-07 02:39:40',2,125,140),(1474,30,'A','3','4','available',1,'2025-08-07 02:39:40','2025-08-07 02:39:40',2,150,140),(1475,30,'A','3','5','available',1,'2025-08-07 02:39:40','2025-08-07 02:39:40',2,175,140),(1476,30,'A','3','6','available',1,'2025-08-07 02:39:40','2025-08-07 02:39:40',2,200,140),(1477,30,'A','3','7','available',1,'2025-08-07 02:39:40','2025-08-07 02:39:40',2,225,140),(1478,30,'A','3','8','available',1,'2025-08-07 02:39:40','2025-08-07 02:39:40',2,250,140),(1479,30,'A','3','9','available',1,'2025-08-07 02:39:40','2025-08-07 02:39:40',2,275,140),(1480,30,'A','3','10','available',1,'2025-08-07 02:39:40','2025-08-07 02:39:40',2,300,140),(1481,30,'A','4','1','available',1,'2025-08-07 02:39:40','2025-08-07 02:39:40',2,75,170),(1482,30,'A','4','2','available',1,'2025-08-07 02:39:40','2025-08-07 02:39:40',2,100,170),(1483,30,'A','4','3','available',1,'2025-08-07 02:39:40','2025-08-07 02:39:40',2,125,170),(1484,30,'A','4','4','available',1,'2025-08-07 02:39:40','2025-08-07 02:39:40',2,150,170),(1485,30,'A','4','5','available',1,'2025-08-07 02:39:40','2025-08-07 02:39:40',2,175,170),(1486,30,'A','4','6','available',1,'2025-08-07 02:39:40','2025-08-07 02:39:40',2,200,170),(1487,30,'A','4','7','available',1,'2025-08-07 02:39:40','2025-08-07 02:39:40',2,225,170),(1488,30,'A','4','8','available',1,'2025-08-07 02:39:40','2025-08-07 02:39:40',2,250,170),(1489,30,'A','4','9','available',1,'2025-08-07 02:39:40','2025-08-07 02:39:40',2,275,170),(1490,30,'A','4','10','available',1,'2025-08-07 02:39:40','2025-08-07 02:39:40',2,300,170),(1491,30,'A','5','1','available',1,'2025-08-07 02:39:40','2025-08-07 02:39:40',2,75,200),(1492,30,'A','5','2','available',1,'2025-08-07 02:39:40','2025-08-07 02:39:40',2,100,200),(1493,30,'A','5','3','available',1,'2025-08-07 02:39:40','2025-08-07 02:39:40',2,125,200),(1494,30,'A','5','4','available',1,'2025-08-07 02:39:40','2025-08-07 02:39:40',2,150,200),(1495,30,'A','5','5','available',1,'2025-08-07 02:39:40','2025-08-07 02:39:40',2,175,200),(1496,30,'A','5','6','available',1,'2025-08-07 02:39:40','2025-08-07 02:39:40',2,200,200),(1497,30,'A','5','7','available',1,'2025-08-07 02:39:40','2025-08-07 02:39:40',2,225,200),(1498,30,'A','5','8','available',1,'2025-08-07 02:39:40','2025-08-07 02:39:40',2,250,200),(1499,30,'A','5','9','available',1,'2025-08-07 02:39:40','2025-08-07 02:39:40',2,275,200),(1500,30,'A','5','10','available',1,'2025-08-07 02:39:40','2025-08-07 02:39:40',2,300,200),(1501,31,'A','1','1','available',1,'2025-08-07 02:39:40','2025-08-07 02:39:40',1,75,80),(1502,31,'A','1','2','available',1,'2025-08-07 02:39:40','2025-08-07 02:39:40',1,100,80),(1503,31,'A','1','3','available',1,'2025-08-07 02:39:40','2025-08-07 02:39:40',1,125,80),(1504,31,'A','1','4','available',1,'2025-08-07 02:39:40','2025-08-07 02:39:40',1,150,80),(1505,31,'A','1','5','available',1,'2025-08-07 02:39:40','2025-08-07 02:39:40',1,175,80),(1506,31,'A','1','6','available',1,'2025-08-07 02:39:40','2025-08-07 02:39:40',1,200,80),(1507,31,'A','1','7','available',1,'2025-08-07 02:39:40','2025-08-07 02:39:40',1,225,80),(1508,31,'A','1','8','available',1,'2025-08-07 02:39:40','2025-08-07 02:39:40',1,250,80),(1509,31,'A','1','9','available',1,'2025-08-07 02:39:40','2025-08-07 02:39:40',1,275,80),(1510,31,'A','1','10','available',1,'2025-08-07 02:39:40','2025-08-07 02:39:40',1,300,80),(1511,31,'A','2','1','available',1,'2025-08-07 02:39:40','2025-08-07 02:39:40',1,75,110),(1512,31,'A','2','2','available',1,'2025-08-07 02:39:40','2025-08-07 02:39:40',1,100,110),(1513,31,'A','2','3','available',1,'2025-08-07 02:39:40','2025-08-07 02:39:40',1,125,110),(1514,31,'A','2','4','available',1,'2025-08-07 02:39:40','2025-08-07 02:39:40',1,150,110),(1515,31,'A','2','5','available',1,'2025-08-07 02:39:40','2025-08-07 02:39:40',1,175,110),(1516,31,'A','2','6','available',1,'2025-08-07 02:39:40','2025-08-07 02:39:40',1,200,110),(1517,31,'A','2','7','available',1,'2025-08-07 02:39:40','2025-08-07 02:39:40',1,225,110),(1518,31,'A','2','8','available',1,'2025-08-07 02:39:40','2025-08-07 02:39:40',1,250,110),(1519,31,'A','2','9','available',1,'2025-08-07 02:39:40','2025-08-07 02:39:40',1,275,110),(1520,31,'A','2','10','available',1,'2025-08-07 02:39:40','2025-08-07 02:39:40',1,300,110),(1521,31,'A','3','1','available',1,'2025-08-07 02:39:40','2025-08-07 02:39:40',2,75,140),(1522,31,'A','3','2','available',1,'2025-08-07 02:39:40','2025-08-07 02:39:40',2,100,140),(1523,31,'A','3','3','available',1,'2025-08-07 02:39:40','2025-08-07 02:39:40',2,125,140),(1524,31,'A','3','4','available',1,'2025-08-07 02:39:40','2025-08-07 02:39:40',2,150,140),(1525,31,'A','3','5','available',1,'2025-08-07 02:39:40','2025-08-07 02:39:40',2,175,140),(1526,31,'A','3','6','available',1,'2025-08-07 02:39:40','2025-08-07 02:39:40',2,200,140),(1527,31,'A','3','7','available',1,'2025-08-07 02:39:40','2025-08-07 02:39:40',2,225,140),(1528,31,'A','3','8','available',1,'2025-08-07 02:39:40','2025-08-07 02:39:40',2,250,140),(1529,31,'A','3','9','available',1,'2025-08-07 02:39:40','2025-08-07 02:39:40',2,275,140),(1530,31,'A','3','10','available',1,'2025-08-07 02:39:40','2025-08-07 02:39:40',2,300,140),(1531,31,'A','4','1','available',1,'2025-08-07 02:39:40','2025-08-07 02:39:40',2,75,170),(1532,31,'A','4','2','available',1,'2025-08-07 02:39:40','2025-08-07 02:39:40',2,100,170),(1533,31,'A','4','3','available',1,'2025-08-07 02:39:40','2025-08-07 02:39:40',2,125,170),(1534,31,'A','4','4','available',1,'2025-08-07 02:39:40','2025-08-07 02:39:40',2,150,170),(1535,31,'A','4','5','available',1,'2025-08-07 02:39:40','2025-08-07 02:39:40',2,175,170),(1536,31,'A','4','6','available',1,'2025-08-07 02:39:40','2025-08-07 02:39:40',2,200,170),(1537,31,'A','4','7','available',1,'2025-08-07 02:39:40','2025-08-07 02:39:40',2,225,170),(1538,31,'A','4','8','available',1,'2025-08-07 02:39:40','2025-08-07 02:39:40',2,250,170),(1539,31,'A','4','9','available',1,'2025-08-07 02:39:40','2025-08-07 02:39:40',2,275,170),(1540,31,'A','4','10','available',1,'2025-08-07 02:39:40','2025-08-07 02:39:40',2,300,170),(1541,31,'A','5','1','available',1,'2025-08-07 02:39:40','2025-08-07 02:39:40',2,75,200),(1542,31,'A','5','2','available',1,'2025-08-07 02:39:40','2025-08-07 02:39:40',2,100,200),(1543,31,'A','5','3','available',1,'2025-08-07 02:39:40','2025-08-07 02:39:40',2,125,200),(1544,31,'A','5','4','available',1,'2025-08-07 02:39:40','2025-08-07 02:39:40',2,150,200),(1545,31,'A','5','5','available',1,'2025-08-07 02:39:40','2025-08-07 02:39:40',2,175,200),(1546,31,'A','5','6','available',1,'2025-08-07 02:39:40','2025-08-07 02:39:40',2,200,200),(1547,31,'A','5','7','available',1,'2025-08-07 02:39:40','2025-08-07 02:39:40',2,225,200),(1548,31,'A','5','8','available',1,'2025-08-07 02:39:40','2025-08-07 02:39:40',2,250,200),(1549,31,'A','5','9','available',1,'2025-08-07 02:39:40','2025-08-07 02:39:40',2,275,200),(1550,31,'A','5','10','available',1,'2025-08-07 02:39:40','2025-08-07 02:39:40',2,300,200),(1551,32,'A','1','1','available',1,'2025-08-07 02:39:40','2025-08-07 02:39:40',1,75,80),(1552,32,'A','1','2','available',1,'2025-08-07 02:39:40','2025-08-07 02:39:40',1,100,80),(1553,32,'A','1','3','available',1,'2025-08-07 02:39:40','2025-08-07 02:39:40',1,125,80),(1554,32,'A','1','4','available',1,'2025-08-07 02:39:40','2025-08-07 02:39:40',1,150,80),(1555,32,'A','1','5','available',1,'2025-08-07 02:39:40','2025-08-07 02:39:40',1,175,80),(1556,32,'A','1','6','available',1,'2025-08-07 02:39:40','2025-08-07 02:39:40',1,200,80),(1557,32,'A','1','7','available',1,'2025-08-07 02:39:40','2025-08-07 02:39:40',1,225,80),(1558,32,'A','1','8','available',1,'2025-08-07 02:39:40','2025-08-07 02:39:40',1,250,80),(1559,32,'A','1','9','available',1,'2025-08-07 02:39:40','2025-08-07 02:39:40',1,275,80),(1560,32,'A','1','10','available',1,'2025-08-07 02:39:40','2025-08-07 02:39:40',1,300,80),(1561,32,'A','2','1','available',1,'2025-08-07 02:39:40','2025-08-07 02:39:40',1,75,110),(1562,32,'A','2','2','available',1,'2025-08-07 02:39:40','2025-08-07 02:39:40',1,100,110),(1563,32,'A','2','3','available',1,'2025-08-07 02:39:40','2025-08-07 02:39:40',1,125,110),(1564,32,'A','2','4','available',1,'2025-08-07 02:39:40','2025-08-07 02:39:40',1,150,110),(1565,32,'A','2','5','available',1,'2025-08-07 02:39:40','2025-08-07 02:39:40',1,175,110),(1566,32,'A','2','6','available',1,'2025-08-07 02:39:40','2025-08-07 02:39:40',1,200,110),(1567,32,'A','2','7','available',1,'2025-08-07 02:39:40','2025-08-07 02:39:40',1,225,110),(1568,32,'A','2','8','available',1,'2025-08-07 02:39:40','2025-08-07 02:39:40',1,250,110),(1569,32,'A','2','9','available',1,'2025-08-07 02:39:40','2025-08-07 02:39:40',1,275,110),(1570,32,'A','2','10','available',1,'2025-08-07 02:39:40','2025-08-07 02:39:40',1,300,110),(1571,32,'A','3','1','available',1,'2025-08-07 02:39:40','2025-08-07 02:39:40',2,75,140),(1572,32,'A','3','2','available',1,'2025-08-07 02:39:40','2025-08-07 02:39:40',2,100,140),(1573,32,'A','3','3','available',1,'2025-08-07 02:39:40','2025-08-07 02:39:40',2,125,140),(1574,32,'A','3','4','available',1,'2025-08-07 02:39:40','2025-08-07 02:39:40',2,150,140),(1575,32,'A','3','5','available',1,'2025-08-07 02:39:40','2025-08-07 02:39:40',2,175,140),(1576,32,'A','3','6','available',1,'2025-08-07 02:39:40','2025-08-07 02:39:40',2,200,140),(1577,32,'A','3','7','available',1,'2025-08-07 02:39:40','2025-08-07 02:39:40',2,225,140),(1578,32,'A','3','8','available',1,'2025-08-07 02:39:40','2025-08-07 02:39:40',2,250,140),(1579,32,'A','3','9','available',1,'2025-08-07 02:39:40','2025-08-07 02:39:40',2,275,140),(1580,32,'A','3','10','available',1,'2025-08-07 02:39:40','2025-08-07 02:39:40',2,300,140),(1581,32,'A','4','1','available',1,'2025-08-07 02:39:40','2025-08-07 02:39:40',2,75,170),(1582,32,'A','4','2','available',1,'2025-08-07 02:39:40','2025-08-07 02:39:40',2,100,170),(1583,32,'A','4','3','available',1,'2025-08-07 02:39:40','2025-08-07 02:39:40',2,125,170),(1584,32,'A','4','4','available',1,'2025-08-07 02:39:40','2025-08-07 02:39:40',2,150,170),(1585,32,'A','4','5','available',1,'2025-08-07 02:39:40','2025-08-07 02:39:40',2,175,170),(1586,32,'A','4','6','available',1,'2025-08-07 02:39:40','2025-08-07 02:39:40',2,200,170),(1587,32,'A','4','7','available',1,'2025-08-07 02:39:40','2025-08-07 02:39:40',2,225,170),(1588,32,'A','4','8','available',1,'2025-08-07 02:39:40','2025-08-07 02:39:40',2,250,170),(1589,32,'A','4','9','available',1,'2025-08-07 02:39:40','2025-08-07 02:39:40',2,275,170),(1590,32,'A','4','10','available',1,'2025-08-07 02:39:40','2025-08-07 02:39:40',2,300,170),(1591,32,'A','5','1','available',1,'2025-08-07 02:39:40','2025-08-07 02:39:40',2,75,200),(1592,32,'A','5','2','available',1,'2025-08-07 02:39:40','2025-08-07 02:39:40',2,100,200),(1593,32,'A','5','3','available',1,'2025-08-07 02:39:40','2025-08-07 02:39:40',2,125,200),(1594,32,'A','5','4','available',1,'2025-08-07 02:39:40','2025-08-07 02:39:40',2,150,200),(1595,32,'A','5','5','available',1,'2025-08-07 02:39:40','2025-08-07 02:39:40',2,175,200),(1596,32,'A','5','6','available',1,'2025-08-07 02:39:40','2025-08-07 02:39:40',2,200,200),(1597,32,'A','5','7','available',1,'2025-08-07 02:39:40','2025-08-07 02:39:40',2,225,200),(1598,32,'A','5','8','available',1,'2025-08-07 02:39:40','2025-08-07 02:39:40',2,250,200),(1599,32,'A','5','9','available',1,'2025-08-07 02:39:40','2025-08-07 02:39:40',2,275,200),(1600,32,'A','5','10','available',1,'2025-08-07 02:39:40','2025-08-07 02:39:40',2,300,200),(1601,33,'A','1','1','available',1,'2025-08-07 02:39:40','2025-08-07 02:39:40',1,75,80),(1602,33,'A','1','2','available',1,'2025-08-07 02:39:40','2025-08-07 02:39:40',1,100,80),(1603,33,'A','1','3','available',1,'2025-08-07 02:39:40','2025-08-07 02:39:40',1,125,80),(1604,33,'A','1','4','available',1,'2025-08-07 02:39:40','2025-08-07 02:39:40',1,150,80),(1605,33,'A','1','5','available',1,'2025-08-07 02:39:40','2025-08-07 02:39:40',1,175,80),(1606,33,'A','1','6','available',1,'2025-08-07 02:39:41','2025-08-07 02:39:41',1,200,80),(1607,33,'A','1','7','available',1,'2025-08-07 02:39:41','2025-08-07 02:39:41',1,225,80),(1608,33,'A','1','8','available',1,'2025-08-07 02:39:41','2025-08-07 02:39:41',1,250,80),(1609,33,'A','1','9','available',1,'2025-08-07 02:39:41','2025-08-07 02:39:41',1,275,80),(1610,33,'A','1','10','available',1,'2025-08-07 02:39:41','2025-08-07 02:39:41',1,300,80),(1611,33,'A','2','1','available',1,'2025-08-07 02:39:41','2025-08-07 02:39:41',1,75,110),(1612,33,'A','2','2','available',1,'2025-08-07 02:39:41','2025-08-07 02:39:41',1,100,110),(1613,33,'A','2','3','available',1,'2025-08-07 02:39:41','2025-08-07 02:39:41',1,125,110),(1614,33,'A','2','4','available',1,'2025-08-07 02:39:41','2025-08-07 02:39:41',1,150,110),(1615,33,'A','2','5','available',1,'2025-08-07 02:39:41','2025-08-07 02:39:41',1,175,110),(1616,33,'A','2','6','available',1,'2025-08-07 02:39:41','2025-08-07 02:39:41',1,200,110),(1617,33,'A','2','7','available',1,'2025-08-07 02:39:41','2025-08-07 02:39:41',1,225,110),(1618,33,'A','2','8','available',1,'2025-08-07 02:39:41','2025-08-07 02:39:41',1,250,110),(1619,33,'A','2','9','available',1,'2025-08-07 02:39:41','2025-08-07 02:39:41',1,275,110),(1620,33,'A','2','10','available',1,'2025-08-07 02:39:41','2025-08-07 02:39:41',1,300,110),(1621,33,'A','3','1','available',1,'2025-08-07 02:39:41','2025-08-07 02:39:41',2,75,140),(1622,33,'A','3','2','available',1,'2025-08-07 02:39:41','2025-08-07 02:39:41',2,100,140),(1623,33,'A','3','3','available',1,'2025-08-07 02:39:41','2025-08-07 02:39:41',2,125,140),(1624,33,'A','3','4','available',1,'2025-08-07 02:39:41','2025-08-07 02:39:41',2,150,140),(1625,33,'A','3','5','available',1,'2025-08-07 02:39:41','2025-08-07 02:39:41',2,175,140),(1626,33,'A','3','6','available',1,'2025-08-07 02:39:41','2025-08-07 02:39:41',2,200,140),(1627,33,'A','3','7','available',1,'2025-08-07 02:39:41','2025-08-07 02:39:41',2,225,140),(1628,33,'A','3','8','available',1,'2025-08-07 02:39:41','2025-08-07 02:39:41',2,250,140),(1629,33,'A','3','9','available',1,'2025-08-07 02:39:41','2025-08-07 02:39:41',2,275,140),(1630,33,'A','3','10','available',1,'2025-08-07 02:39:41','2025-08-07 02:39:41',2,300,140),(1631,33,'A','4','1','available',1,'2025-08-07 02:39:41','2025-08-07 02:39:41',2,75,170),(1632,33,'A','4','2','available',1,'2025-08-07 02:39:41','2025-08-07 02:39:41',2,100,170),(1633,33,'A','4','3','available',1,'2025-08-07 02:39:41','2025-08-07 02:39:41',2,125,170),(1634,33,'A','4','4','available',1,'2025-08-07 02:39:41','2025-08-07 02:39:41',2,150,170),(1635,33,'A','4','5','available',1,'2025-08-07 02:39:41','2025-08-07 02:39:41',2,175,170),(1636,33,'A','4','6','available',1,'2025-08-07 02:39:41','2025-08-07 02:39:41',2,200,170),(1637,33,'A','4','7','available',1,'2025-08-07 02:39:41','2025-08-07 02:39:41',2,225,170),(1638,33,'A','4','8','available',1,'2025-08-07 02:39:41','2025-08-07 02:39:41',2,250,170),(1639,33,'A','4','9','available',1,'2025-08-07 02:39:41','2025-08-07 02:39:41',2,275,170),(1640,33,'A','4','10','available',1,'2025-08-07 02:39:41','2025-08-07 02:39:41',2,300,170),(1641,33,'A','5','1','available',1,'2025-08-07 02:39:41','2025-08-07 02:39:41',2,75,200),(1642,33,'A','5','2','available',1,'2025-08-07 02:39:41','2025-08-07 02:39:41',2,100,200),(1643,33,'A','5','3','available',1,'2025-08-07 02:39:41','2025-08-07 02:39:41',2,125,200),(1644,33,'A','5','4','available',1,'2025-08-07 02:39:41','2025-08-07 02:39:41',2,150,200),(1645,33,'A','5','5','available',1,'2025-08-07 02:39:41','2025-08-07 02:39:41',2,175,200),(1646,33,'A','5','6','available',1,'2025-08-07 02:39:41','2025-08-07 02:39:41',2,200,200),(1647,33,'A','5','7','available',1,'2025-08-07 02:39:41','2025-08-07 02:39:41',2,225,200),(1648,33,'A','5','8','available',1,'2025-08-07 02:39:41','2025-08-07 02:39:41',2,250,200),(1649,33,'A','5','9','available',1,'2025-08-07 02:39:41','2025-08-07 02:39:41',2,275,200),(1650,33,'A','5','10','available',1,'2025-08-07 02:39:41','2025-08-07 02:39:41',2,300,200),(1651,34,'A','1','1','available',1,'2025-08-07 02:39:41','2025-08-07 02:39:41',1,75,80),(1652,34,'A','1','2','available',1,'2025-08-07 02:39:41','2025-08-07 02:39:41',1,100,80),(1653,34,'A','1','3','available',1,'2025-08-07 02:39:41','2025-08-07 02:39:41',1,125,80),(1654,34,'A','1','4','available',1,'2025-08-07 02:39:41','2025-08-07 02:39:41',1,150,80),(1655,34,'A','1','5','available',1,'2025-08-07 02:39:41','2025-08-07 02:39:41',1,175,80),(1656,34,'A','1','6','available',1,'2025-08-07 02:39:41','2025-08-07 02:39:41',1,200,80),(1657,34,'A','1','7','available',1,'2025-08-07 02:39:41','2025-08-07 02:39:41',1,225,80),(1658,34,'A','1','8','available',1,'2025-08-07 02:39:41','2025-08-07 02:39:41',1,250,80),(1659,34,'A','1','9','available',1,'2025-08-07 02:39:41','2025-08-07 02:39:41',1,275,80),(1660,34,'A','1','10','available',1,'2025-08-07 02:39:41','2025-08-07 02:39:41',1,300,80),(1661,34,'A','2','1','available',1,'2025-08-07 02:39:41','2025-08-07 02:39:41',1,75,110),(1662,34,'A','2','2','available',1,'2025-08-07 02:39:41','2025-08-07 02:39:41',1,100,110),(1663,34,'A','2','3','available',1,'2025-08-07 02:39:41','2025-08-07 02:39:41',1,125,110),(1664,34,'A','2','4','available',1,'2025-08-07 02:39:41','2025-08-07 02:39:41',1,150,110),(1665,34,'A','2','5','available',1,'2025-08-07 02:39:41','2025-08-07 02:39:41',1,175,110),(1666,34,'A','2','6','available',1,'2025-08-07 02:39:41','2025-08-07 02:39:41',1,200,110),(1667,34,'A','2','7','available',1,'2025-08-07 02:39:41','2025-08-07 02:39:41',1,225,110),(1668,34,'A','2','8','available',1,'2025-08-07 02:39:41','2025-08-07 02:39:41',1,250,110),(1669,34,'A','2','9','available',1,'2025-08-07 02:39:41','2025-08-07 02:39:41',1,275,110),(1670,34,'A','2','10','available',1,'2025-08-07 02:39:41','2025-08-07 02:39:41',1,300,110),(1671,34,'A','3','1','available',1,'2025-08-07 02:39:41','2025-08-07 02:39:41',2,75,140),(1672,34,'A','3','2','available',1,'2025-08-07 02:39:41','2025-08-07 02:39:41',2,100,140),(1673,34,'A','3','3','available',1,'2025-08-07 02:39:41','2025-08-07 02:39:41',2,125,140),(1674,34,'A','3','4','available',1,'2025-08-07 02:39:41','2025-08-07 02:39:41',2,150,140),(1675,34,'A','3','5','available',1,'2025-08-07 02:39:41','2025-08-07 02:39:41',2,175,140),(1676,34,'A','3','6','available',1,'2025-08-07 02:39:41','2025-08-07 02:39:41',2,200,140),(1677,34,'A','3','7','available',1,'2025-08-07 02:39:41','2025-08-07 02:39:41',2,225,140),(1678,34,'A','3','8','available',1,'2025-08-07 02:39:41','2025-08-07 02:39:41',2,250,140),(1679,34,'A','3','9','available',1,'2025-08-07 02:39:41','2025-08-07 02:39:41',2,275,140),(1680,34,'A','3','10','available',1,'2025-08-07 02:39:41','2025-08-07 02:39:41',2,300,140),(1681,34,'A','4','1','available',1,'2025-08-07 02:39:41','2025-08-07 02:39:41',2,75,170),(1682,34,'A','4','2','available',1,'2025-08-07 02:39:41','2025-08-07 02:39:41',2,100,170),(1683,34,'A','4','3','available',1,'2025-08-07 02:39:41','2025-08-07 02:39:41',2,125,170),(1684,34,'A','4','4','available',1,'2025-08-07 02:39:41','2025-08-07 02:39:41',2,150,170),(1685,34,'A','4','5','available',1,'2025-08-07 02:39:41','2025-08-07 02:39:41',2,175,170),(1686,34,'A','4','6','available',1,'2025-08-07 02:39:41','2025-08-07 02:39:41',2,200,170),(1687,34,'A','4','7','available',1,'2025-08-07 02:39:41','2025-08-07 02:39:41',2,225,170),(1688,34,'A','4','8','available',1,'2025-08-07 02:39:41','2025-08-07 02:39:41',2,250,170),(1689,34,'A','4','9','available',1,'2025-08-07 02:39:41','2025-08-07 02:39:41',2,275,170),(1690,34,'A','4','10','available',1,'2025-08-07 02:39:41','2025-08-07 02:39:41',2,300,170),(1691,34,'A','5','1','available',1,'2025-08-07 02:39:41','2025-08-07 02:39:41',2,75,200),(1692,34,'A','5','2','available',1,'2025-08-07 02:39:41','2025-08-07 02:39:41',2,100,200),(1693,34,'A','5','3','available',1,'2025-08-07 02:39:41','2025-08-07 02:39:41',2,125,200),(1694,34,'A','5','4','available',1,'2025-08-07 02:39:41','2025-08-07 02:39:41',2,150,200),(1695,34,'A','5','5','available',1,'2025-08-07 02:39:41','2025-08-07 02:39:41',2,175,200),(1696,34,'A','5','6','available',1,'2025-08-07 02:39:41','2025-08-07 02:39:41',2,200,200),(1697,34,'A','5','7','available',1,'2025-08-07 02:39:41','2025-08-07 02:39:41',2,225,200),(1698,34,'A','5','8','available',1,'2025-08-07 02:39:41','2025-08-07 02:39:41',2,250,200),(1699,34,'A','5','9','available',1,'2025-08-07 02:39:41','2025-08-07 02:39:41',2,275,200),(1700,34,'A','5','10','available',1,'2025-08-07 02:39:41','2025-08-07 02:39:41',2,300,200),(1701,36,'A','1','1','available',1,'2025-08-07 02:39:41','2025-08-07 02:39:41',1,75,80),(1702,36,'A','1','2','available',1,'2025-08-07 02:39:41','2025-08-07 02:39:41',1,100,80),(1703,36,'A','1','3','available',1,'2025-08-07 02:39:41','2025-08-07 02:39:41',1,125,80),(1704,36,'A','1','4','available',1,'2025-08-07 02:39:41','2025-08-07 02:39:41',1,150,80),(1705,36,'A','1','5','available',1,'2025-08-07 02:39:41','2025-08-07 02:39:41',1,175,80),(1706,36,'A','1','6','available',1,'2025-08-07 02:39:41','2025-08-07 02:39:41',1,200,80),(1707,36,'A','1','7','available',1,'2025-08-07 02:39:41','2025-08-07 02:39:41',1,225,80),(1708,36,'A','1','8','available',1,'2025-08-07 02:39:41','2025-08-07 02:39:41',1,250,80),(1709,36,'A','1','9','available',1,'2025-08-07 02:39:41','2025-08-07 02:39:41',1,275,80),(1710,36,'A','1','10','available',1,'2025-08-07 02:39:41','2025-08-07 02:39:41',1,300,80),(1711,36,'A','2','1','available',1,'2025-08-07 02:39:41','2025-08-07 02:39:41',1,75,110),(1712,36,'A','2','2','available',1,'2025-08-07 02:39:41','2025-08-07 02:39:41',1,100,110),(1713,36,'A','2','3','available',1,'2025-08-07 02:39:41','2025-08-07 02:39:41',1,125,110),(1714,36,'A','2','4','available',1,'2025-08-07 02:39:41','2025-08-07 02:39:41',1,150,110),(1715,36,'A','2','5','available',1,'2025-08-07 02:39:41','2025-08-07 02:39:41',1,175,110),(1716,36,'A','2','6','available',1,'2025-08-07 02:39:41','2025-08-07 02:39:41',1,200,110),(1717,36,'A','2','7','available',1,'2025-08-07 02:39:41','2025-08-07 02:39:41',1,225,110),(1718,36,'A','2','8','available',1,'2025-08-07 02:39:41','2025-08-07 02:39:41',1,250,110),(1719,36,'A','2','9','available',1,'2025-08-07 02:39:41','2025-08-07 02:39:41',1,275,110),(1720,36,'A','2','10','available',1,'2025-08-07 02:39:41','2025-08-07 02:39:41',1,300,110),(1721,36,'A','3','1','available',1,'2025-08-07 02:39:41','2025-08-07 02:39:41',2,75,140),(1722,36,'A','3','2','available',1,'2025-08-07 02:39:41','2025-08-07 02:39:41',2,100,140),(1723,36,'A','3','3','available',1,'2025-08-07 02:39:41','2025-08-07 02:39:41',2,125,140),(1724,36,'A','3','4','available',1,'2025-08-07 02:39:41','2025-08-07 02:39:41',2,150,140),(1725,36,'A','3','5','available',1,'2025-08-07 02:39:41','2025-08-07 02:39:41',2,175,140),(1726,36,'A','3','6','available',1,'2025-08-07 02:39:41','2025-08-07 02:39:41',2,200,140),(1727,36,'A','3','7','available',1,'2025-08-07 02:39:41','2025-08-07 02:39:41',2,225,140),(1728,36,'A','3','8','available',1,'2025-08-07 02:39:41','2025-08-07 02:39:41',2,250,140),(1729,36,'A','3','9','available',1,'2025-08-07 02:39:41','2025-08-07 02:39:41',2,275,140),(1730,36,'A','3','10','available',1,'2025-08-07 02:39:41','2025-08-07 02:39:41',2,300,140),(1731,36,'A','4','1','available',1,'2025-08-07 02:39:41','2025-08-07 02:39:41',2,75,170),(1732,36,'A','4','2','available',1,'2025-08-07 02:39:41','2025-08-07 02:39:41',2,100,170),(1733,36,'A','4','3','available',1,'2025-08-07 02:39:41','2025-08-07 02:39:41',2,125,170),(1734,36,'A','4','4','available',1,'2025-08-07 02:39:41','2025-08-07 02:39:41',2,150,170),(1735,36,'A','4','5','available',1,'2025-08-07 02:39:41','2025-08-07 02:39:41',2,175,170),(1736,36,'A','4','6','available',1,'2025-08-07 02:39:41','2025-08-07 02:39:41',2,200,170),(1737,36,'A','4','7','available',1,'2025-08-07 02:39:41','2025-08-07 02:39:41',2,225,170),(1738,36,'A','4','8','available',1,'2025-08-07 02:39:41','2025-08-07 02:39:41',2,250,170),(1739,36,'A','4','9','available',1,'2025-08-07 02:39:41','2025-08-07 02:39:41',2,275,170),(1740,36,'A','4','10','available',1,'2025-08-07 02:39:41','2025-08-07 02:39:41',2,300,170),(1741,36,'A','5','1','available',1,'2025-08-07 02:39:41','2025-08-07 02:39:41',2,75,200),(1742,36,'A','5','2','available',1,'2025-08-07 02:39:41','2025-08-07 02:39:41',2,100,200),(1743,36,'A','5','3','available',1,'2025-08-07 02:39:41','2025-08-07 02:39:41',2,125,200),(1744,36,'A','5','4','available',1,'2025-08-07 02:39:41','2025-08-07 02:39:41',2,150,200),(1745,36,'A','5','5','available',1,'2025-08-07 02:39:41','2025-08-07 02:39:41',2,175,200),(1746,36,'A','5','6','available',1,'2025-08-07 02:39:41','2025-08-07 02:39:41',2,200,200),(1747,36,'A','5','7','available',1,'2025-08-07 02:39:41','2025-08-07 02:39:41',2,225,200),(1748,36,'A','5','8','available',1,'2025-08-07 02:39:41','2025-08-07 02:39:41',2,250,200),(1749,36,'A','5','9','available',1,'2025-08-07 02:39:41','2025-08-07 02:39:41',2,275,200),(1750,36,'A','5','10','available',1,'2025-08-07 02:39:41','2025-08-07 02:39:41',2,300,200),(1751,37,'A','1','1','available',1,'2025-08-07 02:39:41','2025-08-07 02:39:41',1,75,80),(1752,37,'A','1','2','available',1,'2025-08-07 02:39:41','2025-08-07 02:39:41',1,100,80),(1753,37,'A','1','3','available',1,'2025-08-07 02:39:41','2025-08-07 02:39:41',1,125,80),(1754,37,'A','1','4','available',1,'2025-08-07 02:39:41','2025-08-07 02:39:41',1,150,80),(1755,37,'A','1','5','available',1,'2025-08-07 02:39:41','2025-08-07 02:39:41',1,175,80),(1756,37,'A','1','6','available',1,'2025-08-07 02:39:41','2025-08-07 02:39:41',1,200,80),(1757,37,'A','1','7','available',1,'2025-08-07 02:39:41','2025-08-07 02:39:41',1,225,80),(1758,37,'A','1','8','available',1,'2025-08-07 02:39:41','2025-08-07 02:39:41',1,250,80),(1759,37,'A','1','9','available',1,'2025-08-07 02:39:41','2025-08-07 02:39:41',1,275,80),(1760,37,'A','1','10','available',1,'2025-08-07 02:39:41','2025-08-07 02:39:41',1,300,80),(1761,37,'A','2','1','available',1,'2025-08-07 02:39:41','2025-08-07 02:39:41',1,75,110),(1762,37,'A','2','2','available',1,'2025-08-07 02:39:41','2025-08-07 02:39:41',1,100,110),(1763,37,'A','2','3','available',1,'2025-08-07 02:39:41','2025-08-07 02:39:41',1,125,110),(1764,37,'A','2','4','available',1,'2025-08-07 02:39:41','2025-08-07 02:39:41',1,150,110),(1765,37,'A','2','5','available',1,'2025-08-07 02:39:41','2025-08-07 02:39:41',1,175,110),(1766,37,'A','2','6','available',1,'2025-08-07 02:39:41','2025-08-07 02:39:41',1,200,110),(1767,37,'A','2','7','available',1,'2025-08-07 02:39:41','2025-08-07 02:39:41',1,225,110),(1768,37,'A','2','8','available',1,'2025-08-07 02:39:41','2025-08-07 02:39:41',1,250,110),(1769,37,'A','2','9','available',1,'2025-08-07 02:39:41','2025-08-07 02:39:41',1,275,110),(1770,37,'A','2','10','available',1,'2025-08-07 02:39:41','2025-08-07 02:39:41',1,300,110),(1771,37,'A','3','1','available',1,'2025-08-07 02:39:41','2025-08-07 02:39:41',2,75,140),(1772,37,'A','3','2','available',1,'2025-08-07 02:39:41','2025-08-07 02:39:41',2,100,140),(1773,37,'A','3','3','available',1,'2025-08-07 02:39:41','2025-08-07 02:39:41',2,125,140),(1774,37,'A','3','4','available',1,'2025-08-07 02:39:41','2025-08-07 02:39:41',2,150,140),(1775,37,'A','3','5','available',1,'2025-08-07 02:39:41','2025-08-07 02:39:41',2,175,140),(1776,37,'A','3','6','available',1,'2025-08-07 02:39:41','2025-08-07 02:39:41',2,200,140),(1777,37,'A','3','7','available',1,'2025-08-07 02:39:41','2025-08-07 02:39:41',2,225,140),(1778,37,'A','3','8','available',1,'2025-08-07 02:39:41','2025-08-07 02:39:41',2,250,140),(1779,37,'A','3','9','available',1,'2025-08-07 02:39:41','2025-08-07 02:39:41',2,275,140),(1780,37,'A','3','10','available',1,'2025-08-07 02:39:41','2025-08-07 02:39:41',2,300,140),(1781,37,'A','4','1','available',1,'2025-08-07 02:39:41','2025-08-07 02:39:41',2,75,170),(1782,37,'A','4','2','available',1,'2025-08-07 02:39:41','2025-08-07 02:39:41',2,100,170),(1783,37,'A','4','3','available',1,'2025-08-07 02:39:41','2025-08-07 02:39:41',2,125,170),(1784,37,'A','4','4','available',1,'2025-08-07 02:39:41','2025-08-07 02:39:41',2,150,170),(1785,37,'A','4','5','available',1,'2025-08-07 02:39:41','2025-08-07 02:39:41',2,175,170),(1786,37,'A','4','6','available',1,'2025-08-07 02:39:41','2025-08-07 02:39:41',2,200,170),(1787,37,'A','4','7','available',1,'2025-08-07 02:39:41','2025-08-07 02:39:41',2,225,170),(1788,37,'A','4','8','available',1,'2025-08-07 02:39:41','2025-08-07 02:39:41',2,250,170),(1789,37,'A','4','9','available',1,'2025-08-07 02:39:41','2025-08-07 02:39:41',2,275,170),(1790,37,'A','4','10','available',1,'2025-08-07 02:39:41','2025-08-07 02:39:41',2,300,170),(1791,37,'A','5','1','available',1,'2025-08-07 02:39:41','2025-08-07 02:39:41',2,75,200),(1792,37,'A','5','2','available',1,'2025-08-07 02:39:41','2025-08-07 02:39:41',2,100,200),(1793,37,'A','5','3','available',1,'2025-08-07 02:39:41','2025-08-07 02:39:41',2,125,200),(1794,37,'A','5','4','available',1,'2025-08-07 02:39:41','2025-08-07 02:39:41',2,150,200),(1795,37,'A','5','5','available',1,'2025-08-07 02:39:41','2025-08-07 02:39:41',2,175,200),(1796,37,'A','5','6','available',1,'2025-08-07 02:39:41','2025-08-07 02:39:41',2,200,200),(1797,37,'A','5','7','available',1,'2025-08-07 02:39:41','2025-08-07 02:39:41',2,225,200),(1798,37,'A','5','8','available',1,'2025-08-07 02:39:41','2025-08-07 02:39:41',2,250,200),(1799,37,'A','5','9','available',1,'2025-08-07 02:39:41','2025-08-07 02:39:41',2,275,200),(1800,37,'A','5','10','available',1,'2025-08-07 02:39:41','2025-08-07 02:39:41',2,300,200),(1801,38,'A','1','1','available',1,'2025-08-07 02:39:41','2025-08-07 02:39:41',1,75,80),(1802,38,'A','1','2','available',1,'2025-08-07 02:39:41','2025-08-07 02:39:41',1,100,80),(1803,38,'A','1','3','available',1,'2025-08-07 02:39:41','2025-08-07 02:39:41',1,125,80),(1804,38,'A','1','4','available',1,'2025-08-07 02:39:41','2025-08-07 02:39:41',1,150,80),(1805,38,'A','1','5','available',1,'2025-08-07 02:39:41','2025-08-07 02:39:41',1,175,80),(1806,38,'A','1','6','available',1,'2025-08-07 02:39:41','2025-08-07 02:39:41',1,200,80),(1807,38,'A','1','7','available',1,'2025-08-07 02:39:41','2025-08-07 02:39:41',1,225,80),(1808,38,'A','1','8','available',1,'2025-08-07 02:39:41','2025-08-07 02:39:41',1,250,80),(1809,38,'A','1','9','available',1,'2025-08-07 02:39:41','2025-08-07 02:39:41',1,275,80),(1810,38,'A','1','10','available',1,'2025-08-07 02:39:41','2025-08-07 02:39:41',1,300,80),(1811,38,'A','2','1','available',1,'2025-08-07 02:39:41','2025-08-07 02:39:41',1,75,110),(1812,38,'A','2','2','available',1,'2025-08-07 02:39:41','2025-08-07 02:39:41',1,100,110),(1813,38,'A','2','3','available',1,'2025-08-07 02:39:41','2025-08-07 02:39:41',1,125,110),(1814,38,'A','2','4','available',1,'2025-08-07 02:39:41','2025-08-07 02:39:41',1,150,110),(1815,38,'A','2','5','available',1,'2025-08-07 02:39:41','2025-08-07 02:39:41',1,175,110),(1816,38,'A','2','6','available',1,'2025-08-07 02:39:41','2025-08-07 02:39:41',1,200,110),(1817,38,'A','2','7','available',1,'2025-08-07 02:39:41','2025-08-07 02:39:41',1,225,110),(1818,38,'A','2','8','available',1,'2025-08-07 02:39:41','2025-08-07 02:39:41',1,250,110),(1819,38,'A','2','9','available',1,'2025-08-07 02:39:41','2025-08-07 02:39:41',1,275,110),(1820,38,'A','2','10','available',1,'2025-08-07 02:39:41','2025-08-07 02:39:41',1,300,110),(1821,38,'A','3','1','available',1,'2025-08-07 02:39:41','2025-08-07 02:39:41',2,75,140),(1822,38,'A','3','2','available',1,'2025-08-07 02:39:41','2025-08-07 02:39:41',2,100,140),(1823,38,'A','3','3','available',1,'2025-08-07 02:39:41','2025-08-07 02:39:41',2,125,140),(1824,38,'A','3','4','available',1,'2025-08-07 02:39:41','2025-08-07 02:39:41',2,150,140),(1825,38,'A','3','5','available',1,'2025-08-07 02:39:41','2025-08-07 02:39:41',2,175,140),(1826,38,'A','3','6','available',1,'2025-08-07 02:39:41','2025-08-07 02:39:41',2,200,140),(1827,38,'A','3','7','available',1,'2025-08-07 02:39:41','2025-08-07 02:39:41',2,225,140),(1828,38,'A','3','8','available',1,'2025-08-07 02:39:41','2025-08-07 02:39:41',2,250,140),(1829,38,'A','3','9','available',1,'2025-08-07 02:39:41','2025-08-07 02:39:41',2,275,140),(1830,38,'A','3','10','available',1,'2025-08-07 02:39:41','2025-08-07 02:39:41',2,300,140),(1831,38,'A','4','1','available',1,'2025-08-07 02:39:41','2025-08-07 02:39:41',2,75,170),(1832,38,'A','4','2','available',1,'2025-08-07 02:39:41','2025-08-07 02:39:41',2,100,170),(1833,38,'A','4','3','available',1,'2025-08-07 02:39:41','2025-08-07 02:39:41',2,125,170),(1834,38,'A','4','4','available',1,'2025-08-07 02:39:41','2025-08-07 02:39:41',2,150,170),(1835,38,'A','4','5','available',1,'2025-08-07 02:39:41','2025-08-07 02:39:41',2,175,170),(1836,38,'A','4','6','available',1,'2025-08-07 02:39:41','2025-08-07 02:39:41',2,200,170),(1837,38,'A','4','7','available',1,'2025-08-07 02:39:41','2025-08-07 02:39:41',2,225,170),(1838,38,'A','4','8','available',1,'2025-08-07 02:39:41','2025-08-07 02:39:41',2,250,170),(1839,38,'A','4','9','available',1,'2025-08-07 02:39:41','2025-08-07 02:39:41',2,275,170),(1840,38,'A','4','10','available',1,'2025-08-07 02:39:41','2025-08-07 02:39:41',2,300,170),(1841,38,'A','5','1','available',1,'2025-08-07 02:39:41','2025-08-07 02:39:41',2,75,200),(1842,38,'A','5','2','available',1,'2025-08-07 02:39:41','2025-08-07 02:39:41',2,100,200),(1843,38,'A','5','3','available',1,'2025-08-07 02:39:41','2025-08-07 02:39:41',2,125,200),(1844,38,'A','5','4','available',1,'2025-08-07 02:39:41','2025-08-07 02:39:41',2,150,200),(1845,38,'A','5','5','available',1,'2025-08-07 02:39:41','2025-08-07 02:39:41',2,175,200),(1846,38,'A','5','6','available',1,'2025-08-07 02:39:41','2025-08-07 02:39:41',2,200,200),(1847,38,'A','5','7','available',1,'2025-08-07 02:39:41','2025-08-07 02:39:41',2,225,200),(1848,38,'A','5','8','available',1,'2025-08-07 02:39:41','2025-08-07 02:39:41',2,250,200),(1849,38,'A','5','9','available',1,'2025-08-07 02:39:41','2025-08-07 02:39:41',2,275,200),(1850,38,'A','5','10','available',1,'2025-08-07 02:39:41','2025-08-07 02:39:41',2,300,200),(1851,39,'A','1','1','available',1,'2025-08-07 02:39:41','2025-08-07 02:39:41',1,75,80),(1852,39,'A','1','2','available',1,'2025-08-07 02:39:41','2025-08-07 02:39:41',1,100,80),(1853,39,'A','1','3','available',1,'2025-08-07 02:39:41','2025-08-07 02:39:41',1,125,80),(1854,39,'A','1','4','available',1,'2025-08-07 02:39:41','2025-08-07 02:39:41',1,150,80),(1855,39,'A','1','5','available',1,'2025-08-07 02:39:41','2025-08-07 02:39:41',1,175,80),(1856,39,'A','1','6','available',1,'2025-08-07 02:39:41','2025-08-07 02:39:41',1,200,80),(1857,39,'A','1','7','available',1,'2025-08-07 02:39:41','2025-08-07 02:39:41',1,225,80),(1858,39,'A','1','8','available',1,'2025-08-07 02:39:41','2025-08-07 02:39:41',1,250,80),(1859,39,'A','1','9','available',1,'2025-08-07 02:39:41','2025-08-07 02:39:41',1,275,80),(1860,39,'A','1','10','available',1,'2025-08-07 02:39:41','2025-08-07 02:39:41',1,300,80),(1861,39,'A','2','1','available',1,'2025-08-07 02:39:41','2025-08-07 02:39:41',1,75,110),(1862,39,'A','2','2','available',1,'2025-08-07 02:39:41','2025-08-07 02:39:41',1,100,110),(1863,39,'A','2','3','available',1,'2025-08-07 02:39:41','2025-08-07 02:39:41',1,125,110),(1864,39,'A','2','4','available',1,'2025-08-07 02:39:41','2025-08-07 02:39:41',1,150,110),(1865,39,'A','2','5','available',1,'2025-08-07 02:39:41','2025-08-07 02:39:41',1,175,110),(1866,39,'A','2','6','available',1,'2025-08-07 02:39:41','2025-08-07 02:39:41',1,200,110),(1867,39,'A','2','7','available',1,'2025-08-07 02:39:41','2025-08-07 02:39:41',1,225,110),(1868,39,'A','2','8','available',1,'2025-08-07 02:39:41','2025-08-07 02:39:41',1,250,110),(1869,39,'A','2','9','available',1,'2025-08-07 02:39:41','2025-08-07 02:39:41',1,275,110),(1870,39,'A','2','10','available',1,'2025-08-07 02:39:41','2025-08-07 02:39:41',1,300,110),(1871,39,'A','3','1','available',1,'2025-08-07 02:39:41','2025-08-07 02:39:41',2,75,140),(1872,39,'A','3','2','available',1,'2025-08-07 02:39:41','2025-08-07 02:39:41',2,100,140),(1873,39,'A','3','3','available',1,'2025-08-07 02:39:41','2025-08-07 02:39:41',2,125,140),(1874,39,'A','3','4','available',1,'2025-08-07 02:39:41','2025-08-07 02:39:41',2,150,140),(1875,39,'A','3','5','available',1,'2025-08-07 02:39:41','2025-08-07 02:39:41',2,175,140),(1876,39,'A','3','6','available',1,'2025-08-07 02:39:41','2025-08-07 02:39:41',2,200,140),(1877,39,'A','3','7','available',1,'2025-08-07 02:39:41','2025-08-07 02:39:41',2,225,140),(1878,39,'A','3','8','available',1,'2025-08-07 02:39:41','2025-08-07 02:39:41',2,250,140),(1879,39,'A','3','9','available',1,'2025-08-07 02:39:41','2025-08-07 02:39:41',2,275,140),(1880,39,'A','3','10','available',1,'2025-08-07 02:39:41','2025-08-07 02:39:41',2,300,140),(1881,39,'A','4','1','available',1,'2025-08-07 02:39:41','2025-08-07 02:39:41',2,75,170),(1882,39,'A','4','2','available',1,'2025-08-07 02:39:41','2025-08-07 02:39:41',2,100,170),(1883,39,'A','4','3','available',1,'2025-08-07 02:39:41','2025-08-07 02:39:41',2,125,170),(1884,39,'A','4','4','available',1,'2025-08-07 02:39:41','2025-08-07 02:39:41',2,150,170),(1885,39,'A','4','5','available',1,'2025-08-07 02:39:41','2025-08-07 02:39:41',2,175,170),(1886,39,'A','4','6','available',1,'2025-08-07 02:39:41','2025-08-07 02:39:41',2,200,170),(1887,39,'A','4','7','available',1,'2025-08-07 02:39:41','2025-08-07 02:39:41',2,225,170),(1888,39,'A','4','8','available',1,'2025-08-07 02:39:41','2025-08-07 02:39:41',2,250,170),(1889,39,'A','4','9','available',1,'2025-08-07 02:39:41','2025-08-07 02:39:41',2,275,170),(1890,39,'A','4','10','available',1,'2025-08-07 02:39:41','2025-08-07 02:39:41',2,300,170),(1891,39,'A','5','1','available',1,'2025-08-07 02:39:41','2025-08-07 02:39:41',2,75,200),(1892,39,'A','5','2','available',1,'2025-08-07 02:39:41','2025-08-07 02:39:41',2,100,200),(1893,39,'A','5','3','available',1,'2025-08-07 02:39:41','2025-08-07 02:39:41',2,125,200),(1894,39,'A','5','4','available',1,'2025-08-07 02:39:41','2025-08-07 02:39:41',2,150,200),(1895,39,'A','5','5','available',1,'2025-08-07 02:39:41','2025-08-07 02:39:41',2,175,200),(1896,39,'A','5','6','available',1,'2025-08-07 02:39:41','2025-08-07 02:39:41',2,200,200),(1897,39,'A','5','7','available',1,'2025-08-07 02:39:41','2025-08-07 02:39:41',2,225,200),(1898,39,'A','5','8','available',1,'2025-08-07 02:39:41','2025-08-07 02:39:41',2,250,200),(1899,39,'A','5','9','available',1,'2025-08-07 02:39:41','2025-08-07 02:39:41',2,275,200),(1900,39,'A','5','10','available',1,'2025-08-07 02:39:41','2025-08-07 02:39:41',2,300,200),(1901,40,'A','1','1','available',1,'2025-08-07 02:39:41','2025-08-07 02:39:41',1,75,80),(1902,40,'A','1','2','available',1,'2025-08-07 02:39:41','2025-08-07 02:39:41',1,100,80),(1903,40,'A','1','3','available',1,'2025-08-07 02:39:41','2025-08-07 02:39:41',1,125,80),(1904,40,'A','1','4','available',1,'2025-08-07 02:39:41','2025-08-07 02:39:41',1,150,80),(1905,40,'A','1','5','available',1,'2025-08-07 02:39:41','2025-08-07 02:39:41',1,175,80),(1906,40,'A','1','6','available',1,'2025-08-07 02:39:41','2025-08-07 02:39:41',1,200,80),(1907,40,'A','1','7','available',1,'2025-08-07 02:39:41','2025-08-07 02:39:41',1,225,80),(1908,40,'A','1','8','available',1,'2025-08-07 02:39:41','2025-08-07 02:39:41',1,250,80),(1909,40,'A','1','9','available',1,'2025-08-07 02:39:41','2025-08-07 02:39:41',1,275,80),(1910,40,'A','1','10','available',1,'2025-08-07 02:39:41','2025-08-07 02:39:41',1,300,80),(1911,40,'A','2','1','available',1,'2025-08-07 02:39:41','2025-08-07 02:39:41',1,75,110),(1912,40,'A','2','2','available',1,'2025-08-07 02:39:41','2025-08-07 02:39:41',1,100,110),(1913,40,'A','2','3','available',1,'2025-08-07 02:39:41','2025-08-07 02:39:41',1,125,110),(1914,40,'A','2','4','available',1,'2025-08-07 02:39:41','2025-08-07 02:39:41',1,150,110),(1915,40,'A','2','5','available',1,'2025-08-07 02:39:41','2025-08-07 02:39:41',1,175,110),(1916,40,'A','2','6','available',1,'2025-08-07 02:39:41','2025-08-07 02:39:41',1,200,110),(1917,40,'A','2','7','available',1,'2025-08-07 02:39:41','2025-08-07 02:39:41',1,225,110),(1918,40,'A','2','8','available',1,'2025-08-07 02:39:41','2025-08-07 02:39:41',1,250,110),(1919,40,'A','2','9','available',1,'2025-08-07 02:39:41','2025-08-07 02:39:41',1,275,110),(1920,40,'A','2','10','available',1,'2025-08-07 02:39:41','2025-08-07 02:39:41',1,300,110),(1921,40,'A','3','1','available',1,'2025-08-07 02:39:41','2025-08-07 02:39:41',2,75,140),(1922,40,'A','3','2','available',1,'2025-08-07 02:39:41','2025-08-07 02:39:41',2,100,140),(1923,40,'A','3','3','available',1,'2025-08-07 02:39:41','2025-08-07 02:39:41',2,125,140),(1924,40,'A','3','4','available',1,'2025-08-07 02:39:41','2025-08-07 02:39:41',2,150,140),(1925,40,'A','3','5','available',1,'2025-08-07 02:39:41','2025-08-07 02:39:41',2,175,140),(1926,40,'A','3','6','available',1,'2025-08-07 02:39:41','2025-08-07 02:39:41',2,200,140),(1927,40,'A','3','7','available',1,'2025-08-07 02:39:41','2025-08-07 02:39:41',2,225,140),(1928,40,'A','3','8','available',1,'2025-08-07 02:39:41','2025-08-07 02:39:41',2,250,140),(1929,40,'A','3','9','available',1,'2025-08-07 02:39:41','2025-08-07 02:39:41',2,275,140),(1930,40,'A','3','10','available',1,'2025-08-07 02:39:41','2025-08-07 02:39:41',2,300,140),(1931,40,'A','4','1','available',1,'2025-08-07 02:39:41','2025-08-07 02:39:41',2,75,170),(1932,40,'A','4','2','available',1,'2025-08-07 02:39:41','2025-08-07 02:39:41',2,100,170),(1933,40,'A','4','3','available',1,'2025-08-07 02:39:41','2025-08-07 02:39:41',2,125,170),(1934,40,'A','4','4','available',1,'2025-08-07 02:39:41','2025-08-07 02:39:41',2,150,170),(1935,40,'A','4','5','available',1,'2025-08-07 02:39:41','2025-08-07 02:39:41',2,175,170),(1936,40,'A','4','6','available',1,'2025-08-07 02:39:42','2025-08-07 02:39:42',2,200,170),(1937,40,'A','4','7','available',1,'2025-08-07 02:39:42','2025-08-07 02:39:42',2,225,170),(1938,40,'A','4','8','available',1,'2025-08-07 02:39:42','2025-08-07 02:39:42',2,250,170),(1939,40,'A','4','9','available',1,'2025-08-07 02:39:42','2025-08-07 02:39:42',2,275,170),(1940,40,'A','4','10','available',1,'2025-08-07 02:39:42','2025-08-07 02:39:42',2,300,170),(1941,40,'A','5','1','available',1,'2025-08-07 02:39:42','2025-08-07 02:39:42',2,75,200),(1942,40,'A','5','2','available',1,'2025-08-07 02:39:42','2025-08-07 02:39:42',2,100,200),(1943,40,'A','5','3','available',1,'2025-08-07 02:39:42','2025-08-07 02:39:42',2,125,200),(1944,40,'A','5','4','available',1,'2025-08-07 02:39:42','2025-08-07 02:39:42',2,150,200),(1945,40,'A','5','5','available',1,'2025-08-07 02:39:42','2025-08-07 02:39:42',2,175,200),(1946,40,'A','5','6','available',1,'2025-08-07 02:39:42','2025-08-07 02:39:42',2,200,200),(1947,40,'A','5','7','available',1,'2025-08-07 02:39:42','2025-08-07 02:39:42',2,225,200),(1948,40,'A','5','8','available',1,'2025-08-07 02:39:42','2025-08-07 02:39:42',2,250,200),(1949,40,'A','5','9','available',1,'2025-08-07 02:39:42','2025-08-07 02:39:42',2,275,200),(1950,40,'A','5','10','available',1,'2025-08-07 02:39:42','2025-08-07 02:39:42',2,300,200),(1951,41,'A','1','1','available',1,'2025-08-07 02:39:42','2025-08-07 02:39:42',1,75,80),(1952,41,'A','1','2','available',1,'2025-08-07 02:39:42','2025-08-07 02:39:42',1,100,80),(1953,41,'A','1','3','available',1,'2025-08-07 02:39:42','2025-08-07 02:39:42',1,125,80),(1954,41,'A','1','4','available',1,'2025-08-07 02:39:42','2025-08-07 02:39:42',1,150,80),(1955,41,'A','1','5','available',1,'2025-08-07 02:39:42','2025-08-07 02:39:42',1,175,80),(1956,41,'A','1','6','available',1,'2025-08-07 02:39:42','2025-08-07 02:39:42',1,200,80),(1957,41,'A','1','7','available',1,'2025-08-07 02:39:42','2025-08-07 02:39:42',1,225,80),(1958,41,'A','1','8','available',1,'2025-08-07 02:39:42','2025-08-07 02:39:42',1,250,80),(1959,41,'A','1','9','available',1,'2025-08-07 02:39:42','2025-08-07 02:39:42',1,275,80),(1960,41,'A','1','10','available',1,'2025-08-07 02:39:42','2025-08-07 02:39:42',1,300,80),(1961,41,'A','2','1','available',1,'2025-08-07 02:39:42','2025-08-07 02:39:42',1,75,110),(1962,41,'A','2','2','available',1,'2025-08-07 02:39:42','2025-08-07 02:39:42',1,100,110),(1963,41,'A','2','3','available',1,'2025-08-07 02:39:42','2025-08-07 02:39:42',1,125,110),(1964,41,'A','2','4','available',1,'2025-08-07 02:39:42','2025-08-07 02:39:42',1,150,110),(1965,41,'A','2','5','available',1,'2025-08-07 02:39:42','2025-08-07 02:39:42',1,175,110),(1966,41,'A','2','6','available',1,'2025-08-07 02:39:42','2025-08-07 02:39:42',1,200,110),(1967,41,'A','2','7','available',1,'2025-08-07 02:39:42','2025-08-07 02:39:42',1,225,110),(1968,41,'A','2','8','available',1,'2025-08-07 02:39:42','2025-08-07 02:39:42',1,250,110),(1969,41,'A','2','9','available',1,'2025-08-07 02:39:42','2025-08-07 02:39:42',1,275,110),(1970,41,'A','2','10','available',1,'2025-08-07 02:39:42','2025-08-07 02:39:42',1,300,110),(1971,41,'A','3','1','available',1,'2025-08-07 02:39:42','2025-08-07 02:39:42',2,75,140),(1972,41,'A','3','2','available',1,'2025-08-07 02:39:42','2025-08-07 02:39:42',2,100,140),(1973,41,'A','3','3','available',1,'2025-08-07 02:39:42','2025-08-07 02:39:42',2,125,140),(1974,41,'A','3','4','available',1,'2025-08-07 02:39:42','2025-08-07 02:39:42',2,150,140),(1975,41,'A','3','5','available',1,'2025-08-07 02:39:42','2025-08-07 02:39:42',2,175,140),(1976,41,'A','3','6','available',1,'2025-08-07 02:39:42','2025-08-07 02:39:42',2,200,140),(1977,41,'A','3','7','available',1,'2025-08-07 02:39:42','2025-08-07 02:39:42',2,225,140),(1978,41,'A','3','8','available',1,'2025-08-07 02:39:42','2025-08-07 02:39:42',2,250,140),(1979,41,'A','3','9','available',1,'2025-08-07 02:39:42','2025-08-07 02:39:42',2,275,140),(1980,41,'A','3','10','available',1,'2025-08-07 02:39:42','2025-08-07 02:39:42',2,300,140),(1981,41,'A','4','1','available',1,'2025-08-07 02:39:42','2025-08-07 02:39:42',2,75,170),(1982,41,'A','4','2','available',1,'2025-08-07 02:39:42','2025-08-07 02:39:42',2,100,170),(1983,41,'A','4','3','available',1,'2025-08-07 02:39:42','2025-08-07 02:39:42',2,125,170),(1984,41,'A','4','4','available',1,'2025-08-07 02:39:42','2025-08-07 02:39:42',2,150,170),(1985,41,'A','4','5','available',1,'2025-08-07 02:39:42','2025-08-07 02:39:42',2,175,170),(1986,41,'A','4','6','available',1,'2025-08-07 02:39:42','2025-08-07 02:39:42',2,200,170),(1987,41,'A','4','7','available',1,'2025-08-07 02:39:42','2025-08-07 02:39:42',2,225,170),(1988,41,'A','4','8','available',1,'2025-08-07 02:39:42','2025-08-07 02:39:42',2,250,170),(1989,41,'A','4','9','available',1,'2025-08-07 02:39:42','2025-08-07 02:39:42',2,275,170),(1990,41,'A','4','10','available',1,'2025-08-07 02:39:42','2025-08-07 02:39:42',2,300,170),(1991,41,'A','5','1','available',1,'2025-08-07 02:39:42','2025-08-07 02:39:42',2,75,200),(1992,41,'A','5','2','available',1,'2025-08-07 02:39:42','2025-08-07 02:39:42',2,100,200),(1993,41,'A','5','3','available',1,'2025-08-07 02:39:42','2025-08-07 02:39:42',2,125,200),(1994,41,'A','5','4','available',1,'2025-08-07 02:39:42','2025-08-07 02:39:42',2,150,200),(1995,41,'A','5','5','available',1,'2025-08-07 02:39:42','2025-08-07 02:39:42',2,175,200),(1996,41,'A','5','6','available',1,'2025-08-07 02:39:42','2025-08-07 02:39:42',2,200,200),(1997,41,'A','5','7','available',1,'2025-08-07 02:39:42','2025-08-07 02:39:42',2,225,200),(1998,41,'A','5','8','available',1,'2025-08-07 02:39:42','2025-08-07 02:39:42',2,250,200),(1999,41,'A','5','9','available',1,'2025-08-07 02:39:42','2025-08-07 02:39:42',2,275,200),(2000,41,'A','5','10','available',1,'2025-08-07 02:39:42','2025-08-07 02:39:42',2,300,200);
/*!40000 ALTER TABLE `seats` ENABLE KEYS */;
UNLOCK TABLES;

--
-- Table structure for table `sessions`
--

DROP TABLE IF EXISTS `sessions`;
/*!40101 SET @saved_cs_client     = @@character_set_client */;
/*!50503 SET character_set_client = utf8mb4 */;
CREATE TABLE `sessions` (
  `id` varchar(255) CHARACTER SET utf8mb4 COLLATE utf8mb4_unicode_ci NOT NULL,
  `user_id` bigint unsigned DEFAULT NULL,
  `ip_address` varchar(45) CHARACTER SET utf8mb4 COLLATE utf8mb4_unicode_ci DEFAULT NULL,
  `user_agent` text CHARACTER SET utf8mb4 COLLATE utf8mb4_unicode_ci,
  `payload` longtext CHARACTER SET utf8mb4 COLLATE utf8mb4_unicode_ci NOT NULL,
  `last_activity` int NOT NULL,
  PRIMARY KEY (`id`),
  KEY `sessions_user_id_index` (`user_id`),
  KEY `sessions_last_activity_index` (`last_activity`)
) ENGINE=InnoDB DEFAULT CHARSET=utf8mb4 COLLATE=utf8mb4_unicode_ci;
/*!40101 SET character_set_client = @saved_cs_client */;

--
-- Dumping data for table `sessions`
--

LOCK TABLES `sessions` WRITE;
/*!40000 ALTER TABLE `sessions` DISABLE KEYS */;
INSERT INTO `sessions` VALUES ('2gS7pZmNlxbdJo6QvKs36pHuBfOQAe6oJSXBWuwJ',NULL,'127.0.0.1','Mozilla/5.0 (Windows NT 10.0; Win64; x64) AppleWebKit/537.36 (KHTML, like Gecko) Chrome/145.0.0.0 Safari/537.36','YTozOntzOjY6Il90b2tlbiI7czo0MDoiU3F5TmN3QzRsTXVrbmNGYUZUYlpYYUxkblZaUHhyTENvdXVaMURvdSI7czo5OiJfcHJldmlvdXMiO2E6Mjp7czozOiJ1cmwiO3M6Mjk6Imh0dHA6Ly8xMjcuMC4wLjE6ODAwMC9hYm91dHVzIjtzOjU6InJvdXRlIjtzOjc6ImFib3V0dXMiO31zOjY6Il9mbGFzaCI7YToyOntzOjM6Im9sZCI7YTowOnt9czozOiJuZXciO2E6MDp7fX19',1773061926),('Legru38P3AKUIOPjwi0a2AvzDxEfzjrQmznIPXN1',NULL,'127.0.0.1','Mozilla/5.0 (Windows NT 10.0; Win64; x64) AppleWebKit/537.36 (KHTML, like Gecko) Chrome/145.0.0.0 Safari/537.36','YTozOntzOjY6Il90b2tlbiI7czo0MDoid29LOFdPQ2F6dVJLZXVhcDhib0RiYktZVzNsWm53Qjg2U1lDRWxmdCI7czo5OiJfcHJldmlvdXMiO2E6Mjp7czozOiJ1cmwiO3M6MzE6Imh0dHA6Ly8xMjcuMC4wLjE6ODAwMC9jb250YWN0dXMiO3M6NToicm91dGUiO3M6OToiY29udGFjdHVzIjt9czo2OiJfZmxhc2giO2E6Mjp7czozOiJvbGQiO2E6MDp7fXM6MzoibmV3IjthOjA6e319fQ==',1772936889),('PZbaiZf93k1LNZLj3xTsQEPmIZKDBKSKRYLDPlcF',NULL,'127.0.0.1','Mozilla/5.0 (Windows NT 10.0; Win64; x64) AppleWebKit/537.36 (KHTML, like Gecko) Chrome/145.0.0.0 Safari/537.36','YTozOntzOjY6Il90b2tlbiI7czo0MDoib2RJVmhkd0R3eGV5TU9uaXJtMllFMDJ2MzgyWUswVUxLVkJTcTFDciI7czo5OiJfcHJldmlvdXMiO2E6Mjp7czozOiJ1cmwiO3M6Mjg6Imh0dHA6Ly8xMjcuMC4wLjE6ODAwMC9ldmVudHMiO3M6NToicm91dGUiO3M6NjoiZXZlbnRzIjt9czo2OiJfZmxhc2giO2E6Mjp7czozOiJvbGQiO2E6MDp7fXM6MzoibmV3IjthOjA6e319fQ==',1772971124),('uId5oHA8UwylYWG0VASfpXcfdSCTA6OqvotYlNst',NULL,'127.0.0.1','Mozilla/5.0 (Windows NT 10.0; Win64; x64) AppleWebKit/537.36 (KHTML, like Gecko) Chrome/145.0.0.0 Safari/537.36','YTozOntzOjY6Il90b2tlbiI7czo0MDoiaDQ5Y1BGWmlqWGRudmNvSER0Ylg5T1dZODJPMGdlemJ0UkRmNFhGSCI7czo5OiJfcHJldmlvdXMiO2E6Mjp7czozOiJ1cmwiO3M6MzY6Imh0dHA6Ly8xMjcuMC4wLjE6ODAwMC9nYWxsZXJ5LzIwMjUvNyI7czo1OiJyb3V0ZSI7czoxMjoiZ2FsbGVyeS5zaG93Ijt9czo2OiJfZmxhc2giO2E6Mjp7czozOiJvbGQiO2E6MDp7fXM6MzoibmV3IjthOjA6e319fQ==',1773039561),('yUgWlqevU6B7Xzh80QBQ35qkzlBgv8liACeIfAIV',NULL,'127.0.0.1','Mozilla/5.0 (Windows NT 10.0; Win64; x64) AppleWebKit/537.36 (KHTML, like Gecko) Chrome/145.0.0.0 Safari/537.36','YTozOntzOjY6Il90b2tlbiI7czo0MDoiZ2JsdUJWZGRvVklrdFBscUJQNXJ3NWRTQkVDcUZZYU5yRm53MmRGMSI7czo5OiJfcHJldmlvdXMiO2E6Mjp7czozOiJ1cmwiO3M6Mjk6Imh0dHA6Ly8xMjcuMC4wLjE6ODAwMC9nYWxsZXJ5IjtzOjU6InJvdXRlIjtzOjEzOiJnYWxsZXJ5LmluZGV4Ijt9czo2OiJfZmxhc2giO2E6Mjp7czozOiJvbGQiO2E6MDp7fXM6MzoibmV3IjthOjA6e319fQ==',1772993432);
/*!40000 ALTER TABLE `sessions` ENABLE KEYS */;
UNLOCK TABLES;

--
-- Table structure for table `show_categories`
--

DROP TABLE IF EXISTS `show_categories`;
/*!40101 SET @saved_cs_client     = @@character_set_client */;
/*!50503 SET character_set_client = utf8mb4 */;
CREATE TABLE `show_categories` (
  `id` bigint unsigned NOT NULL AUTO_INCREMENT,
  `name` varchar(255) CHARACTER SET utf8mb4 COLLATE utf8mb4_unicode_ci NOT NULL,
  `slug` varchar(255) CHARACTER SET utf8mb4 COLLATE utf8mb4_unicode_ci NOT NULL,
  `description` text CHARACTER SET utf8mb4 COLLATE utf8mb4_unicode_ci,
  `image` varchar(255) CHARACTER SET utf8mb4 COLLATE utf8mb4_unicode_ci DEFAULT NULL,
  `is_active` tinyint(1) NOT NULL DEFAULT '1',
  `created_at` timestamp NULL DEFAULT NULL,
  `updated_at` timestamp NULL DEFAULT NULL,
  PRIMARY KEY (`id`),
  UNIQUE KEY `show_categories_slug_unique` (`slug`)
) ENGINE=InnoDB AUTO_INCREMENT=6 DEFAULT CHARSET=utf8mb4 COLLATE=utf8mb4_unicode_ci;
/*!40101 SET character_set_client = @saved_cs_client */;

--
-- Dumping data for table `show_categories`
--

LOCK TABLES `show_categories` WRITE;
/*!40000 ALTER TABLE `show_categories` DISABLE KEYS */;
INSERT INTO `show_categories` VALUES (1,'Events','events','Event Category','show-categories/2025-02-14-12-50-40-436_92_1744983241.webp',1,'2025-04-18 18:34:02','2025-04-18 18:34:02'),(2,'Concerts','concerts','Concerts','show-categories/Gamechangerprerelease_1744983327.jpg',1,'2025-04-18 18:35:27','2025-04-18 18:35:27');
/*!40000 ALTER TABLE `show_categories` ENABLE KEYS */;
UNLOCK TABLES;

--
-- Table structure for table `show_ticket_quotas`
--

DROP TABLE IF EXISTS `show_ticket_quotas`;
/*!40101 SET @saved_cs_client     = @@character_set_client */;
/*!50503 SET character_set_client = utf8mb4 */;
CREATE TABLE `show_ticket_quotas` (
  `id` bigint unsigned NOT NULL AUTO_INCREMENT,
  `show_id` bigint unsigned NOT NULL,
  `ticket_type_id` bigint unsigned NOT NULL,
  `area_id` bigint unsigned DEFAULT NULL,
  `area_type` enum('seat_category','general_admission') CHARACTER SET utf8mb4 COLLATE utf8mb4_unicode_ci DEFAULT NULL,
  `total_quota` int NOT NULL,
  `sold_count` int NOT NULL DEFAULT '0',
  `reserved_count` int NOT NULL DEFAULT '0',
  `available_count` int GENERATED ALWAYS AS (((`total_quota` - `sold_count`) - `reserved_count`)) VIRTUAL,
  `price_override` decimal(10,2) DEFAULT NULL,
  `is_active` tinyint(1) NOT NULL DEFAULT '1',
  `created_at` timestamp NULL DEFAULT NULL,
  `updated_at` timestamp NULL DEFAULT NULL,
  PRIMARY KEY (`id`),
  UNIQUE KEY `show_ticket_quota_unique` (`show_id`,`ticket_type_id`,`area_id`,`area_type`),
  KEY `show_ticket_quotas_ticket_type_id_foreign` (`ticket_type_id`),
  KEY `show_ticket_quotas_show_id_is_active_index` (`show_id`,`is_active`),
  CONSTRAINT `show_ticket_quotas_show_id_foreign` FOREIGN KEY (`show_id`) REFERENCES `shows` (`id`) ON DELETE CASCADE,
  CONSTRAINT `show_ticket_quotas_ticket_type_id_foreign` FOREIGN KEY (`ticket_type_id`) REFERENCES `ticket_types` (`id`) ON DELETE CASCADE
) ENGINE=InnoDB DEFAULT CHARSET=utf8mb4 COLLATE=utf8mb4_unicode_ci;
/*!40101 SET character_set_client = @saved_cs_client */;

--
-- Dumping data for table `show_ticket_quotas`
--

LOCK TABLES `show_ticket_quotas` WRITE;
/*!40000 ALTER TABLE `show_ticket_quotas` DISABLE KEYS */;
/*!40000 ALTER TABLE `show_ticket_quotas` ENABLE KEYS */;
UNLOCK TABLES;

--
-- Table structure for table `shows`
--

DROP TABLE IF EXISTS `shows`;
/*!40101 SET @saved_cs_client     = @@character_set_client */;
/*!50503 SET character_set_client = utf8mb4 */;
CREATE TABLE `shows` (
  `id` bigint unsigned NOT NULL AUTO_INCREMENT,
  `title` varchar(255) CHARACTER SET utf8mb4 COLLATE utf8mb4_unicode_ci NOT NULL,
  `slug` varchar(255) CHARACTER SET utf8mb4 COLLATE utf8mb4_unicode_ci NOT NULL,
  `category_id` bigint unsigned NOT NULL,
  `venue_id` bigint unsigned NOT NULL,
  `seating_type` enum('assigned','general_admission','mixed') CHARACTER SET utf8mb4 COLLATE utf8mb4_unicode_ci NOT NULL DEFAULT 'general_admission',
  `requires_seat_selection` tinyint(1) NOT NULL DEFAULT '0',
  `description` text CHARACTER SET utf8mb4 COLLATE utf8mb4_unicode_ci NOT NULL,
  `short_description` text CHARACTER SET utf8mb4 COLLATE utf8mb4_unicode_ci,
  `featured_image` varchar(255) CHARACTER SET utf8mb4 COLLATE utf8mb4_unicode_ci NOT NULL,
  `start_date` datetime NOT NULL,
  `end_date` datetime DEFAULT NULL,
  `price` decimal(10,2) DEFAULT NULL,
  `available_tickets` int DEFAULT NULL,
  `is_featured` tinyint(1) NOT NULL DEFAULT '0',
  `status` enum('upcoming','ongoing','past','cancelled') CHARACTER SET utf8mb4 COLLATE utf8mb4_unicode_ci NOT NULL DEFAULT 'upcoming',
  `performers` text CHARACTER SET utf8mb4 COLLATE utf8mb4_unicode_ci,
  `additional_info` longtext CHARACTER SET utf8mb4 COLLATE utf8mb4_bin,
  `duration` varchar(255) CHARACTER SET utf8mb4 COLLATE utf8mb4_unicode_ci DEFAULT NULL,
  `age_restriction` varchar(255) CHARACTER SET utf8mb4 COLLATE utf8mb4_unicode_ci DEFAULT NULL,
  `is_active` tinyint(1) NOT NULL DEFAULT '1',
  `redirect` tinyint(1) NOT NULL DEFAULT '0',
  `redirect_url` varchar(255) CHARACTER SET utf8mb4 COLLATE utf8mb4_unicode_ci DEFAULT NULL,
  `created_at` timestamp NULL DEFAULT NULL,
  `updated_at` timestamp NULL DEFAULT NULL,
  PRIMARY KEY (`id`),
  UNIQUE KEY `shows_slug_unique` (`slug`),
  KEY `shows_is_active_status_index` (`is_active`,`status`),
  KEY `shows_venue_id_is_active_index` (`venue_id`,`is_active`),
  KEY `shows_start_date_is_active_index` (`start_date`,`is_active`),
  KEY `shows_category_id_is_active_index` (`category_id`,`is_active`),
  CONSTRAINT `shows_category_id_foreign` FOREIGN KEY (`category_id`) REFERENCES `show_categories` (`id`),
  CONSTRAINT `shows_venue_id_foreign` FOREIGN KEY (`venue_id`) REFERENCES `venues` (`id`),
  CONSTRAINT `shows_chk_1` CHECK (json_valid(`additional_info`))
) ENGINE=InnoDB AUTO_INCREMENT=102 DEFAULT CHARSET=utf8mb4 COLLATE=utf8mb4_unicode_ci;
/*!40101 SET character_set_client = @saved_cs_client */;

--
-- Dumping data for table `shows`
--

LOCK TABLES `shows` WRITE;
/*!40000 ALTER TABLE `shows` DISABLE KEYS */;
INSERT INTO `shows` VALUES (1,'Rangotsav Holi Festival  - Chicago','rangotsav-holi-festival-chicago',1,6,'general_admission',0,'Put Your Hands Up, New Jersey! Join the Hrithik Roshan Tour Kickoff\r\n\r\nPrepare yourself for a unique Holi festival experience with a special meet and greet with the incredibly charismatic Hrithik Roshan. Hrithik Roshan, renowned for his exceptional dancing skills, has starred in numerous Bollywood hits like \"Kaho Naa... Pyaar Hai,\" \"Dhoom 2,\" and \"War.\" He is not only an acclaimed actor but also a celebrated style icon and philanthropist. This festival promises an unforgettable experience, allowing fans to interact with Hrithik and enjoy a vibrant display of colors, music, and dance.\r\n\r\nA huge thank you to Atique B Sheikh of Worldstar for adding extra magic to this grand celebration.\r\n\r\nEvent Details:\r\n\r\nVenue: TBD\r\nMore Info: Visit 3sixtyshows.com\r\nTickets: Available\r\n\r\n\r\nPrepare yourself for a unique Holi festival experience with a special meet and greet with the incredibly charismatic Hrithik Roshan. Don’t miss out on this unforgettable celebration starting with a bang!','Rangotsav Holi Festival  - Chicago','shows/1749824264.jpg','2025-04-22 19:00:00','2025-04-22 22:00:00',1000.00,0,1,'past','Hrithik Roshan','[]','180',NULL,0,1,'https://3sixtyshows.com/us/schaumburg/events/rangotsav-holi-festival---chicago-at-to-be-announced?frm=pe','2025-04-19 14:57:10','2025-08-06 00:53:56'),(2,'Badshah Un-Finished Tour','badshah-un-finished-tour',1,12,'assigned',0,'Introduction\r\n\r\nBadshah, the renowned Indian rapper and music producer, is all set to take the nation by storm with his Un-Finished Tour. This multi-city musical journey promises to be an unforgettable experience for fans across the country. In this article, we explore the highlights of Badshah’s tour, the electrifying performances, and the venues that will witness the magic.\r\n\r\nWho Is Badshah?\r\n\r\nBorn as Aditya Prateek Singh Sisodia, Badshah has carved a niche for himself in the Indian music industry. His unique blend of rap, hip-hop, and Punjabi beats has made him a household name. From chart-topping singles to blockbuster Bollywood tracks, Badshah’s musical prowess knows no bounds.\r\n\r\nThe Concert Experience\r\n\r\nBadshah’s concerts are more than just music; they are a celebration of life, rhythm, and unbridled passion. From his iconic hits like “DJ Waley Babu” to soul-stirring melodies, every track resonates with fans. The stage lights up, the beats drop, and Badshah’s magnetic presence takes center stage.\r\n\r\nThe Paagal Anthem: Badshah’s hit single “Paagal” has become an anthem for partygoers. Its catchy beats and infectious lyrics have taken the world by storm.\r\nSocial Media Buzz: Fans can’t stop talking about the tour on social media. From Instagram stories to Twitter trends, the excitement is palpable.\r\nTicket Information:www.3sixtyshows.com\r\nDon’t miss out on this sensational event—it’s going to be paagal (crazy) in the best way possible! \r\nConclusion\r\n\r\nAs Badshah’s beats reverberate through concert halls, fans will dance, sing, and create memories that last a lifetime. The Un-Finished Tour is not just a concert; it’s an experience that transcends boundaries and unites music lovers across the nation.\r\n\r\nDon’t miss the chance to be part of this musical extravaganza! ??','Badshah Un-Finished Tour Dallas','shows/1754605089.jpg','2025-09-19 20:00:00','2025-09-19 22:00:00',500.00,1000,1,'upcoming','Badshah','[]','180',NULL,1,1,'https://curtisculwellcenter.com/events-tickets/badshah-live-concert-0?frm=pe','2025-04-21 00:23:46','2025-08-08 03:23:05'),(3,'BOLLYWOOD NIGHT WITH NORA FATEHI','bollywood-night-with-nora-fatehi',1,13,'general_admission',0,'Ajani Records x 3Sixty Show x TopShot Events Presents\r\n? Techno Bollywood Night ft. Nora Fatehi | Ethnique Dance | DJ Rzon | DJ Dimple ??\r\n\r\nBrace yourself for the most electrifying Bollywood-EDM fusion night of the year!\r\n\r\n? Featuring:\r\n? Nora Fatehi – International superstar, dance diva, showstopper... and YES – she’ll be there for an exclusive chit-chat and meet & greet with fans! ?\r\n? Ethnique Dance Crew – Explosive live performances blending Bollywood and contemporary\r\n? DJ Rzon & DJ Dimple – Back-to-back sets of high-energy Techno x Bollywood remixes all night long\r\n\r\n✨ Lights, rhythm, glam, and unforgettable energy – all in one epic night!\r\n? Dress Code: Desi Glam x EDM Chic\r\n\r\n \r\n\r\n? Date: Saturday, 26th April 2025\r\n⏰ Time: Doors open at 10:00 PM\r\n? Venue: Sambuca 360, Plano, TX\r\n\r\n? Follow us for updates: @topshotevents @3sixtyshows @ajanirecords\r\n\r\n?️ Tickets: Limited availability – Book now before it’s SOLD OUT!\r\n\r\n? It’s more than a party. It’s a movement. It’s time to ROAR again!                                                                      #NoraInTheHouse #BollywoodMeetsTechno #DFWPartyScene #NoraFatehiLive #Sambuca360 #BollywoodNightDFW #EDMXBollywood #VIPNightVibes #DesiRave\r\n#PlanoNightlife #AjaniRecords #3SixtyShow #TopShotEvents\r\n\r\n \r\n\r\n? VIP Booths Available:\r\n\r\n? Call Isha: ? VIP Section Reservations:\r\n? Isha: (469) 560-5560\r\n? Hussain: (346) 690-9128\r\n? Hotline: (855) 360-SHOWS\r\n\r\nto reserve your exclusive VIP booth. Elevate your night with luxury and style!','BOLLYWOOD NIGHT WITH NORA FATEHI','shows/1745183193.jpeg','2025-04-26 22:00:00','2025-04-26 23:59:00',1000.00,1000,1,'past','BOLLYWOOD NIGHT WITH NORA FATEHI','[]','180',NULL,0,0,NULL,'2025-04-21 02:06:33','2025-08-06 00:52:02'),(4,'Ghulam Ali - Farewell Tour Dallas','ghulam-ali-farewell-tour-dallas',1,11,'general_admission',0,'? Experience the Magic One Last Time: Ghulam Ali Farewell Tour in Plano ?\r\n\r\nJoin legendary ghazal maestro Ustad Ghulam Ali for his final U.S. performance in Plano, Texas. This unforgettable evening of soulful melodies takes place on Sunday, April 20, 2025, at 6:30 PM at The Grand Center. Don\'t miss this rare opportunity to witness a musical icon live on stage.​\r\n\r\n? Venue: The Grand Center, 300 Chisholm Pl, Plano, TX 75075\r\n?️ Tickets: Starting at only $45, with upgrade  options including dinner and meet & greet experiences.\r\n? Reserve Your Seats Now​ at: \r\nhttps://events.sulekha.com/ghulam-ali-farewell-tour_event-in_plano-tx_384577\r\n\r\nCelebrate a lifetime of ghazals and bid farewell to a true legend. Secure your tickets today for an evening that promises to be both nostalgic and extraordinary.','Ghulam Ali - Farewell Tour Dallas','shows/1753987537.jpg','2023-02-24 19:00:00','2023-02-24 22:00:00',1000.00,1000,1,'past','Ghulam Ali - Farewell Tour Dallas','[]','180',NULL,0,0,NULL,'2025-04-21 02:19:57','2025-08-06 00:49:00'),(5,'Shahzada Kartik Aryan 2023','shahzada-kartik-aryan-2023',1,19,'general_admission',0,'Holi with Shezada of Bollywood Kartik Aryan.\r\n\r\n\r\n\r\nDALLAS\r\n\r\nAT VSTA MALL (PARKING LOT) DEW EVENT CENTER. 2401 S STEMMONS F W Y.\r\n\r\nLEWISVILLE. TX 75067 ( NEXT TO UPPER LEVEL OF DILLARDS )','Shahzada Kartik Aryan 2023','shows/1745906134.jpg','2023-01-29 19:00:00','2025-04-29 22:00:00',1000.00,0,1,'past','Shahzada Kartik Aryan','[]','180',NULL,0,0,NULL,'2025-04-29 10:55:35','2025-08-06 12:58:39'),(7,'ABHIJEET-Bhattacharya','abhijeet-bhattacharya',1,3,'general_admission',0,'Here we go, Dallas\r\n\r\nThe legendary voice of the 90s, Abhijeet Bhattacharya, is bringing his Retro 90’s magic live on stage!\r\n\r\nDate: Sunday, Nov 2nd\r\n\r\nVenue: TBA\r\n\r\nTickets & Info: www.3sixtyshows.com\r\n\r\nCall: 855-360-SHOW |\r\n\r\n469-264-2257\r\n\r\nDon’t miss this romantic musical night as we celebrate Shahrukh Khan’s birthday with all his song!\r\n\r\n#AbhijeetLive #Retro90s #DallasEvents #3SixtyShows #LiveMusic #BollywoodNostalgia #ConcertVibes Karl Kalra','ABHIJEET-Bhattacharya','shows/1755997430.jpg','2025-11-02 19:00:00','2025-11-30 19:00:00',1000.00,NULL,1,'upcoming',NULL,'[]',NULL,NULL,1,1,'https://www.ticketmaster.com/abhijeet-bhattacharya-allen-texas-11-02-2025/event/0C00633CD9B54F0F','2025-07-30 02:54:58','2025-10-11 00:16:34'),(8,'AZADI UTSAV DALLAS','azadi-utsav-dallas',2,14,'general_admission',0,'??DALLAS, MARK YOUR CALENDARS!\r\n\r\n \r\n\r\n??Celebrating India’s Independence Day\r\n\r\nAZADI UTSAV – The Jashan of Freedom is coming to you with Bollywood heartthrob KARTIK AARYAN – LIVE in DALLAS! ??\r\n\r\n \r\n\r\n? Saturday, August 16, 2025\r\n\r\n? Dallas, TX\r\n\r\n? LARGEST INDOOR CELEBRATION\r\n\r\n \r\n\r\nProudly presented by Vinessa Events\r\n\r\nNational Promoters: Diamond Productions & AP Square\r\n\r\n \r\n\r\nGet ready for a night of music, pride, and patriotism!\r\n\r\n? For sponsorships, contact Hari Dornala: (469) 442-8770\r\n\r\n? More exciting details coming soon!\r\n\r\n \r\n\r\n#AzadiUtsavDallas #KartikAaryanLive #CelebrateFreedom #DallasEvents #DesiVibes #IndependenceDay2025 #BollywoodNight #VinessaEvents #DiamondProductions #APSquare #3SixtyShows','AZADI UTSAV DALLAS','shows/1753826303.jpg','2025-08-16 19:00:00','2025-08-16 19:00:00',1000.00,NULL,1,'upcoming',NULL,'[]',NULL,NULL,1,0,NULL,'2025-07-30 02:58:23','2025-08-06 00:36:38'),(9,'AZADI UTSAV HOUSTON','azadi-utsav-houston',2,14,'general_admission',0,'Kartik Aaryan, Madhubanti Bagchi & Arjun Kanungoon August 15 at Houston’s Azadi Utsavf\r\n\r\nEvent Details\r\n\r\nDate: August 15, 2025\r\n\r\nTime: 7:00 PM onwards (5 hours of non-stop entertainment!)\r\n\r\nVenue: To Be Announced Soon\r\n\r\nArtists: Kartik Aaryan • Madhubanti Bagchi • Arjun Kanungo\r\n\r\nBe part of the first-ever indoor India Independence Day celebration in Houston — an evening of electrifying performances, cultural pride, and unforgettable memories!\r\n\r\nTickets\r\n\r\nGeneral Admission (Presale – July 4th weekend): Only $5 per person\r\n\r\nChildren 2 and under: FREE\r\n\r\n Grab your tickets during the July 4th weekend presale to lock in this special price!\r\n\r\nVendor Booths\r\n\r\nShowcase your business and connect with thousands of attendees!\r\n\r\n1 Food Booth: $2,500\r\n\r\n2 Food Booths: $4,000\r\n\r\nCommercial Vendor Booth (non sales): $1,500\r\n\r\n Sponsorship & Branding Opportunities\r\n\r\nElevate your brand by sponsoring Houston’s premier Azadi Utsav!\r\n\r\nCustomized sponsorship & branding packages available\r\n\r\nReach thousands of attendees & align with a high-energy, cultural celebration\r\n\r\nWhy You Shouldn’t Miss This:\r\n\r\nCelebrate India’s Independence in a grand indoor setting Star-studded performances Family-friendly event Affordable tickets & vendor options Prime opportunities for sponsors and vendors\r\n\r\n\r\nStay tuned for the venue announcement — but don’t wait to secure your spot at this incredible celebration!','AZADI UTSAV HOUSTON','shows/1753826427.jpg','2025-08-15 19:00:00','2025-08-15 19:00:00',1000.00,0,1,'upcoming',NULL,'[]',NULL,NULL,1,0,NULL,'2025-07-30 03:00:27','2025-08-06 12:59:37'),(10,'GARBA AGHORI MUZIK  DALLAS','garba-aghori-muzik-dallas',2,14,'general_admission',0,'? Garba goes wild, the Aghori way! ?\r\n\r\n \r\n\r\nDallas, Chalo Ready for a Pre-Navratri night of unstoppable beats, hip-folk fusion, and pure desi madness?\r\n\r\nAghori Muzik is bringing the vibe — and you don’t want to miss it! ??\r\n\r\n? Dallas\r\n\r\n? Friday, Sept 12th\r\n\r\n? 855-360-SHOWS | 469-264-2257\r\n\r\n? www.3sixtyshows.com\r\n\r\n#AghoriMuzik #HipFolkGarba #Garba2025 #3SixtyShows #DallasEvents #BYLiveEvents #DesiBeats #NavratriNights','3SIXTY SHOWS PRESENTS\r\n\r\nPRE NAVRATRI\r\nHIP-FOLK GARBA\r\nAGHORI MUZIK\r\n\r\nDALLAS FRI, SEPT 12TH','shows/1753826741.jpg','2025-09-12 19:00:00','2025-09-12 19:00:00',1000.00,NULL,1,'upcoming',NULL,'[]',NULL,NULL,0,0,NULL,'2025-07-30 03:05:41','2025-09-10 20:18:47'),(11,'PURVASTIC TOUR','purvastic-tour',2,43,'general_admission',0,'? Dandiya Ready, Dallas \r\n\r\n \r\n\r\nThe PURVASTIC TOUR featuring the electrifying Purva Mantri is about to set the stage on fire! ?\r\n\r\nDrums, dance, and desi vibes ⚡\r\n\r\nThis is the celebration you don’t want to miss! ??\r\n\r\n \r\n\r\n? Dallas\r\n\r\n? Saturday, Sept 13th\r\n\r\n? Call now: 855-360-SHOWS | 469-264-2257\r\n\r\n? www.3sixtyshows.com\r\n\r\n#PurvasticTour #PurvaMantri #LiveInDallas #3SixtyShows #DesiVibes #DholBeats #BY','PURVASTIC TOUR','shows/1756057103.jpg','2025-09-13 19:00:00','2925-09-13 19:00:00',1000.00,NULL,1,'upcoming',NULL,'[]',NULL,NULL,1,0,NULL,'2025-07-30 03:08:03','2025-08-24 22:38:23'),(12,'Badshah Live In Concert','badshah-live-in-concert',2,14,'general_admission',0,'Badshah Live In Concert','Badshah Live In Concert','shows/1754160899.jpg','2024-06-15 19:00:00','2024-06-15 19:00:00',999.00,0,1,'past',NULL,'[]',NULL,NULL,0,1,'https://curtisculwellcenter.com/events-tickets/badshah-live-concert-0','2025-07-30 03:11:21','2025-08-30 15:03:09'),(13,'Umrao Jaan Ada (26th April 2024)','umrao-jaan-ada-26th-april-2024',2,9,'general_admission',0,'Step into the world of classical charm and poetic elegance with Neetu Chandra as she brings to life the iconic character of Umrao Jaan Ada in a musical play that promises to be a visual and auditory feast. This enchanting production, set to grace the stage in Dallas on the 26th and 27th of April, is a must-see for anyone who appreciates the fusion of traditional storytelling with contemporary theatrical flair.\r\n\r\nNeetu Chandra’s portrayal of Umrao Jaan, the famous courtesan from Lucknow, is not just a performance but an embodiment of grace, depth, and the complexities of a character that has captivated audiences for generations. The musical, directed by Raajev Goswami, features the mesmerizing music recreated by the renowned composer duo Salim and Sulaiman, ensuring that each note strikes a chord with the soul.\r\n\r\nThe production boasts over 3500 kg of material shipped to America, with more than 350 colorful costumes designed to transport you to the heart of Lucknow’s poetic grandeur1. Accompanied by four live singers, the musical play offers an eclectic atmosphere, reviving the timeless songs from the classic 1981 movie.\r\n\r\nDon’t miss the opportunity to witness this spectacular blend of history, culture, and artistry. Join us for a memorable evening at the Umrao Jaan Ada musical play live in Dallas. Secure your tickets now at www.3sixtyshows.com and be part of a mesmerizing experience that will leave you spellbound.','Umrao Jaan Ada (26th April 2024)','shows/1753888619.jpg','2024-04-26 19:00:00','2024-04-26 23:00:00',1000.00,0,1,'past',NULL,'[]',NULL,NULL,0,0,NULL,'2025-07-30 20:17:01','2025-08-06 12:28:43'),(14,'DALLAS FASHION GALA with SARA ALI KHAN','dallas-fashion-gala-with-sara-ali-khan',2,15,'general_admission',0,'Elevate your fashion game and be part of the glitz and glamour at the \"Dallas Fashion Gala with Sara Ali Khan.\" Join us for a night of haute couture, style, and star-studded elegance as the Bollywood sensation, Sara Ali Khan, graces the event. Experience a runway showcase of the latest trends, impeccable designs, and the fusion of culture and fashion. Don\'t miss this chance to indulge in a night of fashion and sophistication like no other. Secure your tickets now and immerse yourself in the world of high fashion with Sara Ali Khan in Dallas!','DALLAS FASHION GALA with SARA ALI KHAN','shows/1753901215.webp','2022-08-12 19:00:00','2022-08-12 23:00:00',100.00,0,0,'past',NULL,'[]',NULL,NULL,0,0,NULL,'2025-07-30 23:46:55','2025-08-06 12:47:18'),(15,'The Sonu Nigam Show In Dallas','the-sonu-nigam-show-in-dallas',2,12,'general_admission',0,'The Sonu Nigam Show is a live concert tour by Indian playback singer Sonu Nigam. The tour will kick off in August 2023 and will travel to major cities in the United States. Nigam will perform a repertoire of his popular songs from Hindi films, as well as some of his own compositions. He will be accompanied by a live band and a troupe of dancers.\r\n\r\nNigam is one of the most popular and successful playback singers in India. He has won numerous awards for his singing, including the National Film Award for Best Male Playback Singer and the Filmfare Award for Best Male Playback Singer. He is known for his powerful voice and his versatility. He can sing in a variety of genres, including pop, classical, and folk.\r\n\r\nThe Sonu Nigam Show is a must-see for fans of Indian music. Nigam is a true master of his craft and he is sure to put on a memorable performance. The concert will be a celebration of Indian music and culture.\r\n\r\nHere are some of the things you can expect at The Sonu Nigam Show:\r\n\r\nA wide variety of popular songs from Hindi films, such as \"Kal Ho Naa Ho\", \"Tujhe Dekha To\", and \"Sandese Aate Hain\"\r\nSome of Nigam\'s own compositions, such as \"Saathiya\" and \"Abhi Mujh Mein Kahi\"\r\nA live band and a troupe of dancers\r\nA visually stunning stage set\r\nAn energetic and interactive performance\r\nThe Sonu Nigam Show is a once-in-a-lifetime opportunity to see one of India\'s greatest singers live in concert. Tickets are on sale now, so don\'t miss out!','The Sonu Nigam Show In Dallas','shows/1753905018.jpg','2023-08-18 19:00:00','2023-08-18 19:00:00',1000.00,0,0,'past',NULL,'[]',NULL,NULL,0,0,NULL,'2025-07-31 00:50:18','2025-08-06 12:48:59'),(16,'“Zindagi Ka Safar” with Anupam Kher','zindagi-ka-safar-with-anupam-kher',2,16,'general_admission',0,'Embark on a unique journey through life\'s experiences with the legendary Anupam Kher in \"Zindagi Ka Safar.\" Join us for an insightful and inspiring evening as Mr. Kher shares his wisdom, anecdotes, and the lessons he\'s learned along the way. Get ready to be captivated by his storytelling and unparalleled charisma as he takes you on a heartwarming expedition through the ups and downs of life. Don\'t miss this opportunity to be part of an unforgettable event filled with laughter, reflection, and a deeper understanding of \"Zindagi Ka Safar\" - the journey of life. Secure your tickets now for this enriching and memorable experience!','“Zindagi Ka Safar” with Anupam Kher','shows/1753905616.png','2021-08-27 19:00:00','2021-08-27 23:00:00',100.00,0,1,'past',NULL,'[]',NULL,NULL,0,0,NULL,'2025-07-31 01:00:16','2025-08-06 12:46:48'),(18,'Ankit Tiwari Live in Dhaka','ankit-tiwari-live-in-dhaka',2,18,'general_admission',0,'Ankit Tiwari Live in Dhaka','Ankit Tiwari Live in Dhaka','shows/1753908271.jpg','2019-07-19 19:00:00','2019-07-19 23:00:00',100.00,0,0,'past',NULL,'[]',NULL,NULL,0,0,NULL,'2025-07-31 01:44:31','2025-08-06 12:57:27'),(19,'Rangotsav Holi Festival - Atlanta','rangotsav-holi-festival-atlanta',2,5,'general_admission',0,'Put Your Hands Up, Atlanta! Join the Hrithik Roshan Tour at Global Mall in Atlanta, GA\r\n\r\nPrepare yourself for a unique Holi festival experience with a special meet and greet with the incredibly charismatic Hrithik Roshan. Hrithik Roshan, renowned for his exceptional dancing skills, has starred in numerous Bollywood hits like \"Kaho Naa... Pyaar Hai,\" \"Dhoom 2,\" and \"War.\" He is not only an acclaimed actor but also a celebrated style icon and philanthropist. This festival promises an unforgettable experience, allowing fans to interact with Hrithik and enjoy a vibrant display of colors, music, and dance.\r\n\r\nA huge thank you to BK Bindu Kohli, Rina Gupta & National Sponsor Fusion Group Games for adding extra magic to this grand celebration.\r\n\r\nEvent Details:\r\n\r\nVenue: Global Mall 5675 Jimmy Carter Blvd, Norcross, GA 30071\r\nMore Info: Visit 3sixtyshows.com\r\nTickets: starting $30 at 3SixtyShows.com                                           Prepare yourself for a unique Holi festival experience with a special meet and greet with the incredibly charismatic Hrithik Roshan. Don’t miss out on this unforgettable celebration starting with a bang!','Rangotsav Holi Festival - Atlanta','shows/1753989749.jpg','2025-04-04 19:00:00','2025-04-04 23:00:00',1000.00,0,1,'past','Hrithic Roshan','[]',NULL,NULL,0,0,NULL,'2025-08-01 00:22:29','2025-08-06 12:56:01'),(20,'Rangotsav Holi Festival - Bay Area','rangotsav-holi-festival-bay-area',2,7,'general_admission',0,'Put Your Hands Up, Bay Area! Join the Hrithik Roshan Tour Kickoff\r\n\r\nPrepare yourself for a unique Holi festival experience with a special meet and greet with the incredibly charismatic Hrithik Roshan. Hrithik Roshan, renowned for his exceptional dancing skills, has starred in numerous Bollywood hits like \"Kaho Naa... Pyaar Hai,\" \"Dhoom 2,\" and \"War.\" He is not only an acclaimed actor but also a celebrated style icon and philanthropist. This festival promises an unforgettable experience, allowing fans to interact with Hrithik and enjoy a vibrant display of colors, music, and dance.\r\n\r\nEvent Details:\r\nApril 13th - Sunday\r\n \r\n\r\nVenue: TBD\r\nMore Info: Visit 3sixtyshows.com\r\nTickets: Available\r\n \r\n\r\nPrepare yourself for a unique Holi festival experience with a special meet and greet with the incredibly charismatic Hrithik Roshan. Don’t miss out on this unforgettable celebration starting with a bang!','Rangotsav Holi Festival - Bay Area','shows/1753990509.jpg','2025-04-13 19:00:00','2025-04-13 23:00:00',1000.00,0,1,'past',NULL,'[]',NULL,NULL,0,0,NULL,'2025-08-01 00:35:09','2025-08-06 12:55:34'),(21,'Rangotsav Holi Festival -Dallas','rangotsav-holi-festival-dallas',2,19,'general_admission',0,'Put Your Hands Up, Dallas! Join the Hrithik Roshan Tour Kickoff\r\n\r\nPrepare yourself for a unique Holi festival experience with a special meet and greet with the incredibly charismatic Hrithik Roshan. Hrithik Roshan, renowned for his exceptional dancing skills, has starred in numerous Bollywood hits like \"Kaho Naa... Pyaar Hai,\" \"Dhoom 2,\" and \"War.\" He is not only an acclaimed actor but also a celebrated style icon and philanthropist. This festival promises an unforgettable experience, allowing fans to interact with Hrithik and enjoy a vibrant display of colors, music, and dance.\r\n\r\nA huge thank you to FunAsiA Radio & TopShot Events for adding extra magic to this grand celebration.\r\n\r\nEvent Details:\r\n\r\nVenue: Music City\r\nMore Info: Visit 3sixtyshows.com\r\nTickets: Available\r\n \r\n\r\nPrepare yourself for a unique Holi festival experience with a special meet and greet with the incredibly charismatic Hrithik Roshan. Don’t miss out on this unforgettable celebration starting with a bang!\r\n\r\n \r\n\r\nSponsors and Partners:\r\n\r\nFusion Group Games\r\n#truPayment\r\nPatel Brothers\r\nDesi District\r\nBK Khan\'s BBQ\r\nCeleb Bazaar\r\n \r\n\r\n?✨\r\n\r\nFusion Group Games\r\n#truPayment\r\nPatel Brothers\r\nDesi District\r\nBK Khan\'s BBQ\r\nCeleb Bazaar','Rangotsav Holi Festival -Dallas','shows/1753999544.jpg','2025-04-05 19:01:00','2025-04-05 23:01:00',1000.00,0,1,'past',NULL,'[]',NULL,NULL,0,0,NULL,'2025-08-01 03:05:44','2025-08-06 12:55:10'),(22,'Rangotsav Holi Festival - Houston','rangotsav-holi-festival-houston',2,2,'general_admission',0,'Put Your Hands Up, Houston! Join the Hrithik Roshan Tour Kickoff\r\n\r\nPrepare yourself for a unique Holi festival experience with a special meet and greet with the incredibly charismatic Hrithik Roshan. Hrithik Roshan, renowned for his exceptional dancing skills, has starred in numerous Bollywood hits like \"Kaho Naa... Pyaar Hai,\" \"Dhoom 2,\" and \"War.\" He is not only an acclaimed actor but also a celebrated style icon and philanthropist. This festival promises an unforgettable experience, allowing fans to interact with Hrithik and enjoy a vibrant display of colors, music, and dance.\r\n\r\nEvent Details:\r\n\r\nVenue: BH Ranch\r\nMore Info: Visit 3sixtyshows.com\r\nTickets: Available\r\n \r\n\r\nPrepare yourself for a unique Holi festival experience with a special meet and greet with the incredibly charismatic Hrithik Roshan. Don’t miss out on this unforgettable celebration starting with a bang!','Rangotsav Holi Festival - Houston','shows/1753999741.jpg','2025-04-06 11:00:00','2025-04-06 13:00:00',1000.00,0,1,'past',NULL,'[]',NULL,NULL,0,0,NULL,'2025-08-01 03:09:02','2025-08-06 01:03:37'),(23,'Rangotsav Holi Festival - New Jersey','rangotsav-holi-festival-new-jersey',2,9,'general_admission',0,'Put Your Hands Up, New Jersey! Join the Hrithik Roshan Tour Kickoff\r\n\r\nPrepare yourself for a unique Holi festival experience with a special meet and greet with the incredibly charismatic Hrithik Roshan. Hrithik Roshan, renowned for his exceptional dancing skills, has starred in numerous Bollywood hits like \"Kaho Naa... Pyaar Hai,\" \"Dhoom 2,\" and \"War.\" He is not only an acclaimed actor but also a celebrated style icon and philanthropist. This festival promises an unforgettable experience, allowing fans to interact with Hrithik and enjoy a vibrant display of colors, music, and dance.\r\n\r\nA huge thank you to Atique B Sheikh of Worldstar for adding extra magic to this grand celebration.\r\n\r\nEvent Details:\r\n\r\nVenue: April 10th Royal Ballroom, NJ\r\nMore Info: Visit 3sixtyshows.com\r\nTickets: Available\r\n \r\n\r\nPrepare yourself for a unique Holi festival experience with a special meet and greet with the incredibly charismatic Hrithik Roshan. Don’t miss out on this unforgettable celebration starting with a bang!','Rangotsav Holi Festival - New Jersey','shows/1753999964.jpg','2025-04-10 19:00:00','2025-04-10 23:00:00',1000.00,NULL,1,'past',NULL,'[]',NULL,NULL,0,0,NULL,'2025-08-01 03:12:44','2025-08-06 00:57:55'),(24,'AAJ Ki Raat NYE Dallas 2025','aaj-ki-raat-nye-dallas-2025',2,6,'general_admission',0,'? Celebrate New Year\'s Eve like never before at \"Aaj Ki Raat NYE 2025\"! Featuring the sensational Tamannaah Bhatia,this glamorous night promises unforgettable entertainment, delicious food by BK Kabab BBQ, and memories captured by Studio 3Sixty. Powered by Fusion Group Games and Car Cost Control, with grand sponsors like Patel Brothers, this event is the perfect way to ring in the new year. Don\'t miss out—grab your tickets now at www.3sixtyshows.com or call 855.360.SHOWS for more info! \r\n\r\n*??? ?? ???? ????*\r\n\r\n??????? ??? ????? ??? ????? ???? ?????-?????? “???????? ??????”!!!\r\n\r\n???? ??? ???? ??? ??? ????? ?? ???? ??','AAJ Ki Raat NYE Dallas 2025','shows/1754034162.jpg','2024-12-31 19:00:00','2024-12-31 23:45:00',1000.00,0,0,'past',NULL,'[]',NULL,NULL,0,0,NULL,'2025-08-01 12:42:42','2025-08-06 12:54:44'),(25,'SID SRIRAM DALLAS','sid-sriram-dallas',2,12,'general_admission',0,'Get ready to be serenaded by the sensational voice of Sid Sriram in Dallas! Join us for an enchanting evening filled with soulful melodies and heartwarming performances. Sid Sriram, known for his captivating vocals and chart-topping hits, is all set to create musical magic on stage. Don\'t miss this chance to witness his extraordinary talent live in Dallas. Secure your tickets now for an unforgettable night of music and emotions with Sid Sriram!','SID SRIRAM DALLAS','shows/1754034692.webp','2023-09-22 19:00:00','2023-09-22 23:00:00',100.00,0,1,'past',NULL,'[]',NULL,NULL,0,0,NULL,'2025-08-01 12:51:32','2025-08-06 12:42:39'),(26,'Bismil Ki Mehfil Dallas 2023','Bismil Ki Mehfil Dallas 2023',2,4,'general_admission',0,'Introduction\r\n\r\nBismil, a name that resonates with soulful melodies and heartfelt emotions, has taken the music world by storm. His unique blend of Sufi, Bollywood, and folk music has captivated audiences across the globe. In this article, we delve into the life, music, and mesmerizing performances of this extraordinary artist.\r\n\r\nWho Is Bismil?\r\n\r\nBorn with an innate passion for music, Bismil embarked on his musical journey at a young age. His soulful voice and ability to infuse traditional Sufi tunes with contemporary elements set him apart. Bismil’s dedication to promoting Sufi-fusion music globally has earned him international acclaim.\r\n\r\nThe Concept\r\n\r\nTrue to its name, Bismil Ki Mehfil is more than just a concert; it’s an emotional experience. Imagine being transported to a mystical gathering where intricate emotions intertwine to form beautiful melodies. Bismil’s performances evoke the same feelings that kings of the past must have felt while witnessing their kingdom’s remarkable performers.\r\n\r\nThe Setup\r\n\r\nEvery detail matters in Bismil’s shows. The placement of each instrumentalist and vocalist is meticulously planned to complement and uplift the entire ensemble. The stage becomes a canvas where music, passion, and artistry converge.\r\n\r\nSold-Out Shows and Social Media Craze\r\n\r\nWhat began as a small setup with a few shows has now blossomed into a nationwide phenomenon. Bismil’s tours crisscross the country, with sold-out shows leaving audiences spellbound. His social media presence amplifies the fervor, making him a sensation among music lovers.\r\n\r\nTimes Square Billboard Feature\r\n\r\nBismil’s face graced the iconic Times Square billboard, a testament to his dedication and talent. As the first Indian artist to champion Sufi-fusion music globally, Bismil’s journey is awe-inspiring.\r\n\r\nUnforgettable Concerts\r\n\r\nFrom Mumbai to New York, Bismil’s concerts are unforgettable. Whether it’s the soul-stirring “Halka Halka Suroor” or the timeless “Kali Kali Zulfon Ke Phande,” each performance leaves an indelible mark.\r\n\r\nConclusion\r\n\r\nBismil’s music transcends boundaries, touching hearts and souls. His Mehfil is not just a gathering; it’s a celebration of life, love, and music. As Bismil continues to enchant audiences worldwide, we eagerly await the next chapter in his musical odyssey.\r\n\r\nNote: If you’d like to attend a Bismil Ki Mehfil show, check out the upcoming events on https://www.3sixtyshows.com Don’t miss the chance to be part of this magical experience! ??','Bismil Ki Mehfil Dallas','shows/1754035799.png','2023-04-29 19:00:00','2023-04-29 23:00:00',100.00,0,1,'past',NULL,'[]',NULL,NULL,0,0,NULL,'2025-08-01 13:10:00','2025-08-06 12:40:52'),(27,'Bismil Ki Mehfil Dallas 2024','bismil-ki-mehfil-dallas-2024',2,21,'general_admission',0,'Indulge in the enchanting ambiance of \"Bismil ki Mehfil,\" a celebration of poetry, music, and artistry. This event promises an evening filled with soul-stirring performances and profound expressions of creativity. Join us as talented poets, musicians, and artists come together to create an unforgettable experience, where emotions flow freely, and hearts are touched. Immerse yourself in the world of \"Bismil ki Mehfil\" and let the power of words and music take you on a journey of inspiration and introspection. Don\'t miss this unique gathering of talent and passion!','Bismil Ki Mehfil Dallas 2024','shows/1754036419.jpg','2024-04-21 19:00:00','2024-04-21 23:00:00',100.00,0,1,'past',NULL,'[]',NULL,NULL,0,0,NULL,'2025-08-01 13:20:19','2025-08-06 12:54:09'),(28,'ATIF ASLAM LIVE IN DALLAS','atif-aslam-live-in-dallas',2,12,'general_admission',0,'Experience the magic of Atif Aslam live in Dallas! Join us for an unforgettable night filled with his chart-topping hits and soulful melodies. Get your tickets now for an epic musical journey.','ATIF ASLAM LIVE IN DALLAS','shows/1754045947.jpg','2023-10-28 19:00:00','2023-10-28 23:00:00',100.00,0,0,'past',NULL,'[]',NULL,NULL,0,0,NULL,'2025-08-01 15:59:07','2025-08-06 12:53:38'),(29,'LOL Tour Dallas','lol-tour-dallas',2,22,'general_admission',0,'Get ready to burst into laughter at the \"LOL Tour Dallas\"! Join us for an uproarious evening filled with side-splitting humor and comedy that will leave you in stitches. The best comedians are coming to town to deliver an unforgettable night of laughter and entertainment. Secure your tickets now for a comedy show that promises to tickle your funny bone and make your night a memorable one at the \"LOL Tour Dallas\"!','LOL Tour Dallas','shows/1754060265.jpg','2023-06-18 19:00:00','2023-06-18 23:00:00',100.00,0,1,'past',NULL,'[]',NULL,NULL,0,0,NULL,'2025-08-01 19:57:46','2025-08-06 12:31:52'),(30,'AR Rahman live in Concert','ar-rahman-live-in-concert',2,12,'general_admission',0,'AR Rahman live in Concert','AR Rahman live in Concert','shows/1754077352.jpg','2023-09-08 19:00:00','2023-09-08 23:00:00',100.00,0,0,'past',NULL,'[]',NULL,NULL,0,0,NULL,'2025-08-02 00:42:32','2025-08-06 12:53:13'),(31,'NEHA KAKKAR Live in DALLAS','neha-kakkar-live-in-dallas',1,12,'general_admission',0,'Prepare for an exhilarating musical extravaganza as the sensational Neha Kakkar takes center stage in Dallas! Join us for a night of pure Bollywood magic with \"NEHA KAKKAR Live in DALLAS.\" Neha Kakkar, known for her chart-topping hits and dynamic performances, is all set to dazzle the audience with her powerhouse vocals and infectious energy. Don\'t miss this opportunity to be part of an unforgettable evening. Grab your tickets now and get ready to dance, sing, and celebrate with one of India\'s biggest music sensations!','NEHA KAKKAR Live in DALLAS','shows/1754078127.jpeg','2022-07-08 19:00:00','2022-07-08 23:00:00',100.00,0,1,'past',NULL,'[]',NULL,NULL,0,0,NULL,'2025-08-02 00:55:27','2025-08-06 12:44:43'),(32,'The Intense Tour - Indian Idols 12 (Dallas)','the-intense-tour-indian-idols-12-dallas',2,22,'general_admission',0,'Get ready for a night of electrifying performances as the Indian Idol 12 contestants hit the stage in Dallas for \"The Intense Tour.\" Join us for an unforgettable evening filled with soulful singing, incredible talent, and high-energy entertainment. Witness the rising stars of Indian music as they showcase their vocal prowess and leave you in awe. Don\'t miss this chance to experience the magic of Indian Idol 12 live in Dallas. Secure your tickets now for a musical journey like no other!','The Intense Tour - Indian Idols 12 (Dallas)','shows/1754078421.jpg','2022-03-11 19:00:00','2022-03-11 23:00:00',100.00,0,1,'past',NULL,'[]',NULL,NULL,0,0,NULL,'2025-08-02 01:00:22','2025-08-06 12:44:01'),(33,'Eid Mela with Ali Quli Mirza & Alamgir','eid-mela-with-ali-quli-mirza-alamgir',2,23,'general_admission',0,'Celebrate Eid like never before at the \"Eid Mela with Ali Quli Mirza & Alamgir\"! Join us for a joyous event featuring the enchanting voices of Ali Quli Mirza and the legendary Alamgir. Get ready for an evening of soulful music, delicious food, and festive fun. Secure your tickets today and make this Eid truly memorable!','Eid Mela with Ali Quli Mirza & Alamgir','shows/1754078876.png','2022-05-07 19:00:00','2022-05-07 23:00:00',100.00,0,1,'past',NULL,'[]',NULL,NULL,0,0,NULL,'2025-08-02 01:07:56','2025-08-06 12:37:33'),(34,'Arijit Singh Show Talent Hunt','arijit-singh-show-talent-hunt',2,5,'general_admission',0,'Get ready for the \"Arijit Singh Show Talent Hunt,\" where dreams meet destiny! This exciting event invites aspiring singers to showcase their vocal prowess and compete for a chance to shine in the spotlight. Join us for a thrilling competition that promises to discover the next singing sensation. Whether you\'re a contestant or a music enthusiast, this talent hunt is an opportunity you won\'t want to miss. Stay tuned for details on auditions and be part of this incredible journey to stardom with Arijit Singh!','Arijit Singh Show Talent Hunt','shows/1754079710.jpg','2022-05-08 19:00:00','2022-05-08 23:00:00',100.00,0,1,'past',NULL,'[]',NULL,NULL,0,0,NULL,'2025-08-02 01:21:50','2025-08-06 12:36:14'),(35,'Padma Bhushan Gulzar Live in Ijaazat','padma-bhushan-gulzar-live-in-ijaazat',2,24,'general_admission',0,'Padma Bhushan Gulzar Live in Ijaazat : An Evening of Music, Ghazal and Poetry with Legend Himself','Padma Bhushan Gulzar Live in Ijaazat','shows/1754080647.jpg','2022-07-24 19:00:00','2022-07-24 23:00:00',100.00,0,1,'past',NULL,'[]',NULL,NULL,0,0,NULL,'2025-08-02 01:37:27','2025-08-06 12:52:04'),(36,'Grand Tour 2022 Afsana Khan, Saajz, Khuda Baksh','grand-tour-2022-afsana-khan-saajz-khuda-baksh',2,13,'general_admission',0,'Prepare for a grand musical spectacle as Afsana Khan, Saajz, and Khuda Baksh take center stage in Dallas for the \"Grand Tour 2022.\" Join us for a night of electrifying performances, soulful melodies, and captivating vocals that will leave you in awe. These talented artists promise an unforgettable evening filled with chart-topping hits and energetic entertainment. Secure your tickets now for a musical journey like no other, and get ready to groove to the beats of this sensational lineup live in Dallas!','Grand Tour 2022 Afsana Khan, Saajz, Khuda Baksh','shows/1754081901.jpg','2022-06-12 19:00:00','2022-06-12 23:00:00',100.00,0,1,'past',NULL,'[]',NULL,NULL,0,0,NULL,'2025-08-02 01:58:21','2025-08-06 12:32:58'),(37,'ARIJIT SINGH LIVE IN CONCERT 2017','arijit-singh-live-in-concert-2017',2,12,'general_admission',0,'ARIJIT SINGH LIVE IN CONCERT','ARIJIT SINGH LIVE IN CONCERT','shows/1754082185.jpg','2017-04-23 19:00:00','2017-04-23 23:00:00',100.00,1000,0,'past',NULL,'[]',NULL,NULL,0,0,NULL,'2025-08-02 02:03:05','2025-08-02 02:05:22'),(38,'ARIJIT SINGH LIVE IN CONCERT 2015','arijit-singh-live-in-concert-2015',2,12,'general_admission',0,'ARIJIT SINGH LIVE IN CONCERT 2015','ARIJIT SINGH LIVE IN CONCERT 2015','shows/1754082437.jpg','2015-10-04 19:00:00','2015-10-04 23:00:00',100.00,1000,1,'past',NULL,NULL,NULL,NULL,0,0,NULL,'2025-08-02 02:07:17','2025-08-02 02:07:17'),(42,'Ghazal Night on Valentines Day 14 Feb 2020','ghazal-night-on-valentines-day-14-feb-2020',2,13,'general_admission',0,'Ghazal Night on Valentines Day','Ghazal Night on Valentines Day','shows/1754083527.jpg','2020-02-14 19:00:00','2020-02-14 23:00:00',100.00,NULL,1,'past',NULL,NULL,NULL,NULL,0,0,NULL,'2025-08-02 02:25:27','2025-08-02 02:25:27'),(43,'Mere Pass Tum Ho-Dallas Evening Gala','mere-pass-tum-ho-dallas-evening-gala',2,25,'general_admission',0,'Prepare for an evening of love, drama, and entertainment at the \"Mere Pass Tum Ho - Dallas Evening Gala.\" Step into the world of one of Pakistan\'s most beloved television dramas, as we bring the characters and emotions to life on stage. Join us for a captivating event that promises to immerse you in the heart-wrenching story and unforgettable performances. Don\'t miss this unique opportunity to experience \"Mere Pass Tum Ho\" in a gala setting in Dallas. Secure your tickets now and be part of this extraordinary evening filled with passion and intrigue.','Mere Pass Tum Ho-Dallas Evening Gala','shows/1754083998.jpg','2020-03-13 19:00:00','2020-03-13 23:00:00',100.00,0,1,'past',NULL,'[]',NULL,NULL,0,0,NULL,'2025-08-02 02:33:18','2025-08-06 12:43:20'),(44,'A Charity Gala Evening with Hrithik Roshan','a-charity-gala-evening-with-hrithik-roshan',2,26,'general_admission',0,'Don\'t miss the opportunity to attend a memorable \"Charity Gala Evening with Hrithik Roshan.\" Join us for an exclusive event featuring the Bollywood superstar, Hrithik Roshan, as we come together for a noble cause. Enjoy an evening of glamour, entertainment, and philanthropy, all in the company of one of India\'s most beloved actors. Secure your tickets now for this star-studded night dedicated to making a positive impact.','A Charity Gala Evening with Hrithik Roshan','shows/1754084804.jpg','2020-01-25 19:00:00','2020-01-25 23:00:00',100.00,0,1,'past',NULL,'[]',NULL,NULL,0,0,NULL,'2025-08-02 02:46:44','2025-08-06 12:39:20'),(46,'Guru Randhawa Sensational Tour Dallas','guru-randhawa-sensational-tour-dallas',2,29,'general_admission',0,'Get ready for a sensational night of music and entertainment as Guru Randhawa takes the stage in Dallas! Join us for the \"Guru Randhawa Sensational Tour Dallas\" and experience the magic of one of India\'s most iconic music sensations. With chart-topping hits and a magnetic stage presence, Guru Randhawa promises an unforgettable evening of non-stop fun and dance. Secure your tickets now for a musical journey like no other, and get ready to groove to the beats of this Punjabi pop sensation!','Guru Randhawa Sensational Tour Dallas','shows/1754085953.jpg','2019-07-26 19:00:00','2019-07-26 23:00:00',100.00,0,1,'past',NULL,'[]',NULL,NULL,0,0,NULL,'2025-08-02 03:05:53','2025-08-06 12:45:51'),(47,'Dabangg Reloaded - Dubai','dabangg-reloaded-dubai',2,30,'general_admission',0,'Dabangg Reloaded - Dubai','Dabangg Reloaded - Dubai','shows/1754086251.jpg','2019-03-15 19:00:00','2019-03-15 23:00:00',100.00,1000,0,'past',NULL,'[]',NULL,NULL,0,0,NULL,'2025-08-02 03:10:51','2025-08-03 12:22:11'),(48,'Biggest Bollywood Party By \"Akbar Sami\"','biggest-bollywood-party-by-akbar-sami',2,14,'general_admission',0,'Get ready for the ultimate Bollywood party of the year with none other than the No. 1 DJ of India, Akbar Sami! Join us for a night of non-stop music, dance, and entertainment at the \"Biggest Bollywood Party.\" DJ Akbar Sami will take you on a musical journey through the best Bollywood beats, making sure the dance floor is sizzling all night long. Don\'t miss this chance to groove to the hottest tracks and experience the magic of India\'s top DJ. Grab your tickets now and get ready to dance the night away!','Biggest Bollywood Party By \"Akbar Sami\"','shows/1754086556.jpg','2019-04-06 19:00:00','2019-04-06 23:00:00',100.00,0,1,'past',NULL,'[]',NULL,NULL,0,0,NULL,'2025-08-02 03:15:56','2025-08-06 12:40:11'),(49,'Sonu Nigam & Neha Kakkar Live in Dallas','sonu-nigam-neha-kakkar-live-in-dallas',2,14,'general_admission',0,'Get ready to be serenaded by two of India\'s most sensational voices at \"Sonu Nigam & Neha Kakkar Live in Dallas\"! Join us for an unforgettable evening filled with soulful melodies and high-energy performances. Sonu Nigam and Neha Kakkar are all set to captivate the audience with their chart-topping hits and charismatic stage presence. Don\'t miss this chance to witness these musical maestros live on stage. Secure your tickets now for an enchanting night of Bollywood magic in Dallas!','Sonu Nigam & Neha Kakkar Live in Dallas','shows/1754087480.jpg','2019-04-07 19:00:00','2019-04-07 23:00:00',100.00,0,1,'past',NULL,'[]',NULL,NULL,0,0,NULL,'2025-08-02 03:31:20','2025-08-06 12:35:06'),(51,'Shreya Ghoshal- Dallas','shreya-ghoshal-dallas',2,12,'general_admission',0,'Experience the enchanting melodies of Shreya Ghoshal in Dallas! Join us for a mesmerizing evening as the iconic Bollywood playback singer graces the stage with her soulful voice. Get ready to be transported to a world of musical bliss as Shreya Ghoshal performs her chart-topping hits and timeless classics. Don\'t miss this opportunity to witness her incredible talent live in Dallas. Secure your tickets now for a night filled with unforgettable music and moments.','Shreya Ghoshal- Dallas','shows/1754088087.jpg','2019-08-25 19:00:00','2019-08-25 23:00:00',100.00,0,1,'past',NULL,'[]',NULL,NULL,0,0,NULL,'2025-08-02 03:41:27','2025-08-06 12:34:29'),(52,'ALI ZAFAR Live in Dallas','ali-zafar-live-in-dallas',2,24,'general_admission',0,'Get ready for an unforgettable musical experience as Ali Zafar takes the stage in Dallas! Join us for a night filled with soulful melodies, electrifying performances, and the magic of Ali Zafar\'s music. With his captivating vocals and chart-topping hits, he\'s all set to create an atmosphere of pure musical delight. Don\'t miss this chance to witness the extraordinary talent of Ali Zafar live in Dallas. Secure your tickets now for an evening that promises to be a musical journey like no other!','ALI ZAFAR Live in Dallas','shows/1754089338.jpg','2022-07-27 19:00:00','2022-07-27 23:00:00',1000.00,NULL,1,'past',NULL,NULL,NULL,NULL,0,0,NULL,'2025-08-02 04:02:18','2025-08-02 04:02:18'),(53,'New Years Eve\'s with Chitrangada Singh in Dallas','new-years-eves-with-chitrangada-singh-in-dallas',2,20,'general_admission',0,'Ring in the New Year with glamour and style at \"New Year\'s Eve with Chitrangada Singh in Dallas\"! Join us for an exclusive and unforgettable night as we welcome the year ahead in the company of the Bollywood icon, Chitrangada Singh. Experience a dazzling evening of entertainment, music, and celebration that promises to be the highlight of your year-end festivities. Secure your tickets now for a star-studded New Year\'s Eve event like no other, and make memories that will last a lifetime!','New Years Eve\'s with Chitrangada Singh in Dallas','shows/1754148981.jpg','2018-12-31 19:00:00','2018-12-31 23:00:00',100.00,0,1,'past',NULL,'[]',NULL,NULL,0,0,NULL,'2025-08-02 20:36:22','2025-08-06 12:41:47'),(55,'ATIF ASLAM LIVE IN DALLAS 2017','atif-aslam-live-in-dallas-2017',1,31,'general_admission',0,'Experience the magic of Atif Aslam live in Dallas! Join us for an unforgettable night filled with his chart-topping hits and soulful melodies. Get your tickets now for an epic musical journey.','ATIF ASLAM LIVE IN DALLAS','shows/1754149636.jpg','2017-07-09 19:00:00','2017-07-09 23:00:00',100.00,1000,1,'past',NULL,NULL,NULL,NULL,0,0,NULL,'2025-08-02 20:47:16','2025-08-02 20:47:16'),(56,'ARMAN MALIK LIVE','arman-malik-live',2,32,'general_admission',0,'Armaan Malik\r\n\r\nArmaan Malik Live in Concert: A Musical Journey at Majestic Theatre, Dallas\r\n\r\nGet ready to be serenaded by the soulful tunes of Armaan Malik as he takes the stage for an unforgettable live concert at the historic Majestic Theatre in Dallas! Join us for an evening of heartwarming melodies, electrifying performances, and a musical journey that will touch your soul.','ARMAN MALIK LIVE','shows/1754150596.jpg','2016-09-11 19:00:00','2016-09-11 23:00:00',100.00,0,1,'past',NULL,'[]',NULL,NULL,0,0,NULL,'2025-08-02 21:03:16','2025-08-06 12:51:34'),(57,'ARIF LOHAR JUGNI','arif-lohar-jugni',2,13,'general_admission',0,'ARIF LOHAR JUGNI','ARIF LOHAR JUGNI','shows/1754154772.jpg','2016-05-28 19:00:00','2016-05-28 23:00:00',100.00,1000,1,'past',NULL,NULL,NULL,NULL,0,0,NULL,'2025-08-02 22:12:53','2025-08-02 22:12:53'),(58,'DOSTI MELA KAILASA JUGNI','dosti-mela-kailasa-jugni',1,14,'general_admission',0,'DOSTI MELA KAILASA JUGNI','DOSTI MELA KAILASA JUGNI','shows/1754155158.jpg','2016-08-14 19:00:00','2016-08-14 23:00:00',100.00,1000,1,'past',NULL,NULL,NULL,NULL,0,0,NULL,'2025-08-02 22:19:18','2025-08-02 22:19:18'),(59,'HEART THROBS BREATHLESS LIVE IN CONCERT','heart-throbs-breathless-live-in-concert',2,33,'general_admission',0,'HEART THROBS BREATHLESS LIVE IN CONCERT','HEART THROBS BREATHLESS LIVE IN CONCERT','shows/1754156877.jpg','2004-04-09 19:00:00','2004-04-09 23:00:00',100.00,1000,1,'past',NULL,'[]',NULL,NULL,0,0,NULL,'2025-08-02 22:47:57','2025-08-03 12:17:55'),(60,'WHAT\'S DONE IS DONE','whats-done-is-done',1,32,'general_admission',0,'WHAT\'S DONE IS DONE','WHAT\'S DONE IS DONE','shows/1754157451.jpg','2016-07-16 19:00:00','2016-07-16 23:00:00',100.00,1000,1,'past',NULL,NULL,NULL,NULL,0,0,NULL,'2025-08-02 22:57:31','2025-08-02 22:57:31'),(61,'NAVRATRI GARBA MOHATSAV 2016','navratri-garba-mohatsav-2016',1,34,'general_admission',0,'NAVRATRI GARBA MOHATSAV 2016','NAVRATRI GARBA MOHATSAV 2016','shows/1754160423.jpg','2016-09-18 19:00:00','2016-09-18 23:00:00',100.00,0,1,'past',NULL,'[]',NULL,NULL,0,0,NULL,'2025-08-02 23:47:03','2025-08-06 12:50:43'),(62,'CHAND RAAT TEHSEEN JAVED','chand-raat-tehseen-javed',1,36,'general_admission',0,'CHAND RAAT TEHSEEN JAVED','CHAND RAAT TEHSEEN JAVED','shows/1754169127.jpg','2018-06-14 19:00:00','2018-06-14 23:00:00',100.00,1000,0,'past',NULL,NULL,NULL,NULL,0,0,NULL,'2025-08-03 02:12:07','2025-08-03 02:12:07'),(63,'ORCHESTRA MUSIC LOVERS DALLAS PALMS','orchestra-music-lovers-dallas-palms',1,25,'general_admission',0,'ORCHESTRA MUSIC LOVERS DALLAS PALMS','ORCHESTRA MUSIC LOVERS DALLAS PALMS','shows/1754218953.jpg','2023-04-12 19:00:00','2023-04-12 23:00:00',100.00,1000,1,'past',NULL,NULL,NULL,NULL,0,0,NULL,'2025-08-03 16:02:34','2025-08-03 16:02:34'),(64,'Salim Sulaiman Live','salim-sulaiman-live',1,24,'general_admission',0,'Celebrate Independence Day with the electrifying music of Salim-Sulaiman live in Dallas, TX! This renowned Indian composer duo will be performing their popular hits on July 4th weekend. Get ready for an unforgettable night of music and dance. Stay tuned for ticketing and venue details coming soon!\r\n\r\nExperience the Musical Extravaganza with Salim-Sulaiman Live in Concert!\r\n\r\nGet ready to be swept off your feet by the dynamic duo of Indian music, Salim-Sulaiman, as they bring their electrifying concert to your city! Known for their soul-stirring compositions and high-energy performances, Salim-Sulaiman have become synonymous with some of the most iconic soundtracks in Bollywood.\r\n\r\nAs you step into the realm of rhythm and melodies, prepare to be greeted by chart-topping hits like \"Chak De India,\" the anthem that fueled the spirit of a nation, and \"Shukran Allah\" from the movie \'Kurbaan,\' a song that touches the heart with its message of gratitude and love. Let the enchanting tunes of \"Mar Jawaan\" from \'Fashion\' captivate you, and the romantic vibes of \"Ainvayi Ainvayi\" from \'Band Baaja Baaraat\' get you grooving.\r\n\r\nSalim-Sulaiman\'s music is not just about the beats; it\'s a journey through a spectrum of emotions, from the intense \"Kurbaan Hua\" to the uplifting \"Ali Maula.\" Their versatility spans across various genres, making every concert a unique experience that resonates with people of all ages.\r\n\r\nThe concert will also feature mesmerizing performances by talented vocalists who have frequently collaborated with the duo, bringing to life the songs that have defined a generation. Expect to hear a blend of cinematic, folk, electronica, and Sufi influences that have become the hallmark of Salim-Sulaiman\'s music.\r\n\r\nDon\'t miss the chance to be part of this musical celebration. Join us for an evening where music transcends boundaries and unites hearts. Book your tickets now and be ready to witness the magic of Salim-Sulaiman live in concert! It\'s more than just a concert; it\'s an experience that will leave you with memories to cherish for a lifetime. See you there!','Salim Sulaiman Live','shows/1754219630.jpg','2024-07-03 19:00:00','2024-07-03 23:00:00',100.00,0,1,'past',NULL,'[]',NULL,NULL,0,0,NULL,'2025-08-03 16:13:50','2025-08-06 02:05:12'),(65,'DA-BANGG THE TOUR RELOADED 2018','da-bangg-the-tour-reloaded-2018',1,37,'general_admission',0,'DA-BANGG THE TOUR RELOADED \r\nLive at American Airlines Center Dallas\r\nJune, 29 2018','DA-BANGG THE TOUR RELOADED 2018','shows/1754222925.jpg','2018-06-29 19:00:00','2018-06-29 23:00:00',100.00,1000,1,'past',NULL,NULL,NULL,NULL,0,0,NULL,'2025-08-03 17:08:46','2025-08-03 17:08:46'),(66,'2017 NEW YEAR EVENING DALLAS','2017-new-year-evening-dallas',1,38,'general_admission',0,'2017 NEW YEAR EVENING DALLAS','2017 NEW YEAR EVENING DALLAS','shows/1754224199.jpg','2016-12-31 19:00:00','2016-12-31 23:00:00',100.00,1000,1,'past',NULL,NULL,NULL,NULL,0,0,NULL,'2025-08-03 17:29:59','2025-08-03 17:29:59'),(67,'FARHAN PAPON LIVE','farhan-papon-live',1,12,'general_admission',0,'FARHAN PAPON LIVE\r\nZINDA TOUR\r\nFIRST TIME \r\nLIVE IN DALLAS','FARHAN PAPON LIVE','shows/1754224837.jpg','2016-05-20 19:00:00','2016-05-20 23:00:00',100.00,1000,1,'past',NULL,NULL,NULL,NULL,0,0,NULL,'2025-08-03 17:40:38','2025-08-03 17:40:38'),(68,'HERO NO 1 GOVINDA','hero-no-1-govinda',1,1,'general_admission',0,'HERO NO 1 GOVINDA\r\nLIVE ON MAY 26 2024\r\nALI BABA HOKAH LOUNGE IRVING\r\n\r\nStep into the vibrant world of Bollywood and experience an evening of glamour and charisma with the legendary Govinda! 3SixtyShows invites you to an exclusive meet and greet event on May 26th, at the Alibaba Hookah Lounge in Irving where you can rub shoulders with one of India\'s most adored film stars. Known for his dynamic dance moves and infectious energy, Govinda has captured hearts across the globe, and now it\'s your chance to witness his magnetic personality up close. This is a once-in-a-lifetime opportunity to interact with a superstar who has redefined the Hindi film industry with his unique style and performances. Don\'t miss out on the chance to create unforgettable memories, take photos, and enjoy an evening filled with excitement and star power. Mark your calendars and be part of this stellar event!','HERO NO 1 GOVINDA','shows/1754225954.jpg','2024-05-26 19:00:00','2024-05-26 23:00:00',100.00,0,1,'past',NULL,'[]',NULL,NULL,0,0,NULL,'2025-08-03 17:59:14','2025-08-06 02:03:58'),(69,'JAVED AKHTAR','javed-akhtar',1,13,'general_admission',0,'JAVED AKHTAR\r\nLIVE ON OCTOBER 28 2018\r\nAT GRAND CENTER','JAVED AKHTAR','shows/1754226476.jpg','2018-10-28 19:00:00','2018-10-28 23:00:00',100.00,NULL,1,'past',NULL,NULL,NULL,NULL,0,0,NULL,'2025-08-03 18:07:56','2025-08-03 18:07:56'),(70,'JUBIN NAUTIYAL','jubin-nautiyal',1,11,'general_admission',0,'JUBIN NAUTIYAL\r\nON MARCH, 3RD 2024\r\nAT Rayleigh Underground\r\n\r\nJubin Nautiyal, the Bollywood sensation and the voice behind hit songs like \"Tum Hi Aana\" and \"Bewafa Tera Masoom Chehra\", is coming to Rayleigh Underground on Sunday, March 3rd for a spectacular concert.\r\n\r\nMost Happening Party In Vegas Style is happening on March 3rd.\r\n\r\nUpscale venue\r\nFresh locale\r\nConcert with Vegas-style flair\r\nMultilevel space featuring a patio\r\nExclusive access to a private bar\r\nComplimentary parking available\r\n**General admission $79**\r\n \r\n\r\nDon\'t miss this chance to see him live and enjoy his soulful melodies and energetic performances. Whether you are a fan of his romantic ballads or his upbeat dance numbers, you will find something to love in his diverse repertoire.\r\n\r\nTickets start from $79.00 and go up to $5,000.00 for VVIP packages that include meet and greet, photo opportunities, and premium seating. Hurry and book your tickets now before they sell out. This is a once-in-a-lifetime opportunity to witness the magic of Jubin Nautiyal in concert.','JUBIN NAUTIYAL','shows/1754226879.jpeg','2024-03-03 19:00:00','2024-03-03 23:00:00',100.00,0,1,'past',NULL,'[]',NULL,NULL,0,0,NULL,'2025-08-03 18:14:39','2025-08-06 12:48:00'),(71,'MERA WO MATLAB NAHI THA','mera-wo-matlab-nahi-tha',1,39,'general_admission',0,'MERA WO MATLAB NAHI THA \r\nON AUGUST, 08 2015\r\nAT THE BLACK ACADEMY OF ARTS & LETTERS','MERA WO MATLAB NAHI THA','shows/1754227440.jpg','2015-08-08 19:00:00','2015-08-08 23:00:00',100.00,0,1,'past',NULL,NULL,NULL,NULL,0,0,NULL,'2025-08-03 18:24:00','2025-08-03 18:24:00'),(74,'NYE PARTY URUASHI RAUTELA','nye-party-uruashi-rautela',1,28,'general_admission',0,'NYE PARTY URUASHI RAUTELA\r\nON DECEMBER 31 2020\r\nAT PALAZZO VERSACE DUBAI','NYE PARTY URUASHI RAUTELA','shows/1754228857.jpg','2020-12-31 19:00:00','2020-12-31 23:00:00',100.00,NULL,1,'past',NULL,NULL,NULL,NULL,0,0,NULL,'2025-08-03 18:47:37','2025-08-03 18:47:37'),(75,'REKHA BHARDWAJ','rekha-bhardwaj',1,13,'general_admission',0,'REKHA BHARDWAJ','REKHA BHARDWAJ','shows/1754229180.jpg','2017-09-29 19:00:00','2017-09-29 23:00:00',100.00,NULL,1,'past',NULL,NULL,NULL,NULL,0,0,NULL,'2025-08-03 18:53:00','2025-08-03 18:53:00'),(76,'SAJJAD ALI 2022','sajjad-ali-2022',1,14,'general_admission',0,'SAJJAD ALI 2022','SAJJAD ALI 2022','shows/1754229384.jpg','2022-10-23 19:00:00','2022-10-23 23:00:00',100.00,0,1,'past',NULL,NULL,NULL,NULL,0,0,NULL,'2025-08-03 18:56:24','2025-08-03 18:56:24'),(77,'WOMEN EMPOWERMENT GALA 2017','women-empowerment-gala-2017',1,14,'general_admission',0,'WOMEN EMPOWERMENT GALA 2017','WOMEN EMPOWERMENT GALA 2017','shows/1754230597.jpg','2017-03-04 19:00:00','2017-03-04 23:00:00',100.00,0,1,'past',NULL,NULL,NULL,NULL,0,0,NULL,'2025-08-03 19:16:37','2025-08-03 19:16:37'),(78,'Ek Shaam Rafi Ke Naam','ek-shaam-rafi-ke-naam',1,13,'general_admission',0,'Ek Shaam Rafi Ke Naam ?\r\n\r\nExperience a magical musical evening with the legendary Bankim Pathak and Daksha Gohil – a tribute to the golden voice of Mohammed Rafi! ?\r\n\r\n? June 21st\r\n\r\n? Grand Center, Plano, TX\r\n\r\n?️ Tickets: $35 | $55 | $75 | $100\r\n\r\n? Call: 214-679-6818 | 855-360-SHOW\r\n\r\n? https://www.meraboxoffice.com/.../bankim-pathank-ek-shaam...\r\n\r\nPresented by 3Sixty Shows in association with True Payment Solution\r\n\r\nGrand Sponsor: Patel Brothers\r\n\r\n#EkShaamRafiKeNaam #BankimPathak #LiveConcert #PlanoEvents #IndianMusic #3SixtyShows #DakshaGohil #MohammedRafiTribute #MusicLovers #LiveMusicTexas','Ek Shaam Rafi Ke Naam','shows/1754411794.jpg','2024-06-21 19:00:00','2024-06-21 23:00:00',100.00,0,1,'past',NULL,'[]',NULL,NULL,0,0,NULL,'2025-08-05 21:36:35','2025-08-06 00:29:28'),(79,'Game Changer Pre Release Event!','game-changer-pre-release-event',1,12,'general_admission',0,'he stage is set, and the anticipation is building! \r\n\r\nJoin us on December 21st as 3Sixty Shows celebrates the Game Changer Pre Release Event! ?? \r\n\r\n#InThisTogether #3SixtyShows #gamechanger #charismadreamsentertainment Ram Charan Kiara Advani Thaman S S J Suryah Dil Raju TopShot Events Bindu Kohli','Game Changer Pre Release Event!','shows/1754425047.jpg','2024-12-21 19:00:00','2024-12-21 23:00:00',100.00,0,1,'past',NULL,NULL,NULL,NULL,0,0,NULL,'2025-08-06 01:17:31','2025-08-06 01:17:31'),(80,'After Party - Ayushmann Khurranna','after-party-ayushmann-khurranna',1,11,'general_admission',0,'Experience the AFTER PARTY with Ayushmann Khurranna LIVE in Dallas! ✨?\r\n\r\nJoin us for an unforgettable evening as the multi-talented Ayushmann Khurranna brings his electrifying Bhava Live Show to Dallas! \r\n\r\nMark your calendars for November 24th and get ready to be mesmerized!\r\n\r\n? Date: November 24th, 2024\r\n? Time: Doors open at 10:00pm to 2:00am \r\n\r\n? Venue: Rayleigh Underground, 316 W Las Colinas Blvd. Suite 100, Irving, TX 75039\r\n\r\nAyushmann Khurrana, acclaimed actor, singer, and performer, is known for his incredible versatility and chart-topping hits. This live show promises an eclectic mix of his biggest Bollywood numbers, soulful ballads, and a few surprises that will leave you wanting more!','After Party - Ayushmann Khurranna','shows/1754425575.png','2024-11-24 19:00:00','2024-11-24 23:00:00',100.00,0,1,'past',NULL,NULL,NULL,NULL,0,0,NULL,'2025-08-06 01:26:15','2025-08-06 01:26:15'),(81,'Udit and Aditya Narayan Live in Concert','udit-and-aditya-narayan-live-in-concert',2,3,'general_admission',0,'On September 27th, 2024, the Udit Narayan and Aditya Narayan “Bade Miyan Chhote Miyan Concert” will grace the stage at the Credit Union of Texas Allen Event Center. This captivating musical event showcases the legendary Udit Narayan Jha, his exceptionally talented son Aditya Narayan Jha, and the melodious voice of Udit\'s wife, Deepa Narayan Jha.\r\n\r\nUdit Narayan Jha: An iconic figure in the world of music, Udit Narayan’s soulful and versatile singing has graced countless blockbuster movie soundtracks across various languages. With a career spanning over four decades, he has won numerous awards and captured the hearts of millions worldwide.\r\nAditya Narayan Jhan: Following in his father’s illustrious footsteps, Aditya is a multifaceted talent in the entertainment industry. As a singer, actor, and popular television host, he brings youthful energy and dynamic presence to every performance, resonating with audiences across generations.\r\nDeepa Narayan Jha: The talented singer and wife of Udit Narayan, Deepa adds a special charm to the concert with her melodious voice. Her duets with Udit Narayan are especially beloved, showcasing their beautiful synergy and mutual admiration.\r\nExpect an electrifying atmosphere backed by live bands, delivering hit songs, classic melodies, and new favorites. For aficionados and rookies alike, the Narayan family\'s concert is the talk of the town in Dallas, TX! It\'s an unmissable shindig for anyone who fancies a symphony of tunes that\'ll tickle your musical taste buds. ?✨\r\n\r\nDon’t miss out on this once-in-a-lifetime opportunity to witness their magic live! Secure your tickets and be part of this unforgettable musical journey. ??','Udit and Aditya Narayan Live in Concert','shows/1754426341.jpeg','2024-09-27 19:00:00','2024-09-27 23:00:00',100.00,0,1,'past',NULL,'[]',NULL,NULL,0,0,NULL,'2025-08-06 01:39:01','2025-08-06 01:49:48'),(84,'Queen of Bollywood Madhuri Dixit','queen-of-bollywood-madhuri-dixit',1,33,'general_admission',0,'An Evening with Queen of Bollywood Madhuri Dixit\r\n\r\nThis is your chance to see Bollywood royalty live! Don’t miss An Evening with Queen of Bollywood Madhuri Dixit, presented by 3SIXTY Shows, FunAsia Entertainment, Diamond Productions. The event will be held at the Malachite Room at the Renaissance in Addison on August 9th at 9 pm.\r\n\r\nTickets can be purchased by calling 855-360-SHOWS or visiting https://www.3sixtyshows.com/.\r\n\r\nThe description mentions that the dress code is black tie/tux affair or Western/Desi formal. Food and photography partners are also listed.','Queen of Bollywood Madhuri Dixit','shows/1754427615.jpeg','2024-08-09 19:00:00','2024-08-09 23:00:00',100.00,0,1,'past',NULL,NULL,NULL,NULL,0,0,NULL,'2025-08-06 02:00:15','2025-08-06 02:00:15'),(85,'Unforgettable 90s Kumar Sanu and Sadhana Sargam','unforgettable-90s-kumar-sanu-and-sadhana-sargam',2,3,'general_admission',0,'The \'90s were an era of iconic Bollywood music, and two legendary playback singers, Kumar Sanu and Sadhana Sargam, played a pivotal role in shaping its melodious landscape. Their soulful duets and solo hits continue to resonate with music lovers even today. If you’re a fan of timeless melodies, mark your calendars for May 12th, 2024, as these maestros take the stage at the Credit Union of Texas Event Center for an unforgettable musical experience.\r\n\r\nAbout Kumar Sanu\r\nKumar Sanu, a name synonymous with romance and emotions, has recorded over 20,000 songs in various languages. His voice has the power to evoke nostalgia and transport listeners back to the golden era of Bollywood.\r\nDid you know that Kumar Sanu holds the Guinness World Record for recording the most songs in a single day? In 1993, he mesmerized the world by lending his voice to 28 songs!\r\nHis collaboration with music producers Nadeem-Shravan resulted in the blockbuster soundtrack of the film “Aashiqui”, which sold a staggering 100 million albums. This marked the beginning of his reign as the king of playback singing.\r\n \r\nSadhana Sargam: The Melody Queen\r\n \r\n\r\nSadhana Sargam, with her versatile voice, ruled the \'90s music scene. Her renditions spanned genres, from romantic ballads to peppy dance numbers.\r\nShe lent her voice to several chart-topping hits, including songs from movies like “Hum Aapke Hain Koun…!”, “Raja Hindustani”, and “Pardes”.\r\nSadhana’s ability to convey emotions through her singing made her an irreplaceable part of Bollywood’s musical legacy.\r\n \r\nUnforgettable \'90s Concert Details\r\n \r\n\r\nDate: May 12th, 2024\r\nTime: Concert starts at 6:30 PM\r\nVenue: Credit Union of Texas Event Center\r\nTicket Information: Tickets are available for purchase at 3SixtyShows.com. Don’t miss this chance to witness Kumar Sanu and Sadhana Sargam recreate the magic of the \'90s on stage!\r\n \r\nHow to Get Tickets\r\n \r\n\r\nVisit 3SixtyShows.com.\r\nSelect the Unforgettable \'90s event on May 12th, 2024.\r\nChoose your preferred seating category.\r\nComplete the purchase process securely.\r\n \r\nConclusion\r\n \r\n\r\nPrepare to be swept away by the timeless melodies, relive the magic of the \'90s, and create memories that will stay with you forever. Kumar Sanu and Sadhana Sargam are ready to serenade you with their unforgettable tunes. Get your tickets now and be part of this musical journey! ???','Unforgettable 90s Kumar Sanu and Sadhana Sargam','shows/1754428567.jpeg','2024-05-12 19:00:00','2024-05-12 23:00:00',100.00,0,1,'past',NULL,NULL,NULL,NULL,0,0,NULL,'2025-08-06 02:16:07','2025-08-06 02:16:07'),(86,'Neelam Kothari Soni - Charity Event 2024','neelam-kothari-soni-charity-event-2024',1,4,'general_admission',0,'Neelam Kothari Soni - Charity Event 2024','Neelam Kothari Soni - Charity Event 2024','shows/1754773419.jpg','2024-12-06 19:00:00','2024-12-06 23:00:00',100.00,1,1,'past',NULL,'[]',NULL,NULL,0,0,NULL,'2025-08-10 02:03:39','2025-08-15 16:26:52'),(87,'Bismil Ki Mehfil Houston','bismil-ki-mehfil-houston',1,45,'general_admission',0,'Bismil Ki Mehfil\r\nBy BSN Management (Meedu)\r\n\r\nImmanuel Mar Thoma Church\r\nMar 27 from 7pm to 11:30pm CDT\r\nOverview\r\nBismil Ki Mehfil: Ek shaam purani yaadon ke saath, jahan Bismil ka jadoo aur mehfil ka rang ho!\r\nBismil Ki Mehfil\r\n\r\nCome join us for a mesmerizing evening of music and poetry at Immanuel Mar Thoma Church. Let the soulful melodies and heartfelt verses transport you to a world of beauty and emotion. This in-person event promises to be a night to remember, filled with talented artists and a warm, welcoming atmosphere. Don\'t miss out on this unique opportunity to experience the magic of Bismil Ki Mehfil!','Bismil Ki Mehfil 2026\r\nMain Hoon Sufi\r\nNorth America Tour\r\nMarch-April 2026\r\nDates to be Announced Soon\r\nTo Book the Show in your city contact\r\n855-360-SHOWS | www.3sixtyshows.com','shows/1772793246.jpg','2026-03-27 20:00:00','2026-03-27 23:00:00',1000.00,NULL,1,'upcoming',NULL,'[]',NULL,NULL,1,1,'https://tinyurl.com/bismilhouston2026','2025-11-07 00:13:43','2026-03-06 05:34:06'),(88,'Bismil Ki Mehfil Dallas','bismil-ki-mehfil-dallas',1,44,'general_admission',0,'Bismil Ki Mehfil 2026\r\nMain Hoon Sufi\r\nLive in Dallas\r\nPRISM LASCOLINAS\r\n350 E ROYAL LN SUITE #123, IRVING, TX 75039\r\nThursday 26 Mar 2026\r\nFOR SPONSORSHIP & MORE INFO CALL\r\nISHA: (469) 560-5560\r\nVINAY: (470) 255-4282','Bismil Ki Mehfil 2026\r\nMain Hoon Sufi\r\nLive in Dallas\r\nPRISM LASCOLINAS\r\n350 E ROYAL LN SUITE #123, IRVING, TX 75039\r\nThursday 26 Mar 2026\r\nFOR SPONSORSHIP & MORE INFO CALL\r\nISHA: (469) 560-5560\r\nVINAY: (470) 255-4282','shows/1772794056.jpg','2026-03-26 20:16:00','2026-03-26 23:00:00',100.00,NULL,1,'upcoming',NULL,'[]','3',NULL,1,1,'https://tinyurl.com/bismildallas2026','2025-12-07 01:18:21','2026-03-06 05:47:36'),(89,'Bismil Ki Mehfil Atlanta','bismil-ki-mehfil-atlanta',1,46,'general_admission',0,'Bismil Ki Mehfil ATLANTA\r\nMAIN HOON SUFI\r\nLIVE IN ATLANTA\r\nSAHARA BAR & LOUNGE\r\n2077 BEAVER RUIN RD #140, NORCROSS, GA 30071\r\nMORE INFO COMING SOON\r\nFOR SPONSORSHIP & MORE INFO CALL\r\nPARVEZ DAWOODANI 404-665-6964\r\nROHIL (RICKY) VIRANI 678-677-1000\r\nRICKY WALIA 404-552-0566\r\nATLANTA WALA ALI 909-913-8595','Bismil Ki Mehfil ATLANTA\r\nMAIN HOON SUFI\r\nLIVE IN ATLANTA\r\nSAHARA BAR & LOUNGE\r\n2077 BEAVER RUIN RD #140, NORCROSS, GA 30071\r\nMORE INFO COMING SOON\r\nFOR SPONSORSHIP & MORE INFO CALL\r\nPARVEZ DAWOODANI 404-665-6964\r\nROHIL (RICKY) VIRANI 678-677-1000\r\nRICKY WALIA 404-552-0566\r\nATLANTA WALA ALI 909-913-8595','shows/1772793979.jpg','2026-03-28 19:22:00','2026-03-28 19:23:00',1000.00,NULL,1,'upcoming',NULL,'[]',NULL,NULL,1,1,'https://royalsaharaatl.com/event/main-hoon-sufi/','2026-01-15 20:23:29','2026-03-06 05:46:19'),(90,'Bismil LIVE in DMV','bismil-live-in-dmv',1,48,'general_admission',0,'? Let Your Soul Dance to the Beat of Sufi Magic! ?\r\nJoin Bismil LIVE in DMV for “Main Hoon Sufi – Bismil Ki Mehfil”\r\nUse ?️ Early Bird Special Discount!\r\nUse promo code INTENSE to avail an exclusive discount.\r\n⏳ Offer valid till 21st January\r\n? Promo valid only on tickets purchased via Ticketmaster.com\r\n\r\nManish Sood of Intense Entertainment Presents \r\n\r\n✨? Bismil Ki Mehfil – Main Hoon Sufi | Live in Virginia ?✨\r\n\r\n? Friday, 03 April 2026\r\n⏰ 8:00 PM onwards\r\n? MGM NATIONAL HARBOR\r\n? 101 MGM National Ave, Oxon Hill, MD 20745\r\n\r\n?️ Buy Your Tickets @ https://www.ticketmaster.com/bismil-ki-mehfil-national-harbor-maryland-04-03-2026/event/1500642514F39D2C\r\n\r\n? For sponsorship & more info call: 202-596-2784\r\n\r\n? www.intensedmv.com\r\n\r\n✨ Don’t miss this mesmerizing musical evening — a true celebration of Sufi music, live on stage! ??\r\n\r\n#BismilLive #BismilKiMehfil #MainHoonSufi #IntenseEntertainment\r\n#LiveInVirginia #byhvp Deepa Shahani Sood Manish K Sood','? Let Your Soul Dance to the Beat of Sufi Magic! ?\r\nJoin Bismil LIVE in DMV for “Main Hoon Sufi – Bismil Ki Mehfil”\r\nUse ?️ Early Bird Special Discount!\r\nUse promo code INTENSE to avail an exclusive discount.\r\n⏳ Offer valid till 21st January','shows/1772794715.jpg','2026-04-03 19:37:00','2026-04-03 22:37:00',1000.00,NULL,1,'upcoming',NULL,'[]',NULL,NULL,1,1,'https://www.ticketmaster.com/bismil-ki-mehfil-national-harbor-maryland-04-03-2026/event/1500642514F39D2C','2026-01-15 20:40:13','2026-03-06 05:58:35'),(91,'Bismil Ki Mehfil NAPERVILLE','bismil-ki-mehfil-naperville',1,49,'general_admission',0,'RAZI & FAROOQ \r\nIN ASSOCIATION WITH\r\nAFTAB BAIG\r\nPRESENT\r\nBismil Ki Mehfil Chicago 2026\r\nMain Hoon Sufi\r\nLIVE IN CHICAGO\r\nVENUE: THE MATRIX CLUB, 808 ILLINOIS RTE 59, NAPERVILLE, IL 60540\r\n28 March, 2026\r\nMORE INFO COMING SOON...\r\nFOR SPONSORSHIP & MORE INFO CALL\r\nRAZI 815-909-0410\r\nFAROOQ 630-999-5097\r\nAFTAB  847-980-2401','RAZI & FAROOQ \r\nIN ASSOCIATION WITH\r\nAFTAB BAIG\r\nPRESENT\r\nBismil Ki Mehfil Chicago 2026\r\nMain Hoon Sufi\r\nLIVE IN CHICAGO\r\nVENUE: THE MATRIX CLUB, 808 ILLINOIS RTE 59, NAPERVILLE, IL 60540\r\n28 March, 2026\r\nMORE INFO COMING SOON...\r\nFOR SPONSORSHIP & MORE INFO CALL\r\nRAZI 815-909-0410\r\nFAROOQ 630-999-5097\r\nAFTAB  847-980-2401','shows/1772794264.jpg','2026-04-04 19:47:00','2026-04-04 22:47:00',1000.00,1000,1,'upcoming',NULL,'[]',NULL,NULL,1,1,'https://events.sulekha.com/bismil-ki-mehfil_event-in_naperville-il_397864','2026-01-15 20:49:10','2026-03-06 05:51:04'),(92,'Bismil Ki Mehfil New Jersey','bismil-ki-mehfil-new-jersey',1,47,'general_admission',0,'Bismil Ki Mehfil New Jersey\r\nMAIN HOON SUFI\r\nLIVE IN New Jersey\r\nPARLOR BANQUET\r\n2863 WOODBRIDGE AVE, EDISON NJ 08837\r\nMORE INFO COMING SOON\r\nFOR SPONSORSHIP & MORE INFO CALL\r\nRAJ: 732-812-1120\r\nSUNNY: 212-629-4949','Bismil Ki Mehfil New Jersey\r\nMAIN HOON SUFI\r\nLIVE IN New Jersey\r\nPARLOR BANQUET\r\n2863 WOODBRIDGE AVE, EDISON NJ 08837\r\nMORE INFO COMING SOON\r\nFOR SPONSORSHIP & MORE INFO CALL\r\nRAJ: 732-812-1120\r\nSUNNY: 212-629-4949','shows/1772794341.jpg','2026-04-05 19:56:00','2026-04-05 22:56:00',1000.00,1000,1,'upcoming',NULL,'[]',NULL,NULL,1,1,'https://events.sulekha.com/bismil-ki-mehfil_event-in_edison-nj_397962','2026-01-15 20:58:34','2026-03-06 05:52:21'),(93,'Bismil ki Mehfil SAN JOSE','bismil-ki-mehfil-san-jose',1,52,'general_admission',0,'SAN JOSE ✨Are you ready for a night of Sufi magic?\r\n? Bismil ki Mehfil – Main Hoon Sufi\r\n? April 12 | ⏰ 7 PM\r\n? San Jose Civic Center\r\n? Tickets on Sulekha\r\n? 408-418-8657\r\nThis isn’t just a show.\r\nIt’s a feeling.\r\n#Bismil #SufiNight #SanJoseEvents #BayAreaDesi #LiveMehfil IndianMusicLive ShorMediaGroup','SAN JOSE ✨Are you ready for a night of Sufi magic?\r\n? Bismil ki Mehfil – Main Hoon Sufi\r\n? April 12 | ⏰ 7 PM\r\n? San Jose Civic Center\r\n? Tickets on Sulekha\r\n? 408-418-8657\r\nThis isn’t just a show.\r\nIt’s a feeling.\r\n#Bismil #SufiNight #SanJoseEvents #BayAreaDesi #LiveMehfil IndianMusicLive ShorMediaGroup','shows/1772794599.jpg','2026-04-12 19:00:00','2026-04-12 22:01:00',1000.00,2000,0,'upcoming',NULL,'[]',NULL,NULL,1,1,'https://events.sulekha.com/bismil-ki-mehfil-main-hoon-sufi-live-in-bay-area_event-in_san-jose-ca_398107','2026-01-15 22:02:09','2026-03-06 05:56:39'),(94,'NITIN MUKESH','nitin-mukesh',2,13,'general_admission',0,'NITIN MUKESH\r\nSUN 9TH MAY\r\n6:30 PM ONWARDS\r\nGRAND CENTER\r\n300 CHISHOLM PLACE, PLANO,TX\r\n\r\nTICKETS AT:\r\nwww.3sixtyshows.com\r\n\r\nFOR MORE INFO CALL:\r\n855-360-SHOWS','NITIN MUKESH\r\nSUN 9TH MAY\r\n6:30 PM ONWARDS\r\nGRAND CENTER\r\n300 CHISHOLM PLACE, PLANO,TX\r\n\r\nTICKETS AT:\r\nwww.3sixtyshows.com\r\n\r\nFOR MORE INFO CALL:\r\n855-360-SHOWS','shows/1772790610.jpeg','2026-05-09 18:30:00','2026-05-09 22:30:00',1000.00,3000,1,'upcoming',NULL,'[]','3',NULL,1,1,'https://www.eventbrite.com/e/nitin-mukesh-tickets-1982719857467?aff=oddtdtcreator','2026-01-16 19:08:47','2026-03-06 04:50:10'),(95,'Naqaab Nawazuddin Siddiqui','naqaab-nawazuddin-siddiqui',2,13,'general_admission',0,'Naqaab\r\nCOMEDY THRILLER STAGE PLAY\r\nNawazuddin Siddiqui\r\nFRI 24 JULY\r\n6:30 PM ONWARDS\r\nGRAND CENTER\r\n300 CHISHOLM PLACE, PLANO,TX','Naqaab\r\nCOMEDY THRILLER STAGE PLAY\r\nNawazuddin Siddiqui\r\nFRI 24 JULY\r\n6:30 PM ONWARDS\r\nGRAND CENTER\r\n300 CHISHOLM PLACE, PLANO,TX','shows/1772791356.jpeg','2026-07-24 18:30:00','2026-07-24 22:30:00',1000.00,3000,1,'upcoming',NULL,'[]',NULL,NULL,1,0,NULL,'2026-01-16 19:13:01','2026-03-06 05:02:36'),(96,'UNITY TOUR AMMY VIRK DALLAS','unity-tour-ammy-virk-dallas',2,3,'general_admission',0,'UNITY TOUR\r\nAMMY VIRK\r\nDALLAS\r\n15TH AUGUST\r\nCREDIT UNION OF TEXAS EVENT CENTRE','UNITY TOUR\r\nAMMY VIRK\r\nDALLAS\r\n15TH AUGUST\r\nCREDIT UNION OF TEXAS EVENT CENTRE','shows/1772791211.jpeg','2026-08-15 18:30:00','2026-08-15 22:30:00',1000.00,3000,1,'upcoming',NULL,'[]',NULL,NULL,1,0,NULL,'2026-01-16 19:20:04','2026-03-06 05:00:11'),(97,'SONU Nigam Houston','sonu-nigam-houston',2,55,'general_admission',0,'?”Listen Up Houston”\r\nLegend Is arriving after 7 long years!\r\n\r\nSONU NIGAM – \r\nRevOLUTION\r\n? Sept 25\r\n? Fort Bend Epicenter, Rosenberg\r\n☎️855-OPALTIX  |  (855) 672-5849','SONU Nigam Houston\r\n\r\n\r\nDALLAS\r\nSEP 2026\r\nMORE DETAILS LOADING...\r\nLIVE ENENT\r\nwww.3sixtyshows.com','shows/1772794927.jpg','2026-09-24 18:30:00','2026-09-24 22:30:00',1000.00,3000,1,'upcoming',NULL,'[]','300',NULL,1,0,NULL,'2026-01-16 19:22:47','2026-03-06 06:02:07'),(98,'Javed Ali','javed-ali',2,13,'general_admission',0,'Javed Ali\r\nSunday 14th June \r\nGrand Center\r\n\r\nTICKETS AT:\r\nwww.3sixtyshows.com\r\n\r\nFOR MORE INFO CALL:\r\n855-360-SHOWS','Javed Ali\r\nSunday 14th June \r\nGrand Center\r\n\r\nTICKETS AT:\r\nwww.3sixtyshows.com\r\n\r\nFOR MORE INFO CALL:\r\n855-360-SHOWS','shows/1772791496.jpeg','2026-06-14 19:00:00','2026-06-14 22:00:00',1000.00,3000,1,'upcoming',NULL,'[]',NULL,NULL,1,0,NULL,'2026-01-16 19:45:02','2026-03-06 05:04:56'),(99,'Bismil Ki Mehfil Toronto','bismil-ki-mehfil-toronto',1,53,'general_admission',0,'Welcome Toronto ??✨\r\n“Bismil Ki Mehfil with @bismil.live – Main Hoon Sufi” ??\r\n?️ Sufi vibes. ⚡ EDM energy. ? Qawwali Night.\r\nFrom heart to heart ❤️, from soul to soul ✨\r\nBismil Ki Mehfil is coming to Toronto ??\r\nLet the sur speak ?, let the rooh listen ?️\r\n? Toronto, Ontario\r\n? April 10th ?️✨\r\nCome for the music ?, stay for the mehfil ?️\r\nBring your crew ?, catch the vibe ??\r\n?️ Tickets here:\r\n? https://Bismilkimehfil-Mainhoonsufi.eventbrite.ca\r\n? Artist Mgmt: @yourseventfully \r\n? Artist Coordinator: @celeb_bazaar \r\n#BismilKiMehfil ? #SufiEDM ? #MehfilVibes ?️ #Toronto ?? #BismilLive ✨','Welcome Toronto ??✨\r\n“Bismil Ki Mehfil with @bismil.live – Main Hoon Sufi” ??\r\n?️ Sufi vibes. ⚡ EDM energy. ? Qawwali Night.\r\nFrom heart to heart ❤️, from soul to soul ✨\r\nBismil Ki Mehfil is coming to Toronto ??','shows/1772791893.jpg','2026-04-10 19:13:00','2026-04-10 23:13:00',450.00,NULL,0,'upcoming',NULL,'[]','90',NULL,1,1,'https://www.eventbrite.ca/e/bismil-ki-mehfil-main-hoon-sufi-live-in-toronto-tickets-1981050913611?aff=oddtdtcreator','2026-02-27 06:14:52','2026-03-06 05:11:33'),(100,'Bismil Ki Mehfil Vancouver','bismil-ki-mehfil-vancouver',1,54,'general_admission',0,'Welcome Vancouver✨\r\n“Bismil Ki Mehfil with @bismil.live – Main Hoon Sufi” ??\r\n?️ Sufi vibes. ⚡ EDM energy. ? Qawwali Night.\r\nFrom heart to heart ❤️, from soul to soul ✨\r\nBismil Ki Mehfil is coming to Vancouver ??\r\nLet the sur speak ?, let the rooh listen ?️\r\n? Vancouver, Ontario\r\n? April 11th ?️✨\r\nCome for the music ?, stay for the mehfil ?️\r\nBring your crew ?, catch the vibe ??\r\n?️ Tickets here:\r\n? https://www.eventbrite.ca/e/bismil-ki-mehfil-main-hoon-sufi-live-in-vancouver-tickets-1981552465767?utm-campaign=social&utm-content=attendeeshare&utm-medium=discovery&utm-term=listing&utm-source=wsa&aff=ebdsshwebmobile\r\n? Artist Mgmt: @yourseventfully \r\n? Artist Coordinator: @celeb_bazaar \r\n#BismilKiMehfil ? #SufiEDM ? #MehfilVibes ?️ #Toronto ?? #BismilLive ✨','Welcome Vancouver✨\r\n“Bismil Ki Mehfil with @bismil.live – Main Hoon Sufi” ??\r\n?️ Sufi vibes. ⚡ EDM energy. ? Qawwali Night.','shows/1772794476.jpg','2026-04-11 19:29:00','2026-04-11 23:36:00',500.00,NULL,1,'upcoming',NULL,'[]','90',NULL,1,1,'https://www.eventbrite.ca/e/bismil-ki-mehfil-main-hoon-sufi-live-in-vancouver-tickets-1981552465767?utm-campaign=social&utm-content=attendeeshare&utm-medium=discovery&utm-term=listing&utm-source=wsa&aff=ebdsshwebmobile','2026-02-27 06:30:46','2026-03-06 05:54:36'),(101,'Sonu Nigam Dallas','sonu-nigam-dallas',1,3,'general_admission',0,'? The legend returns! @sonunigamofficial is set to take Dallas, TEXAS by storm ?✨\r\n? One voice. Endless emotions. ? A night you’ll never forget. ?\r\n? Revolution Sonu Nigam\r\n? Dallas | ? Sep 2026\r\n? For more details:\r\n? 3sixtyshows.com\r\n? 855.360.SHOW','? The legend returns! @sonunigamofficial is set to take Dallas, TEXAS by storm ?✨\r\n? One voice. Endless emotions. ? A night you’ll never forget. ?\r\n? Revolution Sonu Nigam\r\n? Dallas | ? Sep 2026\r\n? For more details:\r\n? 3sixtyshows.com\r\n? 855.360.SHOW','shows/1772785627.jpeg','2026-09-26 19:00:00','2026-09-26 23:00:00',500.00,NULL,1,'upcoming',NULL,'[]',NULL,NULL,1,0,NULL,'2026-02-27 07:13:40','2026-03-06 03:27:07');
/*!40000 ALTER TABLE `shows` ENABLE KEYS */;
UNLOCK TABLES;

--
-- Table structure for table `ticket_holds`
--

DROP TABLE IF EXISTS `ticket_holds`;
/*!40101 SET @saved_cs_client     = @@character_set_client */;
/*!50503 SET character_set_client = utf8mb4 */;
CREATE TABLE `ticket_holds` (
  `id` bigint unsigned NOT NULL AUTO_INCREMENT,
  `show_id` bigint unsigned NOT NULL,
  `ticket_type_id` bigint unsigned NOT NULL,
  `customer_id` bigint unsigned DEFAULT NULL,
  `session_id` varchar(255) CHARACTER SET utf8mb4 COLLATE utf8mb4_unicode_ci DEFAULT NULL,
  `seat_id` bigint unsigned DEFAULT NULL,
  `general_admission_area_id` bigint unsigned DEFAULT NULL,
  `quantity` int NOT NULL DEFAULT '1',
  `hold_type` enum('seat_selection','quantity_hold') CHARACTER SET utf8mb4 COLLATE utf8mb4_unicode_ci NOT NULL,
  `expires_at` timestamp NOT NULL DEFAULT CURRENT_TIMESTAMP ON UPDATE CURRENT_TIMESTAMP,
  `hold_data` longtext CHARACTER SET utf8mb4 COLLATE utf8mb4_bin,
  `created_at` timestamp NULL DEFAULT NULL,
  `updated_at` timestamp NULL DEFAULT NULL,
  PRIMARY KEY (`id`),
  KEY `ticket_holds_ticket_type_id_foreign` (`ticket_type_id`),
  KEY `ticket_holds_customer_id_foreign` (`customer_id`),
  KEY `ticket_holds_seat_id_foreign` (`seat_id`),
  KEY `ticket_holds_general_admission_area_id_foreign` (`general_admission_area_id`),
  KEY `ticket_holds_expires_at_index` (`expires_at`),
  KEY `ticket_holds_show_id_expires_at_index` (`show_id`,`expires_at`),
  CONSTRAINT `ticket_holds_customer_id_foreign` FOREIGN KEY (`customer_id`) REFERENCES `customers` (`id`) ON DELETE CASCADE,
  CONSTRAINT `ticket_holds_general_admission_area_id_foreign` FOREIGN KEY (`general_admission_area_id`) REFERENCES `general_admission_areas` (`id`) ON DELETE CASCADE,
  CONSTRAINT `ticket_holds_seat_id_foreign` FOREIGN KEY (`seat_id`) REFERENCES `seats` (`id`) ON DELETE CASCADE,
  CONSTRAINT `ticket_holds_show_id_foreign` FOREIGN KEY (`show_id`) REFERENCES `shows` (`id`) ON DELETE CASCADE,
  CONSTRAINT `ticket_holds_ticket_type_id_foreign` FOREIGN KEY (`ticket_type_id`) REFERENCES `ticket_types` (`id`) ON DELETE CASCADE,
  CONSTRAINT `ticket_holds_chk_1` CHECK (json_valid(`hold_data`))
) ENGINE=InnoDB AUTO_INCREMENT=169 DEFAULT CHARSET=utf8mb4 COLLATE=utf8mb4_unicode_ci;
/*!40101 SET character_set_client = @saved_cs_client */;

--
-- Dumping data for table `ticket_holds`
--

LOCK TABLES `ticket_holds` WRITE;
/*!40000 ALTER TABLE `ticket_holds` DISABLE KEYS */;
/*!40000 ALTER TABLE `ticket_holds` ENABLE KEYS */;
UNLOCK TABLES;

--
-- Table structure for table `ticket_types`
--

DROP TABLE IF EXISTS `ticket_types`;
/*!40101 SET @saved_cs_client     = @@character_set_client */;
/*!50503 SET character_set_client = utf8mb4 */;
CREATE TABLE `ticket_types` (
  `id` bigint unsigned NOT NULL AUTO_INCREMENT,
  `show_id` bigint unsigned NOT NULL,
  `name` varchar(255) CHARACTER SET utf8mb4 COLLATE utf8mb4_unicode_ci NOT NULL,
  `description` text CHARACTER SET utf8mb4 COLLATE utf8mb4_unicode_ci,
  `type` enum('assigned_seat','general_admission','standing') CHARACTER SET utf8mb4 COLLATE utf8mb4_unicode_ci NOT NULL DEFAULT 'general_admission',
  `seat_category_ids` longtext CHARACTER SET utf8mb4 COLLATE utf8mb4_bin,
  `allows_seat_selection` tinyint(1) NOT NULL DEFAULT '0',
  `price` decimal(10,2) NOT NULL,
  `capacity` int DEFAULT NULL,
  `available_quantity` int DEFAULT NULL,
  `sold_quantity` int NOT NULL DEFAULT '0',
  `is_active` tinyint(1) NOT NULL DEFAULT '1',
  `display_order` int NOT NULL DEFAULT '0',
  `created_at` timestamp NULL DEFAULT NULL,
  `updated_at` timestamp NULL DEFAULT NULL,
  PRIMARY KEY (`id`),
  KEY `ticket_types_show_id_is_active_index` (`show_id`,`is_active`),
  CONSTRAINT `ticket_types_show_id_foreign` FOREIGN KEY (`show_id`) REFERENCES `shows` (`id`) ON DELETE CASCADE,
  CONSTRAINT `ticket_types_chk_1` CHECK (json_valid(`seat_category_ids`))
) ENGINE=InnoDB AUTO_INCREMENT=8 DEFAULT CHARSET=utf8mb4 COLLATE=utf8mb4_unicode_ci;
/*!40101 SET character_set_client = @saved_cs_client */;

--
-- Dumping data for table `ticket_types`
--

LOCK TABLES `ticket_types` WRITE;
/*!40000 ALTER TABLE `ticket_types` DISABLE KEYS */;
INSERT INTO `ticket_types` VALUES (1,1,'General Admission','Standard entry ticket','general_admission',NULL,0,25.00,100,NULL,0,0,1,'2025-08-12 01:40:39','2025-08-15 16:24:57'),(2,1,'VIP','VIP entry with perks','general_admission',NULL,0,50.00,20,NULL,0,0,2,'2025-08-12 01:41:27','2025-08-15 16:25:17'),(3,7,'General Admission','Standard entry to Abhijeet Bhattacharya live concert','general_admission',NULL,0,45.00,300,NULL,0,1,1,'2025-08-12 02:25:11','2025-08-12 02:25:11'),(4,7,'Premium Seating','Premium seats with better view and sound','general_admission',NULL,0,85.00,100,NULL,0,1,2,'2025-08-12 02:25:55','2025-08-12 02:25:55'),(5,7,'VIP Experience','VIP package with meet & greet and exclusive merchandise','general_admission',NULL,0,125.00,25,NULL,0,1,3,'2025-08-12 02:26:21','2025-08-12 02:26:21'),(6,7,'Student Discount','Discounted tickets for students (ID required)','general_admission',NULL,0,35.00,50,NULL,0,1,0,'2025-08-12 02:26:55','2025-08-12 02:26:55'),(7,11,'VIP','VIP','general_admission',NULL,0,10.00,100,NULL,0,1,0,'2025-08-15 16:22:44','2025-08-28 04:02:59');
/*!40000 ALTER TABLE `ticket_types` ENABLE KEYS */;
UNLOCK TABLES;

--
-- Table structure for table `tickets`
--

DROP TABLE IF EXISTS `tickets`;
/*!40101 SET @saved_cs_client     = @@character_set_client */;
/*!50503 SET character_set_client = utf8mb4 */;
CREATE TABLE `tickets` (
  `id` bigint unsigned NOT NULL AUTO_INCREMENT,
  `user_id` bigint unsigned DEFAULT NULL,
  `show_id` bigint unsigned NOT NULL,
  `booking_id` bigint unsigned NOT NULL,
  `ticket_type_id` bigint unsigned NOT NULL,
  `seat_id` bigint unsigned DEFAULT NULL,
  `ticket_number` varchar(255) CHARACTER SET utf8mb4 COLLATE utf8mb4_unicode_ci NOT NULL,
  `price` decimal(10,2) NOT NULL,
  `status` varchar(255) CHARACTER SET utf8mb4 COLLATE utf8mb4_unicode_ci NOT NULL DEFAULT 'active',
  `seat_number` varchar(255) CHARACTER SET utf8mb4 COLLATE utf8mb4_unicode_ci DEFAULT NULL,
  `seat_identifier` varchar(255) CHARACTER SET utf8mb4 COLLATE utf8mb4_unicode_ci DEFAULT NULL,
  `ticket_mode` enum('assigned_seat','general_admission') CHARACTER SET utf8mb4 COLLATE utf8mb4_unicode_ci NOT NULL DEFAULT 'general_admission',
  `ticket_metadata` longtext CHARACTER SET utf8mb4 COLLATE utf8mb4_bin,
  `purchased_date` datetime NOT NULL,
  `qr_code` varchar(255) CHARACTER SET utf8mb4 COLLATE utf8mb4_unicode_ci DEFAULT NULL,
  `created_at` timestamp NULL DEFAULT NULL,
  `updated_at` timestamp NULL DEFAULT NULL,
  PRIMARY KEY (`id`),
  UNIQUE KEY `tickets_ticket_number_unique` (`ticket_number`),
  KEY `tickets_seat_id_foreign` (`seat_id`),
  KEY `tickets_show_id_ticket_mode_status_index` (`show_id`,`ticket_mode`,`status`),
  KEY `tickets_booking_id_status_index` (`booking_id`,`status`),
  KEY `tickets_show_id_status_index` (`show_id`,`status`),
  KEY `tickets_customer_id_status_index` (`status`),
  KEY `tickets_ticket_type_id_status_index` (`ticket_type_id`,`status`),
  KEY `tickets_user_id_foreign` (`user_id`),
  CONSTRAINT `tickets_booking_id_foreign` FOREIGN KEY (`booking_id`) REFERENCES `bookings` (`id`) ON DELETE CASCADE,
  CONSTRAINT `tickets_seat_id_foreign` FOREIGN KEY (`seat_id`) REFERENCES `seats` (`id`) ON DELETE SET NULL,
  CONSTRAINT `tickets_show_id_foreign` FOREIGN KEY (`show_id`) REFERENCES `shows` (`id`) ON DELETE CASCADE,
  CONSTRAINT `tickets_ticket_type_id_foreign` FOREIGN KEY (`ticket_type_id`) REFERENCES `ticket_types` (`id`) ON DELETE CASCADE,
  CONSTRAINT `tickets_user_id_foreign` FOREIGN KEY (`user_id`) REFERENCES `users` (`id`) ON DELETE CASCADE,
  CONSTRAINT `tickets_chk_1` CHECK (json_valid(`ticket_metadata`))
) ENGINE=InnoDB AUTO_INCREMENT=39 DEFAULT CHARSET=utf8mb4 COLLATE=utf8mb4_unicode_ci;
/*!40101 SET character_set_client = @saved_cs_client */;

--
-- Dumping data for table `tickets`
--

LOCK TABLES `tickets` WRITE;
/*!40000 ALTER TABLE `tickets` DISABLE KEYS */;
INSERT INTO `tickets` VALUES (1,12,7,4,6,NULL,'TK-PCIZ2H9VHW',35.00,'active',NULL,NULL,'general_admission','{\"area_id\": null, \"area_name\": \"General Admission\"}','2025-08-14 14:58:30',NULL,'2025-08-14 19:58:30','2025-08-14 19:58:30'),(2,12,7,4,3,NULL,'TK-6GAAYUH2QU',45.00,'active',NULL,NULL,'general_admission','{\"area_id\": null, \"area_name\": \"General Admission\"}','2025-08-14 14:58:30',NULL,'2025-08-14 19:58:30','2025-08-14 19:58:30'),(3,12,7,4,4,NULL,'TK-3LH6L3PW5B',85.00,'active',NULL,NULL,'general_admission','{\"area_id\": null, \"area_name\": \"General Admission\"}','2025-08-14 14:58:30',NULL,'2025-08-14 19:58:30','2025-08-14 19:58:30'),(4,12,7,4,4,NULL,'TK-CYWOPOS65T',85.00,'active',NULL,NULL,'general_admission','{\"area_id\": null, \"area_name\": \"General Admission\"}','2025-08-14 14:58:30',NULL,'2025-08-14 19:58:30','2025-08-14 19:58:30'),(5,12,7,4,5,NULL,'TK-FCTHGCMWLW',125.00,'active',NULL,NULL,'general_admission','{\"area_id\": null, \"area_name\": \"General Admission\"}','2025-08-14 14:58:30',NULL,'2025-08-14 19:58:30','2025-08-14 19:58:30'),(6,12,7,4,5,NULL,'TK-NKEFBDXZAI',125.00,'active',NULL,NULL,'general_admission','{\"area_id\": null, \"area_name\": \"General Admission\"}','2025-08-14 14:58:30',NULL,'2025-08-14 19:58:30','2025-08-14 19:58:30'),(7,2,7,5,6,NULL,'TK-PIBFCGDMUS',35.00,'active',NULL,NULL,'general_admission','{\"area_id\": null, \"area_name\": \"General Admission\"}','2025-08-14 19:09:15',NULL,'2025-08-15 00:09:15','2025-08-15 00:09:15'),(8,2,7,5,6,NULL,'TK-Z8WEABHEQZ',35.00,'active',NULL,NULL,'general_admission','{\"area_id\": null, \"area_name\": \"General Admission\"}','2025-08-14 19:09:15',NULL,'2025-08-15 00:09:15','2025-08-15 00:09:15'),(9,2,7,5,3,NULL,'TK-ZAFI9OZYB8',45.00,'active',NULL,NULL,'general_admission','{\"area_id\": null, \"area_name\": \"General Admission\"}','2025-08-14 19:09:15',NULL,'2025-08-15 00:09:15','2025-08-15 00:09:15'),(10,2,7,5,4,NULL,'TK-DMLBG8D3WS',85.00,'active',NULL,NULL,'general_admission','{\"area_id\": null, \"area_name\": \"General Admission\"}','2025-08-14 19:09:15',NULL,'2025-08-15 00:09:15','2025-08-15 00:09:15'),(11,2,7,5,4,NULL,'TK-L573SYAE28',85.00,'active',NULL,NULL,'general_admission','{\"area_id\": null, \"area_name\": \"General Admission\"}','2025-08-14 19:09:15',NULL,'2025-08-15 00:09:15','2025-08-15 00:09:15'),(12,2,7,5,5,NULL,'TK-1QFBCUHDUT',125.00,'active',NULL,NULL,'general_admission','{\"area_id\": null, \"area_name\": \"General Admission\"}','2025-08-14 19:09:15',NULL,'2025-08-15 00:09:15','2025-08-15 00:09:15'),(13,2,7,5,5,NULL,'TK-QYDLDZPYQD',125.00,'active',NULL,NULL,'general_admission','{\"area_id\": null, \"area_name\": \"General Admission\"}','2025-08-14 19:09:15',NULL,'2025-08-15 00:09:15','2025-08-15 00:09:15'),(14,13,7,6,6,NULL,'TK-7FSKBVG920',35.00,'active',NULL,NULL,'general_admission','{\"area_id\": null, \"area_name\": \"General Admission\"}','2025-08-15 07:49:31',NULL,'2025-08-15 12:49:31','2025-08-15 12:49:31'),(15,13,7,6,3,NULL,'TK-EGOLZH4PJW',45.00,'active',NULL,NULL,'general_admission','{\"area_id\": null, \"area_name\": \"General Admission\"}','2025-08-15 07:49:31',NULL,'2025-08-15 12:49:31','2025-08-15 12:49:31'),(16,13,7,6,4,NULL,'TK-VQ7ULVP0G6',85.00,'active',NULL,NULL,'general_admission','{\"area_id\": null, \"area_name\": \"General Admission\"}','2025-08-15 07:49:31',NULL,'2025-08-15 12:49:31','2025-08-15 12:49:31'),(17,13,7,6,4,NULL,'TK-QVZMGYBZ9F',85.00,'active',NULL,NULL,'general_admission','{\"area_id\": null, \"area_name\": \"General Admission\"}','2025-08-15 07:49:31',NULL,'2025-08-15 12:49:31','2025-08-15 12:49:31'),(18,13,7,6,5,NULL,'TK-2FJVD8FDOI',125.00,'active',NULL,NULL,'general_admission','{\"area_id\": null, \"area_name\": \"General Admission\"}','2025-08-15 07:49:31',NULL,'2025-08-15 12:49:31','2025-08-15 12:49:31'),(19,NULL,7,7,6,NULL,'TK-X2MN5AHBFU',35.00,'active',NULL,NULL,'general_admission','{\"area_id\": null, \"area_name\": \"General Admission\"}','2025-08-22 21:24:26',NULL,'2025-08-23 02:24:26','2025-08-23 02:24:26'),(20,NULL,7,7,3,NULL,'TK-MC65WT9BY0',45.00,'active',NULL,NULL,'general_admission','{\"area_id\": null, \"area_name\": \"General Admission\"}','2025-08-22 21:24:26',NULL,'2025-08-23 02:24:26','2025-08-23 02:24:26'),(21,NULL,7,8,6,NULL,'TK-R925WZLDIG',35.00,'active',NULL,NULL,'general_admission','{\"area_id\": null, \"area_name\": \"General Admission\"}','2025-08-22 22:25:18',NULL,'2025-08-23 03:25:18','2025-08-23 03:25:18'),(22,NULL,7,8,3,NULL,'TK-ITS6DPTQEB',45.00,'active',NULL,NULL,'general_admission','{\"area_id\": null, \"area_name\": \"General Admission\"}','2025-08-22 22:25:18',NULL,'2025-08-23 03:25:18','2025-08-23 03:25:18'),(23,NULL,7,11,6,NULL,'TK-7AVOUVPWHX',35.00,'active',NULL,NULL,'general_admission','{\"area_id\": null, \"area_name\": \"General Admission\"}','2025-08-25 15:51:18',NULL,'2025-08-25 20:51:18','2025-08-25 20:51:18'),(24,NULL,7,11,3,NULL,'TK-7W2JIWJAEC',45.00,'active',NULL,NULL,'general_admission','{\"area_id\": null, \"area_name\": \"General Admission\"}','2025-08-25 15:51:18',NULL,'2025-08-25 20:51:18','2025-08-25 20:51:18'),(25,NULL,7,25,6,NULL,'TK-VRGCLL94W7',35.00,'active',NULL,NULL,'general_admission','{\"area_id\": null, \"area_name\": \"General Admission\"}','2025-08-27 19:42:04',NULL,'2025-08-28 00:42:04','2025-08-28 00:42:04'),(26,NULL,7,26,3,NULL,'TK-U6IMZWZUUV',45.00,'active',NULL,NULL,'general_admission','{\"area_id\": null, \"area_name\": \"General Admission\"}','2025-08-27 20:49:20',NULL,'2025-08-28 01:49:20','2025-08-28 01:49:20'),(27,NULL,7,27,6,NULL,'TK-6OPVOFKU5Y',35.00,'active',NULL,NULL,'general_admission','{\"area_id\": null, \"area_name\": \"General Admission\"}','2025-08-27 21:55:13',NULL,'2025-08-28 02:55:13','2025-08-28 02:55:13'),(28,NULL,7,28,6,NULL,'TK-USQ20PLQCX',35.00,'active',NULL,NULL,'general_admission','{\"area_id\": null, \"area_name\": \"General Admission\"}','2025-08-27 21:56:47',NULL,'2025-08-28 02:56:47','2025-08-28 02:56:47'),(29,NULL,7,28,3,NULL,'TK-K1J74JDOWF',45.00,'active',NULL,NULL,'general_admission','{\"area_id\": null, \"area_name\": \"General Admission\"}','2025-08-27 21:56:47',NULL,'2025-08-28 02:56:47','2025-08-28 02:56:47'),(30,NULL,7,29,6,NULL,'TK-1Z4ELHZK3S',35.00,'active',NULL,NULL,'general_admission','{\"area_id\": null, \"area_name\": \"General Admission\"}','2025-08-27 22:02:57',NULL,'2025-08-28 03:02:57','2025-08-28 03:02:57'),(31,NULL,7,30,6,NULL,'TK-KEJ5UWUG0C',35.00,'active',NULL,NULL,'general_admission','{\"area_id\": null, \"area_name\": \"General Admission\"}','2025-08-27 22:08:47',NULL,'2025-08-28 03:08:47','2025-08-28 03:08:47'),(32,NULL,7,30,3,NULL,'TK-O1VPYC6XV2',45.00,'active',NULL,NULL,'general_admission','{\"area_id\": null, \"area_name\": \"General Admission\"}','2025-08-27 22:08:47',NULL,'2025-08-28 03:08:47','2025-08-28 03:08:47'),(33,NULL,7,30,4,NULL,'TK-RWIQVW3EMC',85.00,'active',NULL,NULL,'general_admission','{\"area_id\": null, \"area_name\": \"General Admission\"}','2025-08-27 22:08:47',NULL,'2025-08-28 03:08:47','2025-08-28 03:08:47'),(34,NULL,11,31,7,NULL,'TK-P41OR52ITD',10.00,'active',NULL,NULL,'general_admission','{\"area_id\": null, \"area_name\": \"General Admission\"}','2025-08-27 23:05:10',NULL,'2025-08-28 04:05:10','2025-08-28 04:05:10'),(35,NULL,7,32,6,NULL,'TK-LLJGUS6QJL',35.00,'active',NULL,NULL,'general_admission','{\"area_id\": null, \"area_name\": \"General Admission\"}','2025-08-30 09:46:34',NULL,'2025-08-30 14:46:34','2025-08-30 14:46:34'),(36,NULL,7,32,3,NULL,'TK-ESA3YYXSHS',45.00,'active',NULL,NULL,'general_admission','{\"area_id\": null, \"area_name\": \"General Admission\"}','2025-08-30 09:46:34',NULL,'2025-08-30 14:46:34','2025-08-30 14:46:34'),(37,NULL,7,33,6,NULL,'TK-V6BMSA9DRI',35.00,'active',NULL,NULL,'general_admission','{\"area_name\":\"General Admission\",\"area_id\":null}','2025-09-09 23:09:31',NULL,'2025-09-10 04:09:31','2025-09-10 04:09:31'),(38,NULL,7,33,3,NULL,'TK-MAD7ECHIGD',45.00,'active',NULL,NULL,'general_admission','{\"area_name\":\"General Admission\",\"area_id\":null}','2025-09-09 23:09:31',NULL,'2025-09-10 04:09:31','2025-09-10 04:09:31');
/*!40000 ALTER TABLE `tickets` ENABLE KEYS */;
UNLOCK TABLES;

--
-- Table structure for table `users`
--

DROP TABLE IF EXISTS `users`;
/*!40101 SET @saved_cs_client     = @@character_set_client */;
/*!50503 SET character_set_client = utf8mb4 */;
CREATE TABLE `users` (
  `id` bigint unsigned NOT NULL AUTO_INCREMENT,
  `name` varchar(255) CHARACTER SET utf8mb4 COLLATE utf8mb4_unicode_ci NOT NULL,
  `email` varchar(255) CHARACTER SET utf8mb4 COLLATE utf8mb4_unicode_ci NOT NULL,
  `phone` varchar(255) CHARACTER SET utf8mb4 COLLATE utf8mb4_unicode_ci DEFAULT NULL,
  `newsletter_subscribed` tinyint(1) NOT NULL DEFAULT '0',
  `email_verified_at` timestamp NULL DEFAULT NULL,
  `password` varchar(255) CHARACTER SET utf8mb4 COLLATE utf8mb4_unicode_ci NOT NULL,
  `remember_token` varchar(100) CHARACTER SET utf8mb4 COLLATE utf8mb4_unicode_ci DEFAULT NULL,
  `created_at` timestamp NULL DEFAULT NULL,
  `updated_at` timestamp NULL DEFAULT NULL,
  `role` varchar(255) CHARACTER SET utf8mb4 COLLATE utf8mb4_unicode_ci NOT NULL DEFAULT 'user',
  `is_active` tinyint(1) NOT NULL DEFAULT '1',
  PRIMARY KEY (`id`),
  UNIQUE KEY `users_email_unique` (`email`)
) ENGINE=InnoDB AUTO_INCREMENT=25 DEFAULT CHARSET=utf8mb4 COLLATE=utf8mb4_unicode_ci;
/*!40101 SET character_set_client = @saved_cs_client */;

--
-- Dumping data for table `users`
--

LOCK TABLES `users` WRITE;
/*!40000 ALTER TABLE `users` DISABLE KEYS */;
INSERT INTO `users` VALUES (1,'Muhammad Rashid','mrashid@gmail.com',NULL,0,NULL,'$2y$12$PaM2UAdrTuOkUFQy/QsENuDo9se.8unTPd77Pwv/IXq1fEHiVt0Sq',NULL,'2025-04-16 23:17:02','2026-02-27 03:17:34','admin',1),(2,'Muhammad Amad Khan','amad@gmail.com',NULL,0,NULL,'$2y$10$IkGxn9z8LmSykfjTOS1DAeA4Xi.EEHqoJvCVHOVpqpuUdoau5nGaG',NULL,'2025-07-21 12:01:57','2025-07-21 12:01:57','user',1),(4,'Muhammad Saad Khan','saad@gmail.com',NULL,0,NULL,'$2y$10$nNAGVsvgHH7uMsHjwdxYD.dX2uaHh/ltDCFiN9z3im8WXM/tagtV.',NULL,'2025-08-11 15:13:17','2025-08-11 15:13:17','user',1),(5,'Taha Aqeel','taha@gmail.com',NULL,0,NULL,'$2y$10$zeBYN2bVd326nH5Zrltby.ET1.027CNCtBl0.zVykAfiulwDTNK4O',NULL,'2025-08-11 15:26:36','2025-08-11 15:26:36','user',1),(12,'Muhammad Rashid','mrashid2000@gmail.com',NULL,0,'2025-08-14 19:58:29','$2y$10$MefmUtUtz0QEitvNrMDe.eiZQZWATijLbQxhbaYaYHHrGpP3ccLAW',NULL,'2025-08-14 19:58:29','2025-08-14 19:58:29','customer',1),(13,'Umar khan','umar@gmail.com',NULL,0,NULL,'$2y$10$UCsHdZsnK/tuXBqtYemNZe0f6U0shv9E30juN.hmV6ChrOt/PJeSe',NULL,'2025-08-15 12:47:21','2025-08-15 12:47:21','user',1),(14,'yFarUJFWjHOuxWWE YWrAPXYsVrQfGIYJ','djiliboow74@gmail.com',NULL,0,NULL,'$2y$10$7MgBQyCw1roprV7Pniih5eVUHN4HthWtuVPTKS/dMzuhrfQhkL0tu',NULL,'2025-11-04 15:31:57','2025-11-04 15:31:57','user',1),(15,'QJQIqXiIlBajcOhe jfoRfutQveQMRyEyF','roranatac85@gmail.com',NULL,0,NULL,'$2y$10$PtECS8UYGPja8ZqR7kUrVeynphS5I1p1MnSzIIXeO4uNhJc7cCI3K',NULL,'2025-11-12 15:33:56','2025-11-12 15:33:56','user',1),(16,'BHUFDzKNyqrWBLKqkIaMP nUvvJcayRvxcUuhcZCRXZ','kukuhax477@gmail.com',NULL,0,NULL,'$2y$10$UuEp.IFZGQeXQ9O8uN2ZY.cvO0KpIJeJGZKC/aa0M19wMWwoUJFnq',NULL,'2025-11-24 10:55:41','2025-11-24 10:55:41','user',1),(17,'JeremytrateDC JeremytrateDC','p.luttkau@t-online.de',NULL,0,NULL,'$2y$10$ydf6DLEjtbh2YAbFmw3u7OkZRFni90vVXvofexVRTOQXBMfJhJtKW',NULL,'2025-12-15 09:27:25','2025-12-15 09:27:25','user',1),(18,'ZhfiHCoMIpFJAVfpJLCKFCgb lVpJxymqsRwDHSGsN','j.af.ize.j.e.b70@gmail.com',NULL,0,NULL,'$2y$10$fm3iYQ0yXlKrALDmpLu5oO8ZmRj8H3b5OSFOH7VdznSwLmEN7obeW',NULL,'2026-01-22 18:16:57','2026-01-22 18:16:57','user',1),(19,'nlpgrhsten dlfidimqtr','zpdhxdsg@checkyourform.xyz',NULL,0,NULL,'$2y$10$xznee.mJytlpRRgCaWVNAekTAq66VN3WJwvloQt88sxtAJEqxw7J.',NULL,'2026-01-23 04:02:13','2026-01-23 04:02:13','user',1),(20,'lsrejwpjuw driukqrrvx','egrhnzvi@checkyourform.xyz',NULL,0,NULL,'$2y$10$JAQuzcKte.hL9r9dXzgn6OjflqvsjfcknpMd6NZiBf3JZZuh78TJC',NULL,'2026-01-23 04:02:15','2026-01-23 04:02:15','user',1),(21,'vlomdjdmux qjonkxwesq','qdlxfihs@checkyourform.xyz',NULL,0,NULL,'$2y$10$XBZpaaWqCUigePgo9J1uK.FzTgwqencAetOIaggBUgECaruuLxFji',NULL,'2026-01-27 20:46:06','2026-01-27 20:46:06','user',1),(22,'etjlwiyulh lydkrhivlx','ojmedntt@checkyourform.xyz',NULL,0,NULL,'$2y$10$WXFjfbV/r2LK3heBa3C6B.jLHgyhLMHd4pqoScDG39rTGWpVti1xS',NULL,'2026-01-27 21:18:05','2026-01-27 21:18:05','user',1),(23,'yfjgGcZjiViRNpSpXu AZwAuUjEVxwgFfgJqasKKyt','m.i.j.izo.h.a.10@gmail.com',NULL,0,NULL,'$2y$10$P5D7ooOVb/WDCAxXq8IVk.SdB7ApUrkzqSsKbDP261r1WjHMEB6QO',NULL,'2026-02-06 21:48:05','2026-02-06 21:48:05','user',1),(24,'WywiknCqEjnarOwasuWHUhTv mgiVjmpVNZPyDqMmjOUSvQCi','c.uj.uvatave.879@gmail.com',NULL,0,NULL,'$2y$10$AZIo5.joRChNAGNB.lRRAufyEuKypbKbjiSNyP92VQdt9ETHu1maK',NULL,'2026-02-09 20:57:34','2026-02-09 20:57:34','user',1);
/*!40000 ALTER TABLE `users` ENABLE KEYS */;
UNLOCK TABLES;

--
-- Table structure for table `venues`
--

DROP TABLE IF EXISTS `venues`;
/*!40101 SET @saved_cs_client     = @@character_set_client */;
/*!50503 SET character_set_client = utf8mb4 */;
CREATE TABLE `venues` (
  `id` bigint unsigned NOT NULL AUTO_INCREMENT,
  `name` varchar(255) CHARACTER SET utf8mb4 COLLATE utf8mb4_unicode_ci NOT NULL,
  `slug` varchar(255) CHARACTER SET utf8mb4 COLLATE utf8mb4_unicode_ci NOT NULL,
  `description` text CHARACTER SET utf8mb4 COLLATE utf8mb4_unicode_ci,
  `address` varchar(255) CHARACTER SET utf8mb4 COLLATE utf8mb4_unicode_ci NOT NULL,
  `city` varchar(255) CHARACTER SET utf8mb4 COLLATE utf8mb4_unicode_ci NOT NULL,
  `state` varchar(255) CHARACTER SET utf8mb4 COLLATE utf8mb4_unicode_ci DEFAULT NULL,
  `country` varchar(255) CHARACTER SET utf8mb4 COLLATE utf8mb4_unicode_ci NOT NULL,
  `postal_code` varchar(255) CHARACTER SET utf8mb4 COLLATE utf8mb4_unicode_ci DEFAULT NULL,
  `latitude` decimal(10,7) DEFAULT NULL,
  `longitude` decimal(10,7) DEFAULT NULL,
  `contact_email` varchar(255) CHARACTER SET utf8mb4 COLLATE utf8mb4_unicode_ci DEFAULT NULL,
  `contact_phone` varchar(255) CHARACTER SET utf8mb4 COLLATE utf8mb4_unicode_ci DEFAULT NULL,
  `website` varchar(255) CHARACTER SET utf8mb4 COLLATE utf8mb4_unicode_ci DEFAULT NULL,
  `capacity` int DEFAULT NULL,
  `created_at` timestamp NULL DEFAULT NULL,
  `updated_at` timestamp NULL DEFAULT NULL,
  PRIMARY KEY (`id`),
  UNIQUE KEY `venues_slug_unique` (`slug`)
) ENGINE=InnoDB AUTO_INCREMENT=56 DEFAULT CHARSET=utf8mb4 COLLATE=utf8mb4_unicode_ci;
/*!40101 SET character_set_client = @saved_cs_client */;

--
-- Dumping data for table `venues`
--

LOCK TABLES `venues` WRITE;
/*!40000 ALTER TABLE `venues` DISABLE KEYS */;
INSERT INTO `venues` VALUES (1,'Ali Baba Hookah Lounge','ali-baba-hookah-lounge','Ali Baba Hookah Lounge','2238 W Walnut Hill Ln','Irving','Texas','USA','75038',NULL,NULL,'Info@3sixtyshows.com','(469) 586-5437','https://3sixtyshows.com',1000,'2025-04-18 18:50:46','2025-04-18 18:50:46'),(2,'BH Ranch','bh-ranch','BH Ranch','14149 Player St','Houston','Texas','USA','77045',NULL,NULL,'bhranchent@gmail.com','832-878-8535','https://mybhranch.com/',500,'2025-04-18 18:53:41','2025-04-18 18:53:41'),(3,'Credit Union of Texas Event Center','credit-union-of-texas-event-center','200 E Stacy Rd #1350','200 E Stacy Rd #1350','Allen','Texas','USA','75002',NULL,NULL,'info@3sixtyshows.com','1 972-678-4646','https://3sixtyshows.com',2000,'2025-04-18 18:56:56','2025-04-18 18:56:56'),(4,'Dew Events Center','dew-events-center','Dew Events Center','2401 S Stemmons Fwy','Lewisville','Texas','USA','75067',NULL,NULL,'info@thevistacenter.com','+19723150015','https://thevistacenter.com/',3000,'2025-04-18 18:59:31','2025-04-18 18:59:31'),(5,'Global Mall','global-mall',NULL,'5675 Jimmy Carter Blvd','Norcross','Georgia','USA','30071',NULL,NULL,'info@amsglobalmall.com','7704161111','https://amsglobalmall.com/',3000,'2025-04-18 19:42:49','2025-04-18 19:53:50'),(6,'NATIONAL INDIA HUB','national-india-hub','NATIONAL INDIA HUB','930 National Parkway','Schaumburg','Illinois','USA','60173',NULL,NULL,'info@3sixtyshows.com','1234567890','https://3sixtyshows.com',4000,'2025-04-18 19:58:46','2025-04-18 19:59:56'),(7,'NewPark Mall (Parking Lot)','newpark-mall-parking-lot','NewPark Mall (Parking Lot)','2086 Newpark Mall Roa','Newark','California','USA','94560',NULL,NULL,'info@3sixtyshows.com','1234567890','https://3sixtyshows.com',600,'2025-04-18 23:49:34','2025-04-18 23:49:34'),(8,'Renaissance Dallas Addison Hotel','renaissance-dallas-addison-hotel','Renaissance Dallas Addison Hotel','15201 Dallas Pkwy','Addison','Texas','USA','75001',NULL,NULL,'info@marriott.com','19723866000','https://www.marriott.com/en-us/hotels/dalic-renaissance-dallas-addison-hotel/overview/?scid=f2ae0541-1279-4f24-b197-a979c79310b0',1000,'2025-04-18 23:52:35','2025-04-18 23:52:35'),(9,'ROYAL BALL ROOM','royal-ball-room','ROYAL BALL ROOM','1050 KING GEORGES POST RD','Fords','New Jersry','USA','08863',NULL,NULL,'info@royalalbertpalace.com','7326611070','http://www.royalalbertspalace.com/',500,'2025-04-18 23:55:59','2025-04-18 23:55:59'),(10,'Sambuca 360','sambuca-360','Sambuca 360','Suite # 270 7200 Bishop Rd','Plano','Texas','USA','755024',NULL,NULL,'info@sambuca360.com','4694673393','http://www.sambuca360.com',500,'2025-04-18 23:58:48','2025-04-18 23:58:48'),(11,'Rayleigh Underground','rayleigh-underground','Rayleigh Underground','Suite 100 316 W Las Colinas Blvd.','Irving','Texas','USA','75039',NULL,NULL,'Info@rayleighunderground.com','(469) 960-6878','http://rayleighunderground.com',500,'2025-04-19 00:13:31','2025-04-19 00:13:31'),(12,'Curtis Culwell Center','curtis-culwell-center','Curtis Culwell Center','4999 Naaman Forest Boulevard','Garland','Texas','USA','75040',32.9593124,-96.6418400,'tickets@3sixtyshows.com','9999999999','http://www.curtisculwellcenter.com/',1000,'2025-04-21 00:22:26','2025-04-21 00:22:26'),(13,'Grand Center','grand-center','Grand Center','300 Chisholm Pl','Plano','Texas','USA','75075',NULL,NULL,'gagan@teletechteam.com','1 469-878-1112','https://www.facebook.com/thegrandcenter/',1000,'2025-04-21 01:29:50','2025-04-21 01:29:50'),(14,'To be Announced','to-be-announced','To be Announced','To be Announced','To be Announced',NULL,'To be Announced',NULL,NULL,NULL,NULL,NULL,NULL,NULL,'2025-07-30 02:54:12','2025-07-30 02:54:12'),(15,'Doubletree Dallas/Richardson','Doubletree Dallas','Doubletree Dallas/Richardson','Doubletree Dallas/Richardson','Dallas','Texas','USA',NULL,NULL,NULL,NULL,NULL,NULL,1000,'2025-07-30 23:42:40','2025-07-30 23:42:40'),(16,'300 Chisholm Pl, Plano','300 Chisholm Pl, Plano','300 Chisholm Pl, Plano','300 Chisholm Pl, Plano, TX 75075-6929, United States  · Plano','Plano','Texas','USA',NULL,NULL,NULL,NULL,NULL,NULL,1000,'2025-07-31 00:54:51','2025-07-31 00:54:51'),(17,'3Sixty Shows  · Dallas','3Sixty Shows  · Dallas','3Sixty Shows  · Dallas','3Sixty Shows  · Dallas','Dallas','Texas','USA',NULL,NULL,NULL,NULL,NULL,NULL,1000,'2025-07-31 01:01:52','2025-07-31 01:01:52'),(18,'Bashundhara Convention Hall','Bashundhara Convention Hall','Bashundhara Convention Hall','Bashundhara Convention Hall','Dhaka',NULL,'Bangladesh',NULL,NULL,NULL,NULL,NULL,NULL,1000,'2025-07-31 01:12:04','2025-07-31 01:12:04'),(19,'Vista Mall (Parking Lot)','Vista Mall (Parking Lot)','Vista Mall (Parking Lot) Dallas','Vista Mall (Parking Lot) Dallas','Dallas','Texas','USA',NULL,NULL,NULL,NULL,NULL,NULL,1000,'2025-08-01 00:25:02','2025-08-01 00:25:02'),(20,'Royal Ball Room','Royal Ball Room','Royal Ball Room 1050 KING GEORGES POST RD, FORDS, NJ 08863','Royal Ball Room 1050 KING GEORGES POST RD, FORDS, NJ 08863','New Jersey','New Jersey','USA','08863',NULL,NULL,NULL,NULL,NULL,1000,'2025-08-01 00:32:26','2025-08-01 00:32:26'),(21,'South Stemmons Freeway','South Stemmons Freeway','2401 South Stemmons Freeway Suite # 2414','2401 South Stemmons Freeway Suite # 2414','Dallas','Texas','USA','75067',NULL,NULL,NULL,NULL,NULL,NULL,'2025-08-01 13:17:31','2025-08-01 13:17:31'),(22,'Plano Event Center Plano','Plano Event Center  · Plano','Plano Event Center  · Plano','Plano Event Center  · Plano','Plano','Texas','USA',NULL,NULL,NULL,NULL,NULL,NULL,1999,'2025-08-01 19:53:53','2025-08-01 19:53:53'),(23,'Mar Thoma Event Center','Mar Thoma Event Center','Mar Thoma Event Center','400 East Las Colinas Boulevard, Irving, TX‎','Irving','Texas','USA','75234',NULL,NULL,'secretary@mtcfb.org','0014699729436','https://www.mtcfb.org/',1000,'2025-08-02 01:12:48','2025-08-02 01:12:48'),(24,'Charles W. Eisemann Center','Charles W. Eisemann Center','Charles W. Eisemann Center','Charles W. Eisemann Center','Richardson','Texas','USA',NULL,NULL,NULL,NULL,NULL,NULL,1000,'2025-08-02 01:38:58','2025-08-02 01:38:58'),(25,'Dallas Palms','Dallas Palms',NULL,'2424 Marsh Ln','Carrollton',NULL,'USA',NULL,NULL,NULL,NULL,NULL,NULL,NULL,'2025-08-02 02:37:12','2025-08-02 02:37:12'),(26,'Hilton Dallas','Hilton Dallas','Hilton Dallas','Hilton Dallas','Dallas','Texas','USA',NULL,NULL,NULL,NULL,NULL,NULL,1000,'2025-08-02 02:48:53','2025-08-02 02:48:53'),(27,'Plano Granite Park','Plano Granite Park','Plano Granite Park','Plano Granite Park','Plano',NULL,'USA',NULL,NULL,NULL,NULL,NULL,NULL,1000,'2025-08-02 02:49:47','2025-08-02 02:49:47'),(28,'Palazzo Versace Dubai','Palazzo Versace Dubai','Palazzo Versace Dubai','Palazzo Versace Dubai','Dubai',NULL,'UAE',NULL,NULL,NULL,NULL,NULL,NULL,1000,'2025-08-02 02:54:42','2025-08-02 02:54:42'),(29,'GAS MONKEY LIVE DALLAS','GAS MONKEY LIVE DALLAS','GAS MONKEY LIVE DALLAS','GAS MONKEY LIVE DALLAS','DALLAS',NULL,'USA',NULL,NULL,NULL,NULL,NULL,NULL,1000,'2025-08-02 03:03:01','2025-08-02 03:03:01'),(30,'Dubai Festival City Mall','Dubai Festival City Mall','Dubai Festival City Mall','Dubai Festival City Mall','DUBAI',NULL,'UAE',NULL,NULL,NULL,NULL,NULL,NULL,1000,'2025-08-02 03:08:41','2025-08-02 03:08:41'),(31,'MUSIC HALL AT FAIR PARK','MUSIC HALL AT FAIR PARK','MUSIC HALL AT FAIR PARK','MUSIC HALL AT FAIR PARK DALLAS TEXAS','DALLAS','TEXAS','USA',NULL,NULL,NULL,NULL,NULL,NULL,1000,'2025-08-02 20:43:17','2025-08-02 20:43:17'),(32,'MAGESTIC THEATER','MAGESTIC THEATER','MAGESTIC THEATER','MAGESTIC THEATER','DALLAS',NULL,'USA',NULL,NULL,NULL,NULL,NULL,NULL,1000,'2025-08-02 20:59:40','2025-08-02 20:59:40'),(33,'Manchester Evening News Arena','Manchester Evening News Arena','Manchester Evening News Arena','Manchester Evening News Arena','London',NULL,'UK',NULL,NULL,NULL,NULL,NULL,NULL,1000,'2025-08-02 22:40:44','2025-08-02 22:40:44'),(34,'IRVING CONVENTION CENTER','IRVING CONVENTION CENTER','IRVING CONVENTION CENTER','IRVING CONVENTION CENTER','IRVING','TEXAS','USA',NULL,NULL,NULL,NULL,NULL,NULL,1000,'2025-08-02 23:43:31','2025-08-02 23:43:31'),(36,'ROMA PALACE GARLAND','ROMA PALACE GARLAND','ROMA PALACE','ROMA PALACE 4550 W. Buckingham Rd. Garland TX, 75042','Garland','TEXAS','USA','75042',NULL,NULL,NULL,NULL,NULL,1000,'2025-08-03 02:07:00','2025-08-03 02:07:00'),(37,'American Airlines Center Dallas','American Airlines Center Dallas','American Airlines Center Dallas','American Airlines Center Dallas','DALLAS','TEXAS','USA',NULL,NULL,NULL,NULL,NULL,NULL,1000,'2025-08-03 17:01:58','2025-08-03 17:01:58'),(38,'HYATT REGENCY NORTH DALLAS RICHARDSON','HYATT REGENCY NORTH DALLAS RICHARDSON','HYATT REGENCY NORTH DALLAS RICHARDSON','HYATT REGENCY NORTH DALLAS RICHARDSON','DALLAS','TEXAS','USA',NULL,NULL,NULL,NULL,NULL,NULL,1000,'2025-08-03 17:19:03','2025-08-03 17:19:03'),(39,'The Black Academy of Arts and Letters','The Black Academy of Arts and Letters','The Black Academy of Arts and Letters','The Black Academy of Arts and Letters','DALLAS','TEXAS','USA',NULL,NULL,NULL,NULL,NULL,NULL,1000,'2025-08-03 18:20:12','2025-08-03 18:20:12'),(40,'Malachite Room at the Renaissance in Addison','Malachite Room at the Renaissance in Addison','Malachite Room at the Renaissance in Addison','Malachite Room at the Renaissance in Addison','Addison',NULL,'USA',NULL,NULL,NULL,NULL,NULL,NULL,100,'2025-08-06 01:55:52','2025-08-06 01:55:52'),(41,'Mumbai Arena','mumbai-arena',NULL,'123 Entertainment District','Mumbai','Maharashtra','India',NULL,NULL,NULL,NULL,NULL,NULL,500,'2025-08-07 02:06:45','2025-08-07 02:06:45'),(43,'SAPPHIRE CENTER','SAPPHIRE CENTER','SAPPHIRE CENTER\r\n1300 N MAIN ST, EULESS, TX 76039','SAPPHIRE CENTER 1300 N MAIN ST, EULESS, TX 76039','ST, EULESS','TEXAS','USA','76039',NULL,NULL,NULL,NULL,NULL,1000,'2025-08-24 06:08:14','2025-08-24 06:08:14'),(44,'PRISM LASCOLINAS','PRISM LASCOLINAS',NULL,'350 E ROYAL LN SUITE #123, IRVING, TX 75039','IRVING','Texas','USA','75039',NULL,NULL,NULL,NULL,NULL,1000,'2025-12-07 00:45:40','2025-12-07 00:45:40'),(45,'IMMANUEL CENTER','IMMANUEL CENTER','IMMANUEL CENTER','12801 SUGAR RIDGE BLVD, STAFFORD, TX, 77477','STAFFORD','Texas','USA','77477',NULL,NULL,NULL,NULL,NULL,1000,'2025-12-07 00:48:01','2025-12-07 00:48:01'),(46,'SAHARA BAR & LOUNGE','SAHARA BAR & LOUNGE','SAHARA BAR & LOUNGE','2077 BEAVER RUIN RD #140, NORCROSS, GA 30071','NORCROSS',NULL,'USA','30071',NULL,NULL,NULL,NULL,NULL,1000,'2025-12-07 01:12:32','2025-12-07 01:12:32'),(47,'PARLOR BANQUET','parlor-banquet',NULL,'2863 WOODBRIDGE AVE, EDISON NJ 08837','New Jersy',NULL,'USA',NULL,NULL,NULL,NULL,NULL,NULL,NULL,'2026-01-15 09:37:32','2026-01-15 09:37:32'),(48,'MGM NATIONAL HARBOR','mgm-national-harbor','MGM NATIONAL HARBOR','101 MGM National Ave, Oxon Hill, MD 20745','3019715000','Alabama','USA',NULL,NULL,NULL,'guestservices@mgmnationalharbor.com','3019715000','https://mgmnationalharbor.mgmresorts.com',3000,'2026-01-15 20:35:07','2026-01-15 20:35:07'),(49,'The MATRIX CLUB','the-matrix-club','The MATRIX CLUB','The MATRIX CLUB 808 ILLINOIS RTE 59, NAPERVILLE, IL 60540','Naperville','Illinois','USA','60540',NULL,NULL,'info@MatrixVenue.com','6305817200','https://matrixvenue.com/',3000,'2026-01-15 20:45:40','2026-01-15 20:45:40'),(51,'PARLOR BANQUET','PARLOR BANQUET','PARLOR BANQUET','2863 WOODBRIDGE AVE, EDISON NJ 08837','Edison','New Jersy','USA','08837',NULL,NULL,'info@parlorbanquet.com','+17325492900','https://www.parlorbanquet.com/',1000,'2026-01-15 20:54:32','2026-01-15 20:54:32'),(52,'San Jose Civic Center','San Jose Civic Center','San Jose Civic Center','408 S Almaden Boulevard San Jose, CA 95110','San Jose','California','USA','95110',NULL,NULL,'sales@sanjose.org','18007265673','https://sanjosetheaters.org/theaters/san-jose-civic/',3000,'2026-01-15 21:55:57','2026-01-15 21:55:57'),(53,'Embassy Grand Convention Centre','embassy-grand-convention-centre','8800 The Gore Road\r\nBrampton, ON L6P 0B1','8800 The Gore Road  Brampton, ON L6P 0B1','Toronto',NULL,'Canada',NULL,NULL,NULL,'contactus@embassygrand.com','905-794-9588','https://www.embassygrand.ca/',1000,'2026-02-27 06:09:06','2026-02-27 06:09:06'),(54,'The Royal King Palace and Convention Center','the-royal-king-palace-and-convention-center','The Royal King Palace and Convention Center','#365, 8158, 128 Street, Surrey, BC V3W 1R1','Vancouver',NULL,'Canada',NULL,NULL,NULL,'info@royalkingpalace.com','+16045946161','https://royalkingpalace.com/',1000,'2026-02-27 06:24:45','2026-02-27 06:24:45'),(55,'Fort Bend Epicenter, Rosenberg','fort-bend-epicenter-rosenberg','Fort Bend Epicenter, Rosenberg','28505 Southwest Freeway Rosenberg, TX 77471','Houston',NULL,'USA',NULL,NULL,NULL,'info@thefortbendepicenter.com','(346)702-4445','https://fbepicenter.com/',1000,'2026-02-27 07:22:13','2026-02-27 07:22:13');
/*!40000 ALTER TABLE `venues` ENABLE KEYS */;
UNLOCK TABLES;

--
-- Table structure for table `video_galleries`
--

DROP TABLE IF EXISTS `video_galleries`;
/*!40101 SET @saved_cs_client     = @@character_set_client */;
/*!50503 SET character_set_client = utf8mb4 */;
CREATE TABLE `video_galleries` (
  `id` bigint unsigned NOT NULL AUTO_INCREMENT,
  `show_id` bigint unsigned NOT NULL,
  `title` varchar(255) CHARACTER SET utf8mb4 COLLATE utf8mb4_unicode_ci NOT NULL,
  `video_url` varchar(255) CHARACTER SET utf8mb4 COLLATE utf8mb4_unicode_ci NOT NULL,
  `thumbnail` varchar(255) CHARACTER SET utf8mb4 COLLATE utf8mb4_unicode_ci DEFAULT NULL,
  `description` text CHARACTER SET utf8mb4 COLLATE utf8mb4_unicode_ci,
  `video_type` varchar(255) CHARACTER SET utf8mb4 COLLATE utf8mb4_unicode_ci NOT NULL DEFAULT 'youtube',
  `display_order` int NOT NULL DEFAULT '0',
  `is_featured` tinyint(1) NOT NULL DEFAULT '0',
  `is_active` tinyint(1) NOT NULL DEFAULT '1',
  `created_at` timestamp NULL DEFAULT NULL,
  `updated_at` timestamp NULL DEFAULT NULL,
  PRIMARY KEY (`id`),
  KEY `video_galleries_show_id_foreign` (`show_id`),
  CONSTRAINT `video_galleries_show_id_foreign` FOREIGN KEY (`show_id`) REFERENCES `shows` (`id`) ON DELETE CASCADE
) ENGINE=InnoDB AUTO_INCREMENT=8 DEFAULT CHARSET=utf8mb4 COLLATE=utf8mb4_unicode_ci;
/*!40101 SET character_set_client = @saved_cs_client */;

--
-- Dumping data for table `video_galleries`
--

LOCK TABLES `video_galleries` WRITE;
/*!40000 ALTER TABLE `video_galleries` DISABLE KEYS */;
INSERT INTO `video_galleries` VALUES (3,1,'Hrithik Roshan Chicago','https://youtu.be/6HBWly-NKwY','photos/zgjPVz6Gv3dnxpRQdVrVh94swljqzburjI2Q6s8g.jpg','Hrithik Roshan Chicago','youtube',0,1,1,'2025-05-03 01:23:24','2025-05-03 01:55:37'),(5,5,'Holi with Shezada of Bollywood Kartik Aryan 2023','https://youtu.be/6HBWly-NKwY','photos/Apy23vLJXpJTiPLQ1kuXizGl7vVid1aMVvkIHzbN.jpg','Holi with Shezada of Bollywood Kartik Aryan 2023','youtube',0,0,1,'2025-08-10 13:51:34','2025-08-10 13:51:34'),(6,49,'Sonu Nigam & Neha Kakkar Live in Dallas','https://youtu.be/WrsKSXVphT4','photos/2PSrdtDS85w4VdE5wDSdtjYJh4eskabUR4f9QWnf.jpg','Sonu Nigam & Neha Kakkar Live in Dallas','youtube',0,0,1,'2025-08-10 13:58:22','2025-08-10 13:58:22'),(7,88,'Bismil ki Mehfil','https://youtube.com/shorts/H0u37cmRkto?feature=share','photos/Vz2RhfZZkG3SuQ7TKNAeFGs3rVaUTA6vv6bgzKlC.jpg','Bismil Ki Mehfil','youtube',0,1,1,'2026-01-31 01:51:05','2026-01-31 01:51:05');
/*!40000 ALTER TABLE `video_galleries` ENABLE KEYS */;
UNLOCK TABLES;

--
-- Table structure for table `videosin_galleries`
--

DROP TABLE IF EXISTS `videosin_galleries`;
/*!40101 SET @saved_cs_client     = @@character_set_client */;
/*!50503 SET character_set_client = utf8mb4 */;
CREATE TABLE `videosin_galleries` (
  `id` bigint unsigned NOT NULL AUTO_INCREMENT,
  `video_gallery_id` bigint unsigned NOT NULL,
  `image` varchar(255) CHARACTER SET utf8mb4 COLLATE utf8mb4_unicode_ci DEFAULT NULL,
  `description` text CHARACTER SET utf8mb4 COLLATE utf8mb4_unicode_ci,
  `youtubelink` varchar(255) CHARACTER SET utf8mb4 COLLATE utf8mb4_unicode_ci DEFAULT NULL,
  `display_order` int NOT NULL DEFAULT '0',
  `is_active` tinyint(1) NOT NULL DEFAULT '1',
  `created_at` timestamp NULL DEFAULT NULL,
  `updated_at` timestamp NULL DEFAULT NULL,
  PRIMARY KEY (`id`),
  KEY `videosin_galleries_video_gallery_id_display_order_index` (`video_gallery_id`,`display_order`),
  KEY `videosin_galleries_is_active_index` (`is_active`),
  CONSTRAINT `videosin_galleries_video_gallery_id_foreign` FOREIGN KEY (`video_gallery_id`) REFERENCES `video_galleries` (`id`) ON DELETE CASCADE
) ENGINE=InnoDB AUTO_INCREMENT=9 DEFAULT CHARSET=utf8mb4 COLLATE=utf8mb4_unicode_ci;
/*!40101 SET character_set_client = @saved_cs_client */;

--
-- Dumping data for table `videosin_galleries`
--

LOCK TABLES `videosin_galleries` WRITE;
/*!40000 ALTER TABLE `videosin_galleries` DISABLE KEYS */;
INSERT INTO `videosin_galleries` VALUES (1,3,'/storage/uploads/videos_in_galleries/1752772267_Eventbrite Ticket Chicago.webp','Hrithik Video Chicago 1','https://www.youtube.com/shorts/Fo_3jiXg53I',0,1,'2025-07-17 03:45:43','2025-07-17 22:23:31'),(3,5,'/storage/uploads/videos_in_galleries/1754816537_kartikaryan_4march2023.jpg','Come with us to the biggest Holi celebration in Dallas!! Kartik Aaryan #kartikaaryan #holi #dallas','https://www.youtube.com/watch?v=GONE4Eri8LE',0,1,'2025-08-10 14:02:17','2025-08-10 14:02:17'),(6,5,'/storage/uploads/videos_in_galleries/1754819273_kartikposter1.jpeg','????????#holi #dallas #kartikaaryan #bollywood #india #shehzada #texas #indiausa','https://youtu.be/6HBWly-NKwY',0,1,'2025-08-10 14:47:53','2025-08-10 14:47:53'),(7,5,'/storage/uploads/videos_in_galleries/1754819770_kartikposter2.jpeg','Kartik Aaryan in Dallas','https://youtu.be/a5qwYJblvPc',0,1,'2025-08-10 14:56:10','2025-08-10 14:56:10'),(8,7,'/storage/uploads/videos_in_galleries/1769802767_BISMILDALLAS_hamza_24122025.jpeg','Bismil ki Mehfil','https://youtube.com/shorts/H0u37cmRkto?feature=share',0,1,'2026-01-31 01:52:47','2026-01-31 01:52:47');
/*!40000 ALTER TABLE `videosin_galleries` ENABLE KEYS */;
UNLOCK TABLES;

--
-- Table structure for table `webhook_logs`
--

DROP TABLE IF EXISTS `webhook_logs`;
/*!40101 SET @saved_cs_client     = @@character_set_client */;
/*!50503 SET character_set_client = utf8mb4 */;
CREATE TABLE `webhook_logs` (
  `id` bigint unsigned NOT NULL AUTO_INCREMENT,
  `webhook_id` varchar(255) CHARACTER SET utf8mb4 COLLATE utf8mb4_unicode_ci NOT NULL,
  `status` varchar(50) CHARACTER SET utf8mb4 COLLATE utf8mb4_unicode_ci NOT NULL,
  `event_type` varchar(100) CHARACTER SET utf8mb4 COLLATE utf8mb4_unicode_ci DEFAULT NULL,
  `payload` longtext CHARACTER SET utf8mb4 COLLATE utf8mb4_unicode_ci NOT NULL,
  `headers` text CHARACTER SET utf8mb4 COLLATE utf8mb4_unicode_ci,
  `additional_data` text CHARACTER SET utf8mb4 COLLATE utf8mb4_unicode_ci,
  `resource_id` varchar(255) CHARACTER SET utf8mb4 COLLATE utf8mb4_unicode_ci DEFAULT NULL,
  `booking_id` bigint unsigned DEFAULT NULL,
  `processed_at` timestamp NOT NULL DEFAULT CURRENT_TIMESTAMP ON UPDATE CURRENT_TIMESTAMP,
  `processing_time_ms` int DEFAULT NULL,
  `created_at` timestamp NULL DEFAULT NULL,
  `updated_at` timestamp NULL DEFAULT NULL,
  PRIMARY KEY (`id`),
  UNIQUE KEY `webhook_logs_webhook_id_unique` (`webhook_id`),
  KEY `webhook_logs_status_processed_at_index` (`status`,`processed_at`),
  KEY `webhook_logs_event_type_processed_at_index` (`event_type`,`processed_at`),
  KEY `webhook_logs_status_index` (`status`),
  KEY `webhook_logs_event_type_index` (`event_type`),
  KEY `webhook_logs_resource_id_index` (`resource_id`),
  KEY `webhook_logs_booking_id_index` (`booking_id`),
  CONSTRAINT `webhook_logs_booking_id_foreign` FOREIGN KEY (`booking_id`) REFERENCES `bookings` (`id`) ON DELETE SET NULL
) ENGINE=InnoDB DEFAULT CHARSET=utf8mb4 COLLATE=utf8mb4_unicode_ci;
/*!40101 SET character_set_client = @saved_cs_client */;

--
-- Dumping data for table `webhook_logs`
--

LOCK TABLES `webhook_logs` WRITE;
/*!40000 ALTER TABLE `webhook_logs` DISABLE KEYS */;
/*!40000 ALTER TABLE `webhook_logs` ENABLE KEYS */;
UNLOCK TABLES;
/*!40103 SET TIME_ZONE=@OLD_TIME_ZONE */;

/*!40101 SET SQL_MODE=@OLD_SQL_MODE */;
/*!40014 SET FOREIGN_KEY_CHECKS=@OLD_FOREIGN_KEY_CHECKS */;
/*!40014 SET UNIQUE_CHECKS=@OLD_UNIQUE_CHECKS */;
/*!40101 SET CHARACTER_SET_CLIENT=@OLD_CHARACTER_SET_CLIENT */;
/*!40101 SET CHARACTER_SET_RESULTS=@OLD_CHARACTER_SET_RESULTS */;
/*!40101 SET COLLATION_CONNECTION=@OLD_COLLATION_CONNECTION */;
/*!40111 SET SQL_NOTES=@OLD_SQL_NOTES */;

-- Dump completed on 2026-03-10  2:08:20
